,Date,Open,High,Low,Close,Volume,return,5_d_mean_return,21_d_mean_return,63_d_mean_return,21_d_cum_return,63_d_cum_return,rsi14,macd_histogram,10_d_volatility,21_d_volatility,63_d_volatility,21_d_std_volatility,atr_14_d,dist_from_high,rolling_max_drawdown_63,SMA_20,SMA_50,SMA_200,price_per_sma_200,(SMA20 − SMA50)per_Price,(SMA50 − SMA200)per_Price,trend_strength_sma50,p(calm),p(stress),target
0,2021-10-21 00:00:00-04:00,425.8419419107225,427.7837117980896,425.4083503502905,427.5574951171875,41305400,0.0026049222919264,0.0049506486905546,0.00168069878228,0.0005357762178925,0.0352946744278801,0.0337539017272297,73.81269602468318,2.1952942938743627,0.0065730178264852,0.0091468654913454,0.0070491422291539,0.0010752965684059,0.0108514992641598,0.0,-0.0511413588430826,414.1323822021485,417.2145526123047,391.6631594848633,1.0916459328968655,-0.0072087858249601,0.0597613032615371,0.0004950391871525,0.9663842251647157,0.03361577483528439,0
1,2021-10-22 00:00:00-04:00,427.1238151646005,428.57543902090026,425.1631751155016,427.1143798828125,58845100,-0.0010369248995788,0.0032258771992355,0.0010562357768734,0.0004803994680318,0.0221809513143423,0.0302651664860087,84.4787678591297,2.1242210915054622,0.006508483669456,0.0088442651658309,0.0070475506950618,0.0009796722955003,0.0101912387281326,-0.0010363874787262,-0.0511413588430826,414.56645050048826,417.3923547363281,392.0293267822266,1.089495990997826,-0.0066162704159368,0.0593822852816624,0.0004162869067348,0.98218494823125,0.01781505176875005,1
2,2021-10-25 00:00:00-04:00,428.2079275863371,429.7349478242848,426.4264135641018,429.405029296875,45214500,0.0053487518219364,0.0037044207516287,0.0012325610936822,0.0006378095215282,0.0258837829673279,0.0401819998562792,83.53746655549128,2.107268702427451,0.0053199510575071,0.0088933840292129,0.0070437193189815,0.0008624387494986,0.0096131819504863,0.0,-0.0511413588430826,415.1749069213867,417.6007476806641,392.3968659973145,1.094313096016964,-0.0056493068170383,0.0586948916844766,0.0004853062496198,0.9844526309913855,0.015547369008614611,1
3,2021-10-26 00:00:00-04:00,430.9602960997976,432.17623944578014,429.4144055056858,429.79144287109375,56075100,0.0008994766919756,0.002347275348344,0.0014118239553784,0.0006585952717359,0.0296483030629475,0.0414915021193634,82.82413280490722,1.9988000885876684,0.004907870457869,0.0088444653139069,0.0070425093661744,0.0007007101658328,0.0088776507684942,0.0,-0.0511413588430826,416.2230880737305,417.7971380615234,392.77833236694335,1.0942340945364877,-0.0036623576711485,0.0582115026010043,0.0004569434410964,0.9881781037819766,0.01182189621802347,0
4,2021-10-27 00:00:00-04:00,430.2533756233547,430.9226191594301,427.8119959153504,427.8874206542969,72438000,-0.0044399493228173,0.0006752553166884,0.0021698112450351,0.0005224238205863,0.0455660361457375,0.0329127006969385,75.18137960545201,1.6879310509798615,0.0057527010751822,0.0074590808338547,0.0070570542930123,0.0007391621679804,0.0083695806649905,-0.0044301073192095,-0.0511413588430826,417.1416595458985,418.0105078125,393.1499053955078,1.0883569213220163,-0.0020305534228442,0.0581008022600361,0.0004986586206491,0.99213232187891,0.007867678121090018,1
5,2021-10-28 00:00:00-04:00,429.3202090669471,432.0914787426204,429.3108025483984,432.0160827636719,51437900,0.0096026910434008,0.0020748090669833,0.0025469934792344,0.0007521209246023,0.0534868630639231,0.0473836182499468,80.15939677388565,1.6476423014874104,0.004301690144247,0.0076314472815812,0.0071140401413857,0.0007497673879176,0.0085638911231559,0.0,-0.0511413588430826,418.5169281005859,418.3977795410156,393.53736114501953,1.097776540216401,0.000275796583331,0.0575451224800712,0.000896428961714,0.9902526401581395,0.009747359841860549,1
6,2021-10-29 00:00:00-04:00,429.7065898490118,433.1848147434218,429.41438374816806,432.8926086425781,70162400,0.0020268640786997,0.002687566862639,0.0032291172781384,0.0008176317605403,0.0678114628409063,0.0515108009140445,88.76252922805239,1.567760990662613,0.0040696446107176,0.0068370796106703,0.0071063480776285,0.0008767875983766,0.0082914741993232,0.0,-0.0511413588430826,419.6956588745117,418.78980224609376,393.9354075622559,1.0988923573064846,0.0020925666327693,0.0574146894348088,0.000905588816375,0.9835031040643645,0.016496895935635348,1
7,2021-11-01 00:00:00-04:00,433.8823265151999,434.2593926199993,431.9028732955281,433.6372680664063,48433600,0.0017187165201176,0.0019615598022753,0.0027483834960188,0.0007163020472245,0.0577160534163954,0.0451270289751468,92.06991908143824,1.4552626862190037,0.0040884339166858,0.0065522472646577,0.0070460550583308,0.0010350842860703,0.008149916383667,0.0,-0.0511413588430826,421.1755477905273,419.1309478759766,394.3500587463379,1.099625214828076,0.0047150004511089,0.0571465853018975,0.0007867073589038,0.9909611871217197,0.009038812878280502,1
8,2021-11-02 00:00:00-04:00,433.80692885371445,435.7015795883174,433.6749499643309,435.3905029296875,48908400,0.0040349395047156,0.0025886523648233,0.0035586055330372,0.0008586183065239,0.074730716193781,0.0540929533110106,92.14498147338664,1.389266119383378,0.0037565630110825,0.005473276502452,0.0070206524896043,0.0012902465373754,0.0077583349069043,0.0,-0.0511413588430826,422.5328994750977,419.4338684082031,394.7597073364258,1.1029253868572635,0.0071178196263849,0.0566713350561118,0.0006957444643101,0.9719228060242436,0.028077193975755945,1
9,2021-11-03 00:00:00-04:00,434.8249443690879,438.4539899664902,434.381917575128,438.0486755371094,52509800,0.0060866992907908,0.0046939820875449,0.0033555381337767,0.0008550287162785,0.0704663008093109,0.0538668091255485,90.84543253608336,1.4104601841054425,0.0039090052273399,0.0052845161902731,0.0070178760829362,0.0014986679773384,0.0072255495165251,0.0,-0.0511413588430826,423.9383255004883,419.7766107177735,395.158189239502,1.1085400415973965,0.0095005761120313,0.0562001961268022,0.0007824297360335,0.9787933153368494,0.021206684663150375,1
10,2021-11-04 00:00:00-04:00,438.6519776741961,440.1978683644072,438.3032173703606,440.113037109375,52847100,0.0047015608747344,0.0037137560538116,0.0033819243208724,0.0009034470334646,0.071020410738322,0.0569171631082695,90.43030112244352,1.4440822625512366,0.0039601488703994,0.0052900484769724,0.0070339619328467,0.0016554675618522,0.0069652529465576,0.0,-0.0511413588430826,425.26976165771487,420.1429760742187,395.5653594970703,1.1126177420311614,0.0116487928127929,0.05584387306173,0.0008324346828067,0.9730969461507919,0.026903053849207926,1
11,2021-11-05 00:00:00-04:00,442.34697047164906,443.63833850613855,440.1224299556743,441.6400146484375,66390600,0.0034635072994002,0.0040010846979517,0.0031369297516084,0.0009713449229077,0.0658755247837778,0.0611947301431891,90.53937529444904,1.4461455051623275,0.003711681969642,0.0051532633686337,0.007037760034272,0.0017783542644291,0.0068588379817834,0.0,-0.0511413588430826,426.7152526855469,420.58967956542966,395.9865124511719,1.1152905484448667,0.0138700591362705,0.0557086457255076,0.0010114651670921,0.9733978490901606,0.02660215090983925,1
12,2021-11-08 00:00:00-05:00,442.7428551593152,443.24243609752784,441.3289435870791,442.01702880859375,50405200,0.0008533043126268,0.0038280022564536,0.003264491030661,0.0009651557958839,0.0685543116438821,0.0608048151406882,89.29936890610391,1.351636087832441,0.0037141741531444,0.0050565312555708,0.0070376885355675,0.0018761958283412,0.0066260327762714,0.0,-0.0511413588430826,428.3289932250976,420.96894470214846,396.40250274658206,1.115071236296338,0.0166510519804798,0.0555780441802942,0.0008580328629896,0.9531708714909239,0.04682912850907633,0
13,2021-11-09 00:00:00-05:00,442.3846610297126,442.6203129591669,439.142088179134,440.5559997558594,51149100,-0.003310843046545,0.0023588457462014,0.0034528256946257,0.0008732100610993,0.0725093395871401,0.0550122338492585,82.47276864408565,1.0811708621059957,0.004175479457521,0.0047062288079601,0.0070553723020801,0.0019707654887125,0.0068925236139574,-0.0033053682494369,-0.0511413588430826,429.9201110839844,421.2817797851562,396.81398849487306,1.1102330374664993,0.0196077940230417,0.0555384362120646,0.0007100915279354,0.8738900483343162,0.12610995166568373,0
14,2021-11-10 00:00:00-05:00,438.8593747730552,440.5560862579335,435.52256350840406,437.0118713378906,69429700,-0.0080772047457494,-0.0004739350611065,0.0031855550955391,0.000697500503375,0.0668966570063211,0.0439425317126284,69.56701333053745,0.579195436479873,0.0049341451634987,0.0051932566039364,0.0071390868100644,0.0020030355862215,0.0073828916503336,-0.0113234494250005,-0.0511413588430826,431.2605026245117,421.5363232421875,397.2515336608887,1.1000885693519893,0.0222515222585467,0.0555700912813926,0.0005824634837767,0.7042047762973522,0.29579522370264755,1
15,2021-11-11 00:00:00-05:00,438.5104945172473,438.5859192378718,437.1342954099264,437.1531372070313,34848500,0.0003232018417335,-0.0013496068677067,0.0030299460177007,0.0006737703242027,0.0636288663717151,0.0424475304247728,71.03933482571155,0.1923014340322719,0.0041840154747133,0.0052293329970427,0.0071377860920288,0.0020098841522746,0.0070801508426263,-0.0110038556991176,-0.0511413588430826,432.26296081542966,421.7891827392578,397.6747563171386,1.0992730372314838,0.0239590596171601,0.0551624233470817,0.0005784231555235,0.7108137037306793,0.28918629626932035,1
16,2021-11-12 00:00:00-05:00,438.4257305483091,441.0084666869661,437.4736874755457,440.4523315429688,53466700,0.0075186629879534,-0.0005385757299961,0.0025936522717222,0.0007557835567384,0.0544666977061678,0.0476143640745201,72.21397205196871,0.0989131844430959,0.0046425156867937,0.0043400632275818,0.0071868925528655,0.0020081077911067,0.0071157914936776,-0.0035399026816737,-0.0511413588430826,433.271549987793,422.0819030761719,398.1497599792481,1.10624788915087,0.0254048988057847,0.0543353761191047,0.0006645902767472,0.908983172265184,0.09101682773481566,1
17,2021-11-15 00:00:00-05:00,441.74375614047045,441.90398336577135,439.4720677725637,440.6031799316406,46980500,0.0003424265285927,-0.0006407512868029,0.0022486757941782,0.0008656118754909,0.0472221916777438,0.0545335481559317,71.9482231603102,-0.0067613054451349,0.0046632825300327,0.004209269304499,0.0071256387440609,0.0019619188717808,0.0070583503942016,-0.0031986298825726,-0.0511413588430826,434.225471496582,422.3797082519531,398.5967668151856,1.1053857346914504,0.0268853330710567,0.0539781429640554,0.0006759033737055,0.9441737498863678,0.05582625011363241,1
18,2021-11-16 00:00:00-05:00,440.33925603652415,443.4875628369249,440.2638600648137,442.3470153808594,48857500,0.003950025099613,0.0008114223424286,0.0022960087008279,0.0011029976375976,0.0482161827173863,0.069488851168651,79.54566429292993,-0.0129208182715023,0.0046584179425758,0.004223186870207,0.0069712294817809,0.0018899986088876,0.0070487843920852,0.0,-0.0511413588430826,435.1039855957032,422.74283508300783,399.0276625061035,1.1085622801253616,0.0279444646010607,0.0536121455606196,0.0008209094182359,0.9718218747716397,0.028178125228360246,0
19,2021-11-17 00:00:00-05:00,442.0830593222482,442.2621571059914,440.6503058184097,441.2724304199219,47858300,-0.0024322359490709,0.0019404161017643,0.001814225859996,0.0010398309527876,0.0380987430599168,0.0655093500256218,71.61099188604553,-0.1362189366341848,0.0045206398979544,0.004154182306022,0.0069851543511598,0.0018432139405454,0.0066600861781205,-0.0024292804598495,-0.0511413588430826,435.8453475952148,423.0948046875,399.4517846679688,1.104695103031559,0.028894945681472,0.053579191423838,0.0007976242797612,0.9780982680784226,0.02190173192157761,1
20,2021-11-18 00:00:00-05:00,442.3092818090162,443.0351082367169,439.57572489933375,442.7711791992188,50625600,0.0033906703218502,0.0025539097977877,0.001789012502205,0.0009678511639721,0.0375692625463061,0.0609746233302469,72.41252771265525,-0.1619391544542896,0.0044104445365954,0.0041423515048262,0.0069362496353393,0.0017610596434877,0.0065873635453249,0.0,-0.0511413588430826,436.6060317993164,423.51301818847656,399.86314453125,1.10730680047612,0.0295706094387611,0.0534133086530134,0.0009445364120874,0.9891908210682984,0.010809178931701786,0
21,2021-11-19 00:00:00-05:00,442.6580200946424,443.9117045350223,441.6117392799599,441.9793701171875,57315600,-0.0017899040447953,0.0006921963912379,0.0015797350575992,0.0008004218832117,0.0331744362095845,0.0504265786423403,68.88617746874343,-0.2709600977528357,0.0043441266654548,0.0042095410476138,0.0068721823672704,0.0016504722423089,0.0065900251127532,-0.0017883031218592,-0.0511413588430826,437.3492813110352,423.9819171142578,400.2634510803223,1.1042211546526988,0.0302443170441033,0.053664192579049,0.0010609068148519,0.9925416257799494,0.007458374220050214,0
22,2021-11-22 00:00:00-05:00,443.8646027534461,446.3625076815008,440.5277630718727,440.7351379394531,72762000,-0.0028191062691461,5.988983169017909e-05,0.001494869278096,0.0007304977822484,0.0313922548400171,0.0460213602816514,62.38548589904796,-0.4547322761343384,0.004425653228247,0.0042822678927535,0.0068864556808276,0.00152470300154,0.007219691655152,-0.0045984051253018,-0.0511413588430826,437.91578674316406,424.4045111083984,400.6444676208496,1.100065453434748,0.0306562251830753,0.0539100276838215,0.000958838898383,0.9939257754139912,0.00607422458600902,1
23,2021-11-23 00:00:00-05:00,440.4052188410492,442.1773261131567,437.79420558269936,441.3195495605469,73206500,0.0013251144512717,-0.000465092297978,0.0013032674985405,0.0007182594950988,0.0273686174693524,0.0452503481912265,58.38580656468291,-0.5579872371978141,0.0043155473957698,0.0041902376786118,0.0068846744781379,0.0013488381543068,0.0072604749210078,-0.003278509774049,-0.0511413588430826,438.49219207763673,424.8840789794922,401.0296195983887,1.1004662199328483,0.0308350561666599,0.0540525780125922,0.0010866680879451,0.9972964074766085,0.0027035925233918983,1
24,2021-11-24 00:00:00-05:00,439.3117535073813,442.6203158234828,438.4916893901504,442.4977722167969,61858800,0.002666214669452,0.0005545978257265,0.0013873978784204,0.0008545592464976,0.0291353554468291,0.0538372325293547,56.40496443553398,-0.566195371848818,0.0032355685244612,0.0041994510218789,0.0068359472103116,0.0011072898806543,0.0075606654914693,-0.0006174904674607,-0.0511413588430826,439.2227096557617,425.3174938964844,401.421456451416,1.102327155425366,0.0314243746123644,0.0540026163868702,0.0009794736701631,0.9985570615854934,0.001442938414506705,0
25,2021-11-26 00:00:00-05:00,435.8051840083933,437.2756495282718,431.4974604745736,432.6286010742188,112669600,-0.022555804198684,-0.0046346970783803,0.0005247381224267,0.0003552434004512,0.0110195005709623,0.0223803342284296,33.286505406531305,-1.2181281028187056,0.008216639781467,0.0066196635452931,0.0073669513433591,0.0010317385358625,0.0089672918924193,-0.0229070422861387,-0.0511413588430826,439.2533355712891,425.5668682861328,401.7610069274903,1.0768307367178107,0.0316356044218359,0.0550260923561977,0.0005764167903583,0.9944796475836485,0.005520352416351459,1
26,2021-11-29 00:00:00-05:00,437.43599642318605,439.78308057442894,435.23029768476994,437.9355773925781,86268800,0.0121921902816925,-0.0018382782130827,0.0006480476099644,0.0004791181342995,0.0136089998092537,0.0301844424608693,43.60042529530941,-1.268076911660554,0.0088649006062976,0.006818356876429,0.0075002635028849,0.0009432189814963,0.0097134450361923,-0.0109212207880967,-0.0511413588430826,439.505484008789,426.00423828125,402.1180838012695,1.089072078660879,0.0308292964182631,0.0545426215933314,0.0009987085263116,0.9968737238414922,0.0031262761585077966,0
27,2021-11-30 00:00:00-05:00,435.4847636522218,437.3982561600495,429.1692804651093,429.4143676757813,148559600,-0.0196494712073892,-0.0052043512007313,-0.0003841588322302,0.0001907564472066,-0.0080673354768352,0.0120176561740192,35.697019985598644,-1.8176877851955824,0.0106998581483348,0.0081163830991638,0.0079146840811828,0.0010933989675191,0.0107858119060317,-0.0301663977939896,-0.0511413588430826,439.2943389892578,426.4099359130859,402.4341418457032,1.0670425866611053,0.0300045924078161,0.0558337025310832,0.0009447695800951,0.9797832882371533,0.020216711762846916,0
28,2021-12-01 00:00:00-05:00,435.1455016825328,438.0016023173936,424.4468968317913,424.6448364257813,131939200,-0.0111692042207134,-0.0077032149351284,-0.0009978693436983,5.034849250737433e-06,-0.0209552562176663,0.000317195502796,34.608176855007855,-2.4080994173489745,0.010743947668311,0.0084305965361365,0.0080428064757325,0.001277982612287,0.0123402854802731,-0.0409383980371536,-0.0511413588430826,438.7570556640625,426.7279711914063,402.7259321594239,1.0544263542921803,0.0283274007848642,0.0565226207246663,0.0007489441788512,0.8838230925400485,0.11617690745995166,1
29,2021-12-02 00:00:00-05:00,424.8615355508464,432.7228795133901,424.4656277002271,431.1487121582031,127637800,0.0151999298495132,-0.0051964718991161,-0.0004662031368032,0.0001975397345425,-0.0097902658728686,0.0124450032761823,43.54871392663057,-2.2682027786314363,0.0123690896977814,0.0090901117837864,0.0082596188111535,0.0015339186157799,0.013261341286819,-0.0262493757205146,-0.050910908079357,438.4120574951172,427.0963415527344,403.05803619384767,1.069693873938406,0.0262455056069626,0.055754092917402,0.0008543928137559,0.5447558105594219,0.45524418944057826,0
30,2021-12-03 00:00:00-05:00,432.8172731448889,433.8823958863184,423.1555423697948,427.3972778320313,137331600,-0.0087390966708806,-0.0024331303935555,-0.0011721934206923,6.267855017969247e-05,-0.0246160618345401,0.0039487486613202,36.10836171489584,-2.327196913846662,0.0123414685300673,0.0091313635732441,0.0083359351308018,0.0017382770139909,0.0145261415661449,-0.0347220010909296,-0.0475050144317792,437.77626953125,427.2893896484375,403.3746038818359,1.0595542548266934,0.0245366089742244,0.0559544643988121,0.0004516830258778,0.05663129534287704,0.9433687046571229,1
31,2021-12-06 00:00:00-05:00,429.9517355230717,434.34429168166633,427.52922637540286,432.4590759277344,98977500,0.0117737260320347,-0.002516823243487,-0.0008354236512971,0.0003064229078035,-0.01754389667724,0.0193046431916216,42.154018395276175,-1.940015306600764,0.0132652079126215,0.0094824842832975,0.0084513458651172,0.0019351733129407,0.0151018691585528,-0.0232899153240608,-0.0463433270800985,437.3172225952149,427.5699108886719,403.7304826354981,1.071157850417189,0.0225392696074941,0.0551252813969326,0.0006486654017667,0.0069845028700226955,0.9930154971299773,1
32,2021-12-07 00:00:00-05:00,437.756531035352,441.9699894291605,432.32710041618657,441.4044189453125,95484700,0.0204738052136512,0.005507832040721,-2.540946490422941e-05,0.0006507512849779,-0.0005335987629891,0.040997330953607,49.20255928717521,-1.0412156359264098,0.0150632298021352,0.010536066648741,0.0088219782856884,0.0021903374832909,0.0158345802262438,-0.0030868320209507,-0.0422438560352732,437.2865921020508,428.05328125,404.1288943481445,1.0922367222895384,0.020918029942049,0.0542006057823802,0.0010950736797857,8.021908132864998e-05,0.9999197809186717,1
33,2021-12-08 00:00:00-05:00,441.8002341940306,443.02561268010857,440.0375336566486,442.5731506347656,72238800,0.0026442579781725,0.0082705244804982,5.9874042978899393e-05,0.0007608105150848,0.0012573549025563,0.0479310624503449,51.098664857468975,-0.3627722650452742,0.015080413536341,0.0105507730903403,0.0088025818983755,0.0023889814532211,0.0160011838712708,-0.0004472480905628,-0.0409383980371536,437.38744964599607,428.7281878662109,404.5132200622559,1.094088224277694,0.0195657187232562,0.0547140461847368,0.0015249605974581,5.559596431342231e-06,0.9999944404035691,0
34,2021-12-09 00:00:00-05:00,441.28185717622887,442.67692714355326,439.387234967476,439.5851745605469,61272600,-0.0067742658331443,0.0038756853439667,-0.000105050851621,0.0007789262747644,-0.0022060678840427,0.0490723553101627,47.37495329433945,-0.122453623716531,0.0152096286617247,0.0106328471859323,0.0087855958895741,0.002539257534502,0.0160823748654077,-0.0071956007715632,-0.0409383980371536,437.5161148071289,429.3295715332032,404.9266656494141,1.085592063579088,0.0186233379733742,0.0555134870237255,0.0013680708581525,5.371292227605404e-07,0.9999994628707775,1
35,2021-12-10 00:00:00-05:00,442.2997960293515,443.873934688944,439.7359020819296,443.7231140136719,77159800,0.0093692536946351,0.0074973554170698,0.0007257328836353,0.0008870779978087,0.0152403905563417,0.0558859138619492,51.36164349480951,0.28569740282432,0.0133385785644572,0.0106603512151364,0.0088495261562928,0.0026689589123045,0.0162525460393369,0.0,-0.0409383980371536,437.84461364746096,430.1138195800781,405.36999588012696,1.0946126218598735,0.017422563358159,0.0557641081081676,0.0017674266273422,2.638142722832565e-07,0.9999997361857275,0
36,2021-12-13 00:00:00-05:00,443.2047157322275,443.5534759778387,439.50968089974606,439.79248046875,87724700,-0.0088977704567844,0.003363056119306,0.0002866389646582,0.0008317297320612,0.0060194182578237,0.0523989731198561,49.2935429703992,0.2620779244644335,0.0133087505918311,0.0108656860644905,0.0089003095627912,0.0027818689724849,0.0161344786242897,-0.0088583024430878,-0.0409383980371536,437.81162109375,430.7233093261719,405.7506396484375,1.0838984279847543,0.016117401007,0.0567828482449663,0.0013858575877516,1.6802860430366164e-08,0.9999999831971397,0
37,2021-12-14 00:00:00-05:00,436.5121993902541,439.010104059482,433.8351969554868,436.7666931152344,97264100,-0.006903810861302,-0.0021124670956846,-0.0004001455043538,0.0005901156187134,-0.0084030555914317,0.0371772839789456,46.70839603034168,0.0262190719494226,0.0116839656697356,0.0108414896098806,0.0089004168375636,0.0028220345882463,0.0165036911054071,-0.0156773913252199,-0.0409383980371536,437.6197967529297,431.3778533935547,406.1303434753418,1.0754347714522656,0.0142912531055296,0.0578054836052979,0.0014986125950087,2.5666630825102193e-09,0.9999999974333367,1
38,2021-12-15 00:00:00-05:00,436.823270184782,443.8362449629124,434.29705970277206,443.5911865234375,116899300,0.015504217709438,0.0004595248505684,0.0003218445518768,0.00086139806206,0.0067587355894137,0.0542680779097801,50.730844029084444,0.2982589498535239,0.0114627511835776,0.0113846577304016,0.0090914139343362,0.0028507166714688,0.0171210143633723,-0.0002973194004725,-0.0409383980371536,437.68200531005857,432.0848077392578,406.5680668640136,1.091062537067888,0.0126179187974128,0.0575231015639125,0.0015937069247109,1.434996019093861e-09,0.9999999985650039,0
39,2021-12-16 00:00:00-05:00,445.4481678837098,445.7309387127813,438.1240869835833,439.6794128417969,116568600,-0.0088575330358767,4.287141002197979e-05,-0.0002880391688607,0.0008761803585639,-0.0060488225460763,0.05519936258953,55.12060088785659,0.1885358561519448,0.011460641304737,0.0115227921754456,0.0090745592741344,0.0028453521693823,0.0167220498851244,-0.0091131181679897,-0.0409383980371536,437.6023544311523,432.6795928955078,407.0082615661621,1.080271469551789,0.0111962520688131,0.0583864756446594,0.0013527700840157,4.345433626478951e-10,0.9999999995654569,0
40,2021-12-17 00:00:00-05:00,436.5890765889238,439.6065617087256,433.28782720309647,434.99993896484375,135511600,-0.0106999633933905,-0.0039709720075831,-0.0006817404757331,0.0009732411578956,-0.0143165499903959,0.0613141929474244,47.84840341893494,-0.2041395506239376,0.0116787240824611,0.0117389317263021,0.0089135596615806,0.0028020139876011,0.0167766659317009,-0.0196590503702255,-0.0409383980371536,437.2137924194336,433.10990539550784,407.3927133178711,1.0677656343485749,0.0094342243672302,0.0591199900828381,0.0009892242767298,3.338562239707448e-10,0.9999999996661435,0
41,2021-12-20 00:00:00-05:00,429.9014604647388,430.7716901494733,426.7420931242701,430.3744201660156,107134800,-0.0106903163963662,-0.0043294811954995,-0.001352263652791,0.0008185523857476,-0.0283975367086125,0.0515688003021006,50.74625945129922,-0.7496707294829679,0.0116997108797721,0.0118957887418195,0.0090311714289435,0.0027155411133398,0.0168725890324618,-0.0300833862967187,-0.0409383980371536,436.633544921875,433.46278991699216,407.7629521179199,1.055452482700186,0.0073674336956637,0.0597150680776023,0.0008199477128501,2.913078432427846e-10,0.9999999997086926,1
42,2021-12-21 00:00:00-05:00,433.80810297600897,438.159338198056,431.63249979857073,438.0174560546875,69806300,0.0176031892068283,0.0005719188181265,-0.0004287830217613,0.0009438836060393,-0.0090044434569888,0.0594646671804757,59.950189333214645,-0.5777521493211419,0.0111507169846119,0.0125924666245476,0.0092095425274163,0.0026184745855219,0.0156372832899967,-0.0128585998312645,-0.0409383980371536,436.4976608276367,434.0282946777344,408.1459692382812,1.0731882440788405,0.0056375975792024,0.0590897122516087,0.0012910553059593,1.5713435015242194e-09,0.9999999984286561,1
43,2021-12-22 00:00:00-05:00,437.7619741432972,442.5104783465581,437.5633103180938,442.39697265625,58890200,0.0099488435950361,-0.0005391560047538,0.0001792145908187,0.000910106548596,0.0037635064071933,0.0573367125615528,58.64274100548368,-0.1721155782823527,0.0116282756997688,0.0127781511177139,0.0091718779531966,0.0024698219172847,0.0149480419147879,-0.0029886686438899,-0.0409383980371536,436.55153198242186,434.70156127929687,408.5396354675293,1.0828740573726088,0.0041816983783079,0.0591367650069699,0.0015218607792907,2.3209134020022243e-08,0.999999976790866,1
44,2021-12-23 00:00:00-05:00,443.39970160734777,446.653666526917,443.2956643336112,445.149658203125,56439700,0.0062029290118689,0.0024729364047953,0.0004114914746567,0.0009824400222932,0.0086413209677905,0.0618937214044709,63.85287673842637,0.2553184911137853,0.0115167966364867,0.0128441853870005,0.0091957128206408,0.0022282155501932,0.0138174075088606,0.0,-0.0409383980371536,436.6841262817383,435.4004736328125,408.9286289978027,1.0885754301284611,0.0028836428946329,0.0594672918358852,0.0015700615301758,6.589710191245916e-07,0.9999993410289805,1
45,2021-12-27 00:00:00-05:00,446.5307010758358,451.4967778304271,446.4834166536119,451.4494934082031,56808600,0.014052966413769,0.0074235223662272,0.0009537177481956,0.0012509798606648,0.0200280727121077,0.0788117312218844,64.53806430149407,0.8997968918848203,0.0119696623714712,0.0131800869325206,0.0093276234717939,0.0018880985431563,0.0135296743748701,0.0,-0.0409383980371536,437.6251708984375,436.0873840332032,409.3466481018066,1.1028537683199138,0.0034063320209418,0.0592330622181413,0.0015215664441326,1.1983920855092749e-05,0.9999880160791447,0
46,2021-12-28 00:00:00-05:00,451.884573074086,452.91562165597793,450.31434355839286,451.0805358886719,47274600,-0.0008176072332399,0.0093980641988524,0.0019888699846453,0.0015611397840357,0.041766269677552,0.0983518063942517,58.52726291822496,1.2188922607001142,0.0114335152748501,0.0120462265000079,0.0089131715840405,0.0016975935098074,0.0124257022600823,-0.0008172730835199,-0.0409383980371536,438.2824188232422,436.7033837890625,409.751854095459,1.1008627084420333,0.0035005612269854,0.0597488198875759,0.0013656092578807,0.0061926915290478265,0.9938073084709519,1
47,2021-12-29 00:00:00-05:00,451.1846330867687,452.679172995088,450.1819608604042,451.6575927734375,54503000,0.0012784592675149,0.0061331182109898,0.0014691685077797,0.0015547365323262,0.0308525386633743,0.0979484015365513,58.09020687061116,1.3749106694904285,0.0109662706504095,0.0118172681148533,0.0089132283599325,0.0014563356397197,0.012332197228085,0.0,-0.0409383980371536,439.394580078125,437.30604064941406,410.1622790527344,1.1011680396757502,0.0046241654344524,0.0600980965027098,0.0013343224380462,0.03856344154552324,0.9614365584544767,0
48,2021-12-30 00:00:00-05:00,452.0832329400034,453.09537358364463,449.9454748154,450.4089660644531,55329000,-0.0027683711233824,0.0035896752673061,0.0022730304165419,0.0017059962874833,0.0477336387473812,0.1074777661114523,59.94736233939175,1.300892294910826,0.0102129796184069,0.0108428461193028,0.0087537886092174,0.0013037903511218,0.0123442153445762,-0.0027645427176748,-0.0409383980371536,440.6827865600586,437.8186853027344,410.5601599121094,1.0970596030576234,0.006358890415415,0.0605194999309234,0.0011381759510687,0.560486534939633,0.43951346506036715,0
49,2021-12-31 00:00:00-05:00,449.9170813081463,451.07107517141947,448.9995384088033,449.2738342285156,65237400,-0.0025234058890632,0.0018444082871196,0.0026847350990015,0.0014784164171073,0.0563794370790315,0.0931402342777606,55.39926785160875,1.0908494675426723,0.0096800009551725,0.0104644609342086,0.0086727578257834,0.0011645618521906,0.0120228950834567,-0.0052778002253526,-0.0409383980371536,441.5890426635742,438.2752581787109,410.9793424987793,1.0931786291177157,0.0073758679727112,0.0607556318671521,0.0010162463094709,0.8291282239153868,0.17087177608461337,1
50,2022-01-03 00:00:00-05:00,450.5414331852414,452.0076256878553,448.2239477980202,451.8751831054688,72668200,0.0057734204946667,0.0001884991032992,0.0022358537011516,0.0017760853657952,0.046952927724185,0.1118933780450974,62.065029254022434,1.0425271438918946,0.0085887938608547,0.0100964779651264,0.0084883831271636,0.001092493414701,0.0118857498082549,0.0,-0.0409383980371536,442.8129379272461,438.76161193847656,411.4149130249023,1.0983441990060223,0.0089655863836716,0.0605182579969023,0.0010763011069189,0.899149456645816,0.10085054335418377,0
51,2022-01-04 00:00:00-05:00,453.303514080452,454.0224220905845,449.8603534710493,451.7238159179688,71178700,-0.0003350317764394,0.0002850141946593,0.0026360472675536,0.0016064639935459,0.0553569926186262,0.1012072315933969,65.8448051901868,0.9200531963498112,0.0071506639993872,0.0098019743158549,0.0084207666421184,0.001036329793352,0.0116058652454064,-0.0003349756595609,-0.0409383980371536,443.7761749267578,439.25380065917966,411.835163269043,1.0968558690625143,0.0100113700190635,0.0606977901628188,0.0010895788607091,0.9360335773959148,0.06396642260408518,0
52,2022-01-05 00:00:00-05:00,451.3549461154086,452.1306070232727,442.9551764477384,443.0497741699219,104538900,-0.0193888455728942,-0.0038484467734225,0.0011521152863665,0.0012328719853139,0.0241944210136973,0.0776709350747793,49.44808323953766,0.2115285669426376,0.0091140839247135,0.0106698866080745,0.008818904464329,0.0009640539889532,0.0117744406212294,-0.0195306342669564,-0.0409383980371536,443.85844268798826,439.5266955566406,412.2265126037598,1.0747726325788027,0.0097771117014186,0.0616187718502492,0.0006159463639773,0.9378788615450167,0.06212113845498358,0
53,2022-01-06 00:00:00-05:00,442.5862910110763,445.3578282323568,440.2593082446205,442.6335754394531,86858900,-0.0009398364805836,-0.0034827398448627,0.0001324180628315,0.0010813127831785,0.0027807793194626,0.0681227053402512,53.24257004543525,-0.3006651111512575,0.0085798423761414,0.0097111861637781,0.0087720284325887,0.0010132310120978,0.0113807378942051,-0.0204516822599186,-0.0409383980371536,443.8614639282226,439.7835382080078,412.62505279541017,1.0727258862270823,0.0092128702983414,0.0613565868464323,0.000580260209841,0.9498318113486355,0.05016818865136435,0
54,2022-01-07 00:00:00-05:00,442.6430005573575,443.8253998227985,439.5214491762915,440.8835754394531,85111600,-0.0039614449743907,-0.0037703476619282,-0.0001821392206238,0.001047408617672,-0.0038249236331006,0.065986742913338,56.90189814281142,-0.7473871179709453,0.0083698895288512,0.0097327160571504,0.0087875585288342,0.0010575384229675,0.0110876888875302,-0.0243244331111012,-0.0409383980371536,443.926383972168,440.04346130371096,413.004634552002,1.0675027313378511,0.0088071384028917,0.0613287231776731,0.0005895504168964,0.926940189176181,0.07305981082381911,0
55,2022-01-10 00:00:00-05:00,437.6769296616079,440.5525039303444,431.9068153934691,440.3349609375,119362000,-0.0012451271737587,-0.0051740571956133,8.115309648974932e-05,0.0011429759798314,0.0017042150262848,0.0720074867293821,62.92019010536867,-1.051281781609794,0.0065123264799905,0.0096195978797609,0.0087282293030909,0.0011086860606202,0.0112181211418003,-0.0255385172707642,-0.0409383980371536,443.75697631835936,440.2098388671875,413.352066192627,1.0652782384600412,0.0080555435426244,0.0609939592745002,0.0003778431835671,0.9229946854130526,0.07700531458694744,1
56,2022-01-11 00:00:00-05:00,440.0700967561151,444.4402398041164,437.0620510983953,444.34564208984375,74303100,0.0090670206069354,-0.0032936467189383,6.676104469452871e-05,0.0013260163412896,0.0014019819385852,0.0835390295012483,59.06251748153949,-0.9563646919943772,0.0074739974898224,0.00960522232904,0.0087721598493569,0.0011570102413167,0.0110514841935522,-0.016662877929872,-0.0409383980371536,443.98463439941406,440.4388995361328,413.7204881286621,1.0740237789520777,0.0079796773669366,0.0601297928383157,0.0005155011037533,0.8954359186409918,0.10456408135900827,1
57,2022-01-12 00:00:00-05:00,446.0861475644581,447.6090928817036,443.5794668088616,445.5469665527344,67605400,0.0026999329604307,0.0011241089877266,0.0006190326359904,0.0013118725394498,0.0129996853558005,0.0826479699853394,54.96282890719584,-0.793562664553142,0.0075459743456871,0.0093951359941753,0.008769166850134,0.0012176920578663,0.010874588971846,-0.0140043463091828,-0.0409383980371536,444.42364807128905,440.6770935058594,414.0998333740234,1.0759409462266247,0.008408888055994,0.059650860912528,0.0005346102377702,0.9041237124422312,0.09587628755776882,0
58,2022-01-13 00:00:00-05:00,446.6537054029599,447.3063921299082,438.3769102525567,439.407958984375,91173100,-0.0138743926276281,-0.0014628022416822,0.0002871001709273,0.0008268689794319,0.0060291035894743,0.0520927457042106,41.82610932118267,-1.0633801765750994,0.0085291625624004,0.009789085877087,0.0087503844727903,0.0012490484926246,0.0117861103672089,-0.0275899730439143,-0.0409383980371536,444.214486694336,440.7574426269532,414.4409912109375,1.060242515346968,0.0078675044379561,0.0598907026555507,0.0001828576825952,0.8182013949544048,0.18179860504559556,1
59,2022-01-14 00:00:00-05:00,436.2485522955994,439.9376320291072,435.0283082374195,439.587646484375,95890900,0.0004088473284394,-0.0005887437811162,-0.0004317269900725,0.0007129311186608,-0.009066266791524,0.0449146604756335,29.54998163813123,-1.184542938705867,0.0085774955928101,0.0091491180999427,0.0087075704816821,0.0013106281278796,0.0115476652696527,-0.0271923245190161,-0.0409383980371536,444.2098983764648,440.78822204589846,414.76300567626953,1.0598525916447852,0.007783831865912,0.0592037027832036,7.001884423157651e-05,0.7425162834655525,0.25748371653444707,0
60,2022-01-18 00:00:00-05:00,434.8769724015517,435.0850758226512,430.686556419634,431.802734375,109709100,-0.0178682698515827,-0.003913372316681,-0.0008608096955823,0.0003823866121282,-0.0180770036072301,0.0240903565640799,23.53259116181825,-1.7117625586707106,0.0093639635290037,0.0097552542464106,0.0090110118550596,0.0013265553502481,0.0127979679780335,-0.0444203388035669,-0.0444203388035669,444.0500381469727,440.62201599121096,415.0191703796387,1.0404404547867236,0.0079388616209749,0.0592929214508804,0.000384912001375,0.5128330608511978,0.4871669391488017,0
61,2022-01-19 00:00:00-05:00,433.35409317640193,434.7540355227191,427.0447975842269,427.3191223144531,109357600,-0.0104377574189727,-0.0078143279218626,-0.0008483236968006,9.472056248744132e-05,-0.0178147976328123,0.0059673954367084,19.821773860923077,-2.2512703170272608,0.0094043402314469,0.009742190247953,0.0090632435331045,0.0013300482678575,0.0138034663481146,-0.0543425744743414,-0.0543425744743414,443.8972732543945,440.3355981445313,415.2540406799316,1.0290547001415478,0.0083349303222669,0.0586951441085821,0.0006702668608144,0.5849882320792978,0.41501176792070243,0
62,2022-01-20 00:00:00-05:00,429.21088211751214,433.9310101841873,420.4611285977612,422.5894470214844,122379700,-0.0111299598285113,-0.0105803064796511,-0.0008692590983313,-0.0001441700829724,-0.0182544410649574,-0.0090827152272637,18.246620157695787,-2.7807702344864067,0.0083589059881597,0.0097648436589662,0.0091586306639168,0.0013186593447136,0.0157023011374588,-0.0648093481981483,-0.0648093481981483,443.1258728027344,439.9470465087891,415.4630615234375,1.0171528738846616,0.0075222566875497,0.0579379943297704,0.0009194541853347,0.6356857617166728,0.36431423828332754,0
63,2022-01-21 00:00:00-05:00,421.4638801817185,423.8286788760082,414.2654468125429,414.2938232421875,202271200,-0.0198256932457384,-0.0117705666032731,-0.0026515868341678,-0.0005002115994433,-0.0556833235175242,-0.0315133307649287,15.683057524383898,-3.497472734360061,0.0094678441402877,0.0096396264127886,0.0094803792154891,0.0012557659707443,0.0173083629184823,-0.0831675676566413,-0.0831675676566413,441.72071533203126,439.4218029785157,415.62156692504885,0.9968054023454928,0.0055489901720589,0.0574477212023353,0.0012678043958342,0.583383747605042,0.41661625239495814,1
64,2022-01-24 00:00:00-05:00,408.6655638149576,416.5639967057134,398.0050623972924,416.0531921386719,251783900,0.0042376777341925,-0.0110048005221225,-0.0029235471132556,-0.0004164877481136,-0.0613944893783679,-0.0262387281311574,14.266709772555558,-3.644281866736653,0.0100598485407499,0.0093423387237695,0.0094988356743477,0.0011642426041113,0.0197718067340052,-0.0792740834329818,-0.0831675676566413,440.2658920288086,439.00262939453125,415.7749615478516,1.0006691855367733,0.0030363007859252,0.0558286014518495,0.0010074999829461,0.7396907297026564,0.2603092702973433,0
65,2022-01-25 00:00:00-05:00,409.6398828972748,415.9397100242834,404.0494953719495,410.9736328125,167997300,-0.0122840591076809,-0.0098879583733422,-0.0038038798808532,-0.0006963736358853,-0.0798814774979179,-0.0438715390607747,12.989577339555224,-3.854335266375429,0.0101104269180501,0.009310310879644,0.0095856029444747,0.0010310191194587,0.0213790834758199,-0.0905151506924473,-0.0905151506924473,438.2420989990234,438.47903930664063,415.9022561645508,0.9881495633192698,-0.0005765340856436,0.0549348701219236,0.0012740235530621,0.7093763942850162,0.2906236057149834,0
66,2022-01-26 00:00:00-05:00,416.88567311741406,420.02613301094766,405.6670520312476,409.942626953125,186391100,-0.0025118430514488,-0.0083027754998374,-0.0045926803315779,-0.0007505215683206,-0.0964462869631358,-0.0472828588041991,15.083678412778312,-3.82586356736748,0.0086337474179306,0.0083766754858918,0.0095860778342819,0.0008447966117289,0.0223360532508397,-0.0927967671607152,-0.0927967671607152,436.1852035522461,437.86884521484376,416.0186825561523,0.9853947530296138,-0.0041070177920047,0.053300538226755,0.0014884865629419,0.8369077964937067,0.16309220350629342,0
67,2022-01-27 00:00:00-05:00,414.5586466067945,417.7085455157903,406.225098979547,407.9182739257813,149878300,-0.0049503703117753,-0.0070668575964902,-0.0047894785734129,-0.0007586234887802,-0.1005790500416712,-0.047793279793157,14.58881598403191,-3.70405466969295,0.0078806192330108,0.0083319784224251,0.0095894614434759,0.0007662355003375,0.0235649323452454,-0.0972766613948521,-0.0972766613948521,433.9982376098633,437.21514709472655,416.1315901184082,0.9802626948117784,-0.0078861617399581,0.0516857378646252,0.00160252227444,0.8488195516054692,0.15118044839453068,1
68,2022-01-28 00:00:00-05:00,409.28041120998864,418.0963872077387,404.6832566458013,418.0491027832031,164457400,0.0245320510646232,0.0018046912655821,-0.0036821646783125,-0.0005216495201894,-0.0773254582445628,-0.0328639197719346,30.10873945808916,-2.7459716468220554,0.0129035719250422,0.0104537564875027,0.0100242490660311,0.0006285903568977,0.024550279302998,-0.074857132205843,-0.0972766613948521,432.3802444458008,436.7291888427735,416.27445434570313,1.004263169211979,-0.0104029511557832,0.048929023793834,0.0011624429970493,0.6923442805923367,0.30765571940766306,1
69,2022-01-31 00:00:00-05:00,417.3774492101084,425.9285683081596,416.0247914532952,425.5785827636719,152251400,0.0178507179086205,0.0045272993004677,-0.0027003032958361,-0.0002704772371748,-0.05670636921256,-0.017040065942014,38.53946885036085,-1.4737058820820028,0.0147588094689332,0.0114634319044938,0.0102840149596729,0.0006962038780641,0.0242715168018217,-0.0581943893468015,-0.0972766613948521,431.1954818725586,436.4153118896484,416.4484571838379,1.021923782937209,-0.012265255415798,0.0469169631990111,0.0007375299553063,0.2863704481617395,0.7136295518382604,1
70,2022-02-01 00:00:00-05:00,426.3069680203135,429.0974419265007,422.7692385378579,428.4542236328125,123155400,0.0067342886954107,0.008330968861086,-0.0022594606965755,-0.0001908649804241,-0.0474486746280859,-0.0120244937667207,37.4364378768007,-0.3648490012395893,0.0140843183227335,0.0116471122339066,0.010319016505536,0.0007992559909551,0.0239335691077518,-0.0518305947047101,-0.0972766613948521,430.0244338989258,436.1289727783203,416.64643783569335,1.0283400618002538,-0.0142478205200892,0.0454716837132257,0.0006683073605863,0.1962676529425857,0.8037323470574144,1
71,2022-02-02 00:00:00-05:00,430.8662240110981,433.3445278597701,428.5487102714171,432.6161804199219,117361000,0.0096670125441564,0.0107667399802071,-0.0020740515513617,-0.0001014669956711,-0.0435550825785963,-0.00639242072728,40.23424031389381,0.6663794884304384,0.0139868958258484,0.0118112153141409,0.0103804306669452,0.0009126592521454,0.0238454229146471,-0.0426201823105027,-0.0972766613948521,429.0690521240234,435.941708984375,416.8794633483887,1.0377488421836265,-0.0158862686404391,0.0440627200246726,0.0004328635923037,0.07045697123656883,0.9295430287634309,0
72,2022-02-03 00:00:00-05:00,426.5623255842212,428.4730722035846,421.6056887562871,422.4475708007813,118024400,-0.0237855692291396,0.0069997001967342,-0.0031907438110141,-0.0005756299880509,-0.0670056200312965,-0.0362646892472103,37.925853314319134,0.6788312220930504,0.0156976400153674,0.0127127395166752,0.0107682224428833,0.0011039846371588,0.0247712617169488,-0.0651233203435715,-0.0972766613948521,428.0389419555664,435.5759576416016,417.04338333129886,1.0129583340378507,-0.0178413043581909,0.0438695250991095,0.0008657910899572,0.006279944317298973,0.9937200556827014,1
73,2022-02-04 00:00:00-05:00,422.21110476532647,428.293359216209,419.82736954460256,424.43402099609375,118454400,0.0046912197823793,0.0030315339402854,-0.0020440740321915,-0.000575794132374,-0.042925554676023,-0.0362750303395657,39.48264921152805,0.8262410088755692,0.0140958273515692,0.0122564470515747,0.0107681407816016,0.0012019784151636,0.0252538825132149,-0.0607273050951553,-0.0972766613948521,427.1289642333985,435.2382470703125,417.2350297546387,1.0172540432323924,-0.0191061093968918,0.0424169986972828,0.000795672718451,0.04999072808823089,0.9500092719117692,0
74,2022-02-07 00:00:00-05:00,425.2002179600923,426.6001601287156,421.738149661157,423.0718994140625,84472900,-0.003214426523934,-0.0011814949462254,-0.0021523878437796,-0.0006817930819507,-0.0452001447193735,-0.0429529641629001,43.34725464844804,0.8349312258289041,0.0141856438873509,0.0122562512650244,0.0107606029002747,0.001288479992396,0.0246532592445374,-0.0637416808187129,-0.0972766613948521,426.2383804321289,434.8497296142578,417.398934173584,1.013591230777123,-0.0203543397565644,0.0412478244592525,0.0009183248913312,0.03613515015897313,0.9638648498410265,1
75,2022-02-08 00:00:00-05:00,422.5705744611604,427.4798983462463,421.142226961754,426.5528869628906,81012000,0.0081942219254344,-0.0008895083002206,-0.0015735465628356,-0.0005652705801601,-0.0330444778195483,-0.0356120465500925,49.40708232931537,1.0633920815179136,0.0134035122927445,0.0124520226181207,0.0108170917417862,0.0013732512874796,0.0242223942014046,-0.0560382536800385,-0.0972766613948521,425.5492767333984,434.72821533203125,417.5761697387695,1.021497197097566,-0.0215188758045643,0.0402108299287022,0.0002848750669389,0.020093746044706432,0.9799062539552934,1
76,2022-02-09 00:00:00-05:00,430.60144995457046,433.1175991367621,430.40281495436784,432.7959899902344,92589900,0.0145301007155008,8.310933404820711e-05,-0.0008223452347756,-0.0002820809966356,-0.0172692499302885,-0.0177711027880465,57.71713558150331,1.5914726917103934,0.0136049092861749,0.0129391394031305,0.0109764168528197,0.001474994577778,0.0227333570936581,-0.0422222636439435,-0.0972766613948521,424.971794128418,434.6254235839844,417.7850421142578,1.0359298355920348,-0.0223052654803577,0.0389106689045491,0.0002375062394851,0.0031028737960021417,0.996897126203998,0
77,2022-02-10 00:00:00-05:00,426.93128524545455,432.9567875817292,423.0151936953488,425.0205383300781,140103700,-0.018128968977932,0.0012144293842897,-0.0021173923578645,-0.0004416328098449,-0.0444652395151561,-0.0278228670202291,58.17473869386704,1.3814076027856457,0.0152592908804405,0.0132569343183811,0.0111630227353739,0.0015777150765182,0.0232128350135944,-0.0594293419497717,-0.0972766613948521,423.9454727172852,434.5375469970703,417.95559921264646,1.0169035637535202,-0.0249213233821636,0.0390144623353378,0.000206758448096,0.0004662850090012799,0.9995337149909991,0
78,2022-02-11 00:00:00-05:00,425.1056697032113,427.1866752033313,415.2018917622405,416.6396789550781,153214600,-0.0199157242165903,-0.0037069594155042,-0.0031943284139131,-0.0007628856044214,-0.0670808966921773,-0.048061793078553,50.40598332126383,0.6779148356149927,0.0151216088143287,0.0137552617705431,0.0114287160972305,0.0016861964100408,0.0225526993789975,-0.0779761878230134,-0.0972766613948521,422.8070587158203,434.37744384765625,418.07179565429686,0.996574471863194,-0.0277707230402399,0.0391360905285198,0.0003842724481153,2.7837346949590763e-05,0.9999721626530508,0
79,2022-02-14 00:00:00-05:00,416.1288774138365,417.7180150863629,411.7965503726483,415.2775268554688,123006300,-0.0032747328878185,-0.0037190206882811,-0.0026895827120175,-0.0009342093484813,-0.0564812369523677,-0.058855188954325,53.14093238677009,0.1484018086212768,0.0137078488832614,0.01353650081834,0.0113833780672938,0.0017629695734826,0.0215805183344572,-0.0809906310819862,-0.0972766613948521,421.591552734375,434.0600201416016,418.19410583496096,0.9930257769327738,-0.0300244212626657,0.0382055692413196,0.0007643652389722,8.052552064503516e-05,0.9999194744793546,1
80,2022-02-15 00:00:00-05:00,419.73275487673067,422.14483739255087,419.2124819742842,421.9745788574219,88482700,0.0159980364122678,-0.0021582577909144,-0.0019472403746923,-0.000685707604296,-0.0408920478685393,-0.0431995790706499,58.11007450943124,0.2696752003276437,0.0146763152059384,0.0141293867751854,0.0115808664969144,0.0018288704707269,0.0199698708031717,-0.0661700517442844,-0.0972766613948521,421.1001449584961,433.9515661621094,418.3456867980957,1.008674386216578,-0.0304554393736489,0.036982984629713,0.0002570154339293,1.4343767071862525e-05,0.9999856562329286,1
81,2022-02-16 00:00:00-05:00,419.9219535344653,423.8286049144367,418.03958333979466,422.4475708007813,84863600,0.0011202737706925,-0.0048402231798761,-0.0010430240117268,-0.0007306242920566,-0.0219035042462639,-0.0460293303995704,60.00258838320173,0.3946719431275172,0.0141931078697421,0.0136593413538714,0.0115680772615207,0.0018639486777012,0.0189846829197965,-0.0651233203435715,-0.0972766613948521,420.8565673828125,433.7513360595703,418.5117140197754,1.0094044124672217,-0.0305239503503707,0.0360745879326682,0.0004739762194857,0.00014660648505287547,0.9998533935149475,0
82,2022-02-17 00:00:00-05:00,419.25038980867765,422.41922551305055,412.8181495554297,413.4235229492188,102259100,-0.0215927995056067,-0.005532989285411,-0.0015742164920427,-0.0010347602215254,-0.0330585463328979,-0.0651898939561063,46.76627423571544,-0.0915285556329559,0.0138381313657462,0.0142472083353429,0.0118616847055707,0.0019139116703975,0.0187453490198677,-0.0850935426282865,-0.0972766613948521,420.3982711791992,433.19171813964846,418.63201202392577,0.9875583115358856,-0.0309451355578058,0.0352174109781147,0.0013536189618087,2.7923959668069126e-05,0.9999720760403319,0
83,2022-02-18 00:00:00-05:00,413.6788782748005,414.9369671200802,408.4668825172839,410.7465515136719,132642900,-0.0064961855146127,-0.0028490815450155,-0.0013535605723332,-0.0011916944411518,-0.0284247720189993,-0.0750767497925693,38.87626511153123,-0.530064009956988,0.0136740163847488,0.0141271900702634,0.0118675921655625,0.0019319666617542,0.0182704017130769,-0.091017681717204,-0.0972766613948521,420.2209075927734,432.55518615722656,418.7233790588379,0.9809496485171296,-0.0300289278607433,0.0336747978708915,0.0015496952562989,4.708552179265134e-05,0.9999529144782077,0
84,2022-02-22 00:00:00-05:00,408.5331630880986,411.9479184294001,402.8292411204385,406.338623046875,124391800,-0.0107895024062798,-0.0043520354487078,-0.0009232657704543,-0.0013345452087944,-0.0193885811795406,-0.0840763481540538,33.78637909432611,-1.0249926954960076,0.0138783951036803,0.0136665267578667,0.0119289148436888,0.001896890615915,0.0189591233203154,-0.1007724295581981,-0.1007724295581981,419.7351791381836,431.8902551269532,418.7784242248535,0.9702950284485068,-0.0299136614128048,0.03226823678188,0.0016363963270031,0.00022693619258700863,0.9997730638074134,0
85,2022-02-23 00:00:00-05:00,409.261464298064,409.8290216743736,398.5631188932216,399.1306762695313,132578000,-0.0178979861735691,-0.0111312399658752,-0.0019773450041572,-0.0015738925088647,-0.0415242450873023,-0.0991552280584768,26.500303476681975,-1.7056770478534051,0.0137760229841461,0.0140954817649594,0.0121090962512945,0.0018361916503614,0.0204424877514831,-0.1167236192823335,-0.1167236192823335,419.1430313110352,430.9984063720703,418.817003326416,0.9529953967949536,-0.0297029914409015,0.0305198366597816,0.0022344780992994,7.149208960456002e-05,0.9999285079103954,1
86,2022-02-24 00:00:00-05:00,388.7917526788274,405.5723812250493,388.43232758179744,405.1372375488281,213942900,0.0149369951345408,-0.0083678956931055,-0.0006811043259562,-0.0013578309107175,-0.0143031908450804,-0.0855433473752077,37.09813672733824,-1.6199002392695254,0.0138459386197078,0.0143496230484107,0.0122818626504217,0.0017520943662986,0.0212200928963777,-0.1034310962497178,-0.1167236192823335,418.9027618408203,430.3053015136719,418.9030815124512,0.9671383559320657,-0.0281448818228595,0.0281440927775651,0.001710790305507,0.0001997065631191326,0.9998002934368807,1
87,2022-02-25 00:00:00-05:00,406.376404898472,414.1613316714428,404.72104600826754,414.0762023925781,121804500,0.0218241527855105,0.0003154947651179,0.0004777526186608,-0.0010537366549071,0.0100328049918786,-0.0663854092591493,43.004984647878096,-0.8673857607019491,0.0157801023186471,0.0151544823207887,0.0126157370467844,0.0015587249053839,0.0209300663436283,-0.0836491627026754,-0.1167236192823335,419.21065826416014,429.85149169921874,419.0750616455078,0.9880716852171982,-0.0256977661927313,0.0260252339821596,0.0010959572461081,9.497716987058987e-05,0.9999050228301292,0
88,2022-02-28 00:00:00-05:00,408.66557993038384,414.501915654171,407.4075197600478,413.0168151855469,145615000,-0.0025617137706586,0.0011023891139087,0.0005914981682378,-0.0007363701401765,0.0124214615329953,-0.0463913188311237,43.18155197839188,-0.3725156021860574,0.0145734128375586,0.0151206296604256,0.0123139787784072,0.0012419518871697,0.0213698284543856,-0.085993587107111,-0.1167236192823335,418.9590438842773,429.24000427246096,419.21894058227537,0.9852055219926036,-0.024892353071787,0.0242630888664512,0.0014805388165202,0.0004377045075965321,0.9995622954924037,0
89,2022-03-01 00:00:00-05:00,411.5127903599292,413.5276033325065,404.0116274603765,406.7264404296875,137785900,-0.0153474839460194,0.0001907928059608,-0.0013075273084593,-0.0011735078263307,-0.0274580734776471,-0.0739309930588357,37.048952091690126,-0.3980541899382288,0.015277500264131,0.0144530924916171,0.012336420567944,0.00109902827694,0.0222584994200145,-0.0999141895014035,-0.1167236192823335,418.0164367675781,428.5809448242188,419.3018672180176,0.9700086554067467,-0.0259744806496468,0.022814050634127,0.00162039981356,0.003362979408377435,0.9966370205916226,1
90,2022-03-02 00:00:00-05:00,408.9871251274757,415.9396377899964,408.230401230632,414.2086181640625,117726500,0.018228932593682,0.007416176559411,-0.0012895170853612,-0.0005722633215518,-0.0270798587925857,-0.0360525892577644,38.05175712858146,0.1314032478620168,0.0155840393917975,0.0144783730878233,0.0123444712581399,0.0010301944423942,0.0223131469178292,-0.0833561265359748,-0.1167236192823335,417.3041564941406,428.1651184082031,419.4271681213379,0.9875579114709,-0.0262209945370103,0.0210955298940791,0.001003905756135,0.0014741833432073126,0.9985258166567925,0
91,2022-03-03 00:00:00-05:00,416.6491311196768,417.254504541962,410.3398358407241,412.14654541015625,105501700,-0.0049907766658965,0.0034306221993236,-0.0018478535311377,-0.0004741930429039,-0.038804924153893,-0.0298741617029475,41.06834724143612,0.3715751450075055,0.0155741094223627,0.014379216038016,0.0122833170125506,0.0009500784584891,0.0219001928087189,-0.087919494543341,-0.1167236192823335,416.2806747436524,427.8005609130859,419.5589219665528,0.9823329306843166,-0.0279509468118174,0.019996865285699,0.000884533666913,0.002102550557608901,0.9978974494423916,0
92,2022-03-04 00:00:00-05:00,408.4007357845267,409.9331207244844,404.7400320130342,408.7980346679688,113978200,-0.0081577475346957,-0.0025657578647176,-0.0026966516301307,-0.0008449498267802,-0.0566296842327451,-0.0532318390871565,44.15126875961966,0.3348938999734807,0.0142655695718573,0.0141903665852806,0.0121544172425332,0.000855918263597,0.0212796265719341,-0.0953297504444843,-0.1167236192823335,415.5981979370117,427.21617248535154,419.6789912414551,0.9740731444733526,-0.028419839537086,0.0184374204489956,0.0014295284668113,0.0031404012549958423,0.9968595987450042,0
93,2022-03-07 00:00:00-05:00,408.2115490078565,408.9209886334295,396.68078798416894,396.74700927734375,137896600,-0.0299224099894777,-0.0080378971084814,-0.0029888821425277,-0.0011811928953294,-0.0627665249930832,-0.0744151524057536,38.07959084794768,-0.4295280847068845,0.0169217627871141,0.014700401656276,0.0126588676175211,0.0008427006306612,0.0230635835638746,-0.1219986754954364,-0.1219986754954364,414.2138473510742,426.3031732177735,419.7181077575684,0.9452701752541663,-0.0304711203462362,0.0165976436021521,0.0023012127280834,0.0021856708587016005,0.9978143291412984,0
94,2022-03-08 00:00:00-05:00,396.92666565064377,404.106189919639,392.6700286547612,393.7389221191406,164772700,-0.0076107658813125,-0.0064905534955401,-0.0035746909836559,-0.0014888832431603,-0.0750685106567751,-0.0937996443191008,30.931400311453288,-1.031933429301815,0.0167983485085333,0.014623965619608,0.012574202138159,0.0007718742030061,0.0240686245386598,-0.1286555738396436,-0.1286555738396436,412.7471984863281,425.27495849609375,419.7437760925293,0.9380458854792976,-0.031817428519233,0.0140478426003583,0.0026114124459572,0.0010907648737095994,0.9989092351262899,1
95,2022-03-09 00:00:00-05:00,402.1481531765051,406.2818159822058,399.9536134280835,404.2953796386719,116990800,0.02645769308619,-0.0048448013970385,-0.0021617329069833,-0.0013939008959771,-0.0453963910466511,-0.087815756446562,39.2106037415367,-0.6332012619765344,0.0182635634961521,0.0160266906288419,0.0127639473139508,0.0007892894178544,0.0246334097135021,-0.1052941282143649,-0.1286555738396436,411.6343231201172,424.3318762207031,419.8024186706543,0.9630611012650024,-0.03140662431496,0.0112033374066676,0.0023326565745902,2.8286409563127878e-05,0.9999717135904365,0
96,2022-03-10 00:00:00-05:00,399.6698454526476,403.3683936870223,397.7023458467199,402.46978759765625,93972700,-0.0045257163575027,-0.0047517893353597,-0.0027674442537899,-0.0015077100124164,-0.0581163293295882,-0.0949857307822372,42.87997771943146,-0.4166279789902622,0.0176746971313416,0.0158551793691632,0.0127593250507944,0.0007704021881327,0.0242062614736055,-0.1093341642890823,-0.1286555738396436,410.1180130004883,423.3596612548829,419.8562884521484,0.9585893999144574,-0.0329009745885125,0.0087046851979773,0.00241562222999,3.662849724378456e-05,0.9999633715027563,0
97,2022-03-11 00:00:00-05:00,404.9670575295323,405.5818994399163,396.84161237205296,397.3524169921875,95636300,-0.0127964450255907,-0.0056795288335387,-0.004068708336699,-0.0016033001583283,-0.0854428750706799,-0.1010079099746836,41.56141645475628,-0.5347055234174025,0.0161017992552654,0.0154815228556497,0.012821822730125,0.0007415828602641,0.0249261003814239,-0.1206589079280229,-0.1286555738396436,408.73460693359374,422.2735577392578,419.8806848144531,0.946346024866038,-0.0340729041190914,0.006022041951872,0.0027333507213733,5.252069229053106e-05,0.9999474793077092,0
98,2022-03-14 00:00:00-04:00,398.1280351440452,401.5900747886048,393.30384036976113,394.4483947753906,95729200,-0.0073352671399485,-0.0011621002636329,-0.0035547225348903,-0.0018684512826867,-0.0746491732326965,-0.1177124308092672,42.36421169229901,-0.7138764777832778,0.0161211290706301,0.0151673706788983,0.0127638450120944,0.0007051917565867,0.0249588695421556,-0.1270855105062819,-0.1286555738396436,407.6250427246094,421.1543463134765,419.8895307922363,0.9394099301098456,-0.0342992993964929,0.0032065424476133,0.0028374090010394,0.0003904976338566406,0.999609502366143,1
99,2022-03-15 00:00:00-04:00,397.06862015150375,403.7562779787934,395.79165191371726,403.1225280761719,106219100,0.0217522356205484,0.0047105000367392,-0.001570533971217,-0.0013819432497132,-0.0329812133955577,-0.0870624247319346,52.51614561232141,-0.1814292550841774,0.0175762153584913,0.0156381989562324,0.0130720027688541,0.0007208606770562,0.0240748824714903,-0.1078896492926408,-0.1286555738396436,407.0172927856445,420.2313201904297,419.93823532104494,0.959956713081824,-0.0327791837083545,0.0007270366922519,0.0022896912446243,0.00016295750507859638,0.9998370424949216,1
100,2022-03-16 00:00:00-04:00,406.64136195251285,412.1182152649576,401.8266061257804,412.06146240234375,144954800,0.021931963184255,0.0038053540563522,-0.000370215110642,-0.0009242325505774,-0.0077745173234842,-0.0582266506863774,54.20889136718432,0.786447188211576,0.0180562315848709,0.0164472981638045,0.013376820747404,0.0007790232930397,0.0223654811684655,-0.0881077832810136,-0.1286555738396436,406.5216369628906,419.4350457763672,420.0333670043945,0.9810207825656684,-0.0313385501720801,-0.0014520193772527,0.0019324166094547,5.080453808760128e-06,0.9999949195461916,1
101,2022-03-17 00:00:00-04:00,410.1411873324134,417.2166748046875,409.7628253475534,417.2166748046875,102676900,0.0124331718882154,0.0071971317054959,-0.0005399705641683,-0.0009729793096444,-0.0113393818475364,-0.0612976965076,52.000980005172245,1.733243782875702,0.0184139900967796,0.0162875324148763,0.0133214689910757,0.0008320142426881,0.0217490458199599,-0.0766992957271828,-0.1286555738396436,406.2600921630859,418.7449029541016,420.151184387207,0.99301558655178,-0.0299240455738261,-0.0033706261471063,0.0016541592509184,1.721854372611543e-06,0.9999982781456271,1
102,2022-03-18 00:00:00-04:00,415.5998327890418,422.10898522065065,414.8597246560477,421.786376953125,106345500,0.010893279415036,0.0119350765936212,-7.458934300918635e-05,-0.0006594743501061,-0.001566376203193,-0.0415468840566872,55.34835866486552,2.575878985076712,0.0183209337673061,0.0164758745805,0.0133652565764523,0.0008547692439718,0.0215396391059004,-0.0665865426500329,-0.1286555738396436,406.67823486328126,418.3196350097657,420.2991552734375,1.0035384836277388,-0.027600227941402,-0.0046931820747066,0.0010082543381508,3.10760991331977e-07,0.9999996892390083,0
103,2022-03-21 00:00:00-04:00,421.6155341135983,423.6271083158259,418.1427105740209,421.6629943847656,88349800,-0.0002925666280211,0.0133436166960067,0.0009397074606853,-0.0004942775760526,0.0197338566743926,-0.0311394872913178,59.85044041506045,3.003682862757159,0.0143468960660632,0.015723387439125,0.0133033279250509,0.0008505934627376,0.0208630033701189,-0.0668595883338243,-0.1286555738396436,407.224057006836,417.9002233886719,420.42857421875,1.0029360995938714,-0.0253191921605858,-0.0059961411452934,0.0009946607283044,4.734898419080354e-06,0.9999952651015809,1
104,2022-03-22 00:00:00-04:00,423.05782555472354,427.5364365955232,423.05782555472354,426.5970764160156,74650400,0.0116335493063352,0.0113198794331641,0.0018030281664447,-0.0001399305014066,0.0378635914953405,-0.0088156215886162,58.454140486866194,3.46496189142681,0.0135747201499466,0.0157922642848255,0.0133246580065091,0.0008359220516896,0.0200624969246245,-0.0559404623987796,-0.1286555738396436,408.23697967529296,417.6144934082032,420.5845835876465,1.0142955616135088,-0.0219821331446849,-0.0069622844216281,0.0006697888857308,9.385631263840504e-07,0.999999061436874,0
105,2022-03-23 00:00:00-04:00,424.0541434470879,425.55332638564335,421.0177861842086,421.1031799316406,79426100,-0.0129620661655138,0.0043410735632103,0.0016995727493384,-0.0006250932850945,0.0356910277361065,-0.0393808769609583,55.83871366905673,3.2496549110564046,0.0133457643619875,0.015885722592555,0.0132242710775605,0.0007775081898422,0.0200977308189315,-0.0680984579908781,-0.1286555738396436,409.3356048583984,417.229857788086,420.7127021789551,1.0009281339751883,-0.0187466001348387,-0.0082707625039414,0.00091339994198,2.874847550409026e-06,0.9999971251524494,1
106,2022-03-24 00:00:00-04:00,423.1337875083992,427.4605781695496,422.0141418892532,427.4510803222656,64736900,0.0149619632068005,0.0048468318269273,0.0032643322436417,-0.0005455199579237,0.0685509771164764,-0.034367757349194,61.70206574276412,3.3698728666437727,0.0133734028561686,0.0154718008209878,0.0133037665666795,0.0007316560008011,0.0196239568604001,-0.0540505513388693,-0.1286555738396436,410.4512969970703,416.8919665527344,420.8755105590821,1.0156235504281272,-0.0150676179150332,-0.0093192980196572,0.0007904793107478,5.310477728548066e-07,0.9999994689522269,1
107,2022-03-25 00:00:00-04:00,428.0867920742761,429.8137206376512,425.4963992292135,429.5385437011719,77101300,0.0048716284277604,0.0036425016294722,0.0027850290671283,-0.000566651713227,0.0584856104096959,-0.0356990579333024,73.51111562340134,3.414517569160158,0.0116695481180244,0.0152463772626646,0.013293928096024,0.0006976158574005,0.0182110819369087,-0.0494309938660283,-0.1286555738396436,411.2244140625,416.5717980957031,421.0395782470703,1.0201856687427953,-0.0124491366644928,-0.0104013486493436,0.0007453777122595,8.922126517926123e-07,0.9999991077873479,1
108,2022-03-28 00:00:00-04:00,428.9407325686296,432.5938415527344,427.0430166243515,432.5938415527344,68529800,0.007087799262699,0.0051185748076162,0.0020832979469945,-0.0006772099219741,0.0437492568868845,-0.0426642250843726,77.83963888004534,3.463436630452251,0.0104166373564081,0.0146538817967078,0.0131990076795505,0.0007134313115769,0.0171106930716851,-0.042669618234454,-0.1286555738396436,412.20326538085936,416.4355157470703,421.2156443786621,1.027012760152478,-0.0097834272236051,-0.0110499229818764,0.0003150353415657,3.7840847992573467e-06,0.9999962159152008,1
109,2022-03-29 00:00:00-04:00,436.4935916191658,438.4387676476558,433.798838714256,437.9453430175781,86581500,0.0122948374339879,0.0052508324331468,0.0027907527662633,-0.0004690758796372,0.0586058080915309,-0.0295517804171448,76.05353791016337,3.651114836576256,0.0095464963658633,0.0147765254717196,0.0132997580538425,0.0007225679080664,0.0158091741098363,-0.0308267428898377,-0.1286555738396436,413.7642105102539,416.4026696777344,421.4140196228028,1.0392282236114787,-0.0060246311772621,-0.0114428661589107,7.50003850015637e-05,4.313697157849313e-07,0.9999995686302838,0
110,2022-03-30 00:00:00-04:00,436.7973231241973,437.6133561269199,433.1252470040713,435.2412109375,79666900,-0.006193729650436,0.0066044997361623,0.0032266458279578,-0.000587682052938,0.0677595623871142,-0.0370239693350957,75.03277548188817,3.393512842115661,0.0092167052795999,0.014343377105143,0.0133172290298027,0.0007295253332981,0.015616434277835,-0.0368109884983135,-0.1286555738396436,414.81584014892576,416.4714392089844,421.60252655029296,1.032349626789013,-0.0038038655771875,-0.0117890659532362,0.0001580032623791,2.0589334477377875e-06,0.9999979410665527,0
111,2022-03-31 00:00:00-04:00,434.4726915828893,435.2981935771152,428.086865524076,428.5423278808594,121699900,-0.015510870630099,0.0005099329687824,0.0016199885315872,-0.00078994394987,0.0340197591633332,-0.0497664688418124,73.26267037340689,2.607651589594689,0.010945871189323,0.014468011178794,0.0134470175074092,0.0007301237746877,0.0156057032696857,-0.0516356199609294,-0.1286555738396436,415.63562927246096,416.4959033203125,421.7686372375488,1.0160602046839615,-0.0020074424202285,-0.0123038812602479,5.708680271822425e-05,2.5413618768290555e-05,0.9999745863812319,1
112,2022-04-01 00:00:00-04:00,430.1268450058837,430.26916792356127,426.1701231101965,429.7568054199219,89048800,0.0028299652241855,0.0001016003280674,0.0019924048120673,-0.0007049698052152,0.0418405010534153,-0.0444130977285637,77.01526509370697,2.030952634353384,0.0105638040581747,0.0143897814522828,0.013452799986983,0.0007294493422889,0.0148656620558847,-0.0489479805762742,-0.1286555738396436,416.6835678100586,416.6392504882813,421.9414756774903,1.0185223074595426,0.0001031218615235,-0.0123377340913265,0.0003335541547241,1.974146107248682e-05,0.9999802585389277,1
113,2022-04-04 00:00:00-04:00,429.9560010487496,433.5426828875212,429.1304992777632,433.4382934570313,59601000,0.008529961219739,0.0003900327194754,0.0027870576098976,-0.0006612151905316,0.0585282098078499,-0.0416565570034915,75.11398013001597,1.7683939618092843,0.0107300414478142,0.0142614328199503,0.0134786683935637,0.0007241092186012,0.0139326097823665,-0.0404794297236213,-0.1283635968606046,418.518132019043,417.0221398925781,422.1593775939941,1.0267171984365688,0.0034514535264825,-0.0118522931152257,0.0008833769652491,7.033611426756568e-06,0.9999929663885736,0
114,2022-04-05 00:00:00-04:00,431.939157439223,434.4156630203916,426.8153298227524,427.9634399414063,74214500,-0.0127116698865187,-0.0046112687446258,0.0036066166624194,-0.0008576697637074,0.075738949910809,-0.0540331951135708,63.9755161067799,1.1281292374632723,0.011241245853388,0.0126963880436145,0.013563765010872,0.0009163577325826,0.0136616637450339,-0.0394650349600056,-0.1162796479896173,420.2293579101562,417.2603448486328,422.32199966430665,1.0133581491884955,0.0069375390148511,-0.0118273065950839,0.0005566011809029,0.0011554697390027179,0.998844530260997,0
115,2022-04-06 00:00:00-04:00,424.0351532872962,425.9708027025285,420.7900462798935,423.6840515136719,106898000,-0.0100497552988399,-0.0053824738743066,0.0034904743092038,-0.0007094302355478,0.0732999604932814,-0.0446941048395165,55.77274785118551,0.3584099664229612,0.0108911897808162,0.0128147355437445,0.0134081103621773,0.001050817557491,0.0137523705081672,-0.0490698325436244,-0.1162796479896173,421.1987915039063,417.5145532226563,422.4526539611816,1.0029148770659717,0.0086957209460386,-0.0116551489745325,0.0005999951452391,0.0013488564244000995,0.9986511435755995,1
116,2022-04-07 00:00:00-04:00,422.8016387112071,427.640820370861,420.8469935201735,425.8190002441406,78097200,0.0050263579886539,-0.001275028150556,0.0024699345426545,-0.0006147287360361,0.0518686253957456,-0.038727910370279,53.76306054625762,-0.0435678268822981,0.0098389024152366,0.0116990239159764,0.0134275123365453,0.0012694782375581,0.0136070233407387,-0.0442780846680027,-0.1162796479896173,422.36625213623046,417.8320806884765,422.5963789367676,1.007625766494926,0.010648119142533,-0.011188552520107,0.0007456864668749,0.03237495062610457,0.9676250493738952,0
117,2022-04-08 00:00:00-04:00,425.0598962746841,427.5838618920814,423.1337157978344,424.6803588867188,79272700,-0.0026775847047606,-0.0023765381363452,0.0025579408118327,-0.0005943500015975,0.0537167570484878,-0.0374440501006488,52.76330844651832,-0.4027936179331073,0.009679289313076,0.0116506188407433,0.0134233247466207,0.0014371213096978,0.0134695514823542,-0.0468336881013101,-0.1162796479896173,423.732649230957,418.1673223876953,422.7226658630371,1.004631152246556,0.0131047427242713,-0.0107265226187606,0.0007893977015975,0.023619698078398955,0.9763803019216009,0
118,2022-04-11 00:00:00-04:00,421.3973809199232,422.2418785763653,416.91879823113015,417.4216918945313,89770500,-0.0172398268465993,-0.0075304957496129,0.0023463512013085,-0.0008482341233887,0.0492733752274791,-0.0534387497734893,41.94032291356714,-1.1060397630383545,0.0104117739449966,0.0119791332195396,0.0135861039763541,0.0015449663841923,0.0140268694091991,-0.0631252747063069,-0.1162796479896173,424.8813140869141,418.1547741699219,422.8055654907226,0.9872663133231402,0.0161144953595074,-0.0111417097173183,3.006124985138273e-05,0.007614387893195537,0.9923856121068049,0
119,2022-04-12 00:00:00-04:00,420.4200400306023,422.9535039337101,414.318889312734,415.8750305175781,84363600,-0.0037121546537956,-0.0057305927030683,0.0025188803673158,-0.0010510781751463,0.0528964877136321,-0.0662179250342206,45.0653911428443,-1.620998133871104,0.0088087247152691,0.0118582024791798,0.0135309652652841,0.0016459350792388,0.014603802997218,-0.066596651447843,-0.1162796479896173,425.5189392089844,417.960703125,422.87669158935546,0.983442783177616,0.0181742964336611,-0.011820831027622,0.0004666571221656,0.003747129269932108,0.9962528707300681,1
120,2022-04-13 00:00:00-04:00,415.6282453101172,421.3972888860872,415.4479599836638,420.6382141113281,74070400,0.0113883076059784,-0.0014429801221046,0.0020253599856696,-0.0009131674664868,0.0425325596990622,-0.0575295503886729,43.37135540941628,-1.5845722590795788,0.0102230248458819,0.0112159914770837,0.0136138362472843,0.0017595850266523,0.0143691395710032,-0.043107290490522,-0.1042993922415971,425.9477767944336,417.8043829345703,422.9705529785156,0.9944858126629303,0.0193596149533575,-0.0122817420544154,0.0003716262222156,0.01717433314384066,0.982825666856159,0
121,2022-04-14 00:00:00-04:00,420.865976406667,421.9856509126384,415.2961842874288,415.4005737304688,97869500,-0.0125298227333444,-0.0049542162665043,0.000384322561022,-0.0008918250872125,0.0080707737814627,-0.0561849804943891,37.0388420951913,-1.8390765873730064,0.0098683547184656,0.0106653567895014,0.0135942290545317,0.0018403763874005,0.0149582079189666,-0.0550221848756297,-0.1042993922415971,425.85697174072266,417.4600708007813,423.0365351867676,0.981949640702008,0.0202139849363561,-0.0134243059317597,0.0008288677377043,0.026472640787564384,0.9735273592124355,1
122,2022-04-18 00:00:00-04:00,414.4706408777996,417.26028558117775,413.33199974941584,415.5713195800781,66002500,0.0004109545783363,-0.0043365084098849,-0.0001881639775436,-0.0008917916388014,-0.0039514435284163,-0.0561828732444923,33.52293875004578,-1.9132465914661043,0.009735195223344,0.0103027668383998,0.0135942323090276,0.0019174653571285,0.0146731793424082,-0.0510886205190266,-0.0902435992347688,425.5462188720703,417.3225457763672,423.09223693847656,0.982223929673538,0.0197888369775202,-0.0138837568673879,0.0003309300183492,0.008048608522524807,0.9919513914774754,1
123,2022-04-19 00:00:00-04:00,415.4669324784689,423.00086699763705,415.2961449953072,422.2797546386719,77821000,0.0160137729106799,0.0023142115415709,5.566904605845195e-05,-0.0003539814362258,0.0011690499672274,-0.0223008304822296,35.22452912955025,-1.4489176925568918,0.0109609678771545,0.0106334282251404,0.0135819915283949,0.0019087526585999,0.0147546620412951,-0.0357706472478175,-0.0902435992347688,425.5770568847656,417.27946044921873,423.166024017334,0.9979056225491632,0.0196495246205843,-0.0139399616094599,0.0001020302931295,0.023990601310127525,0.9760093986898726,0
124,2022-04-20 00:00:00-04:00,424.0636107025364,424.6803625829539,420.7995370153012,421.9666137695313,65224400,-0.0007418234657999,0.00290827777917,3.4275863307082566e-05,-0.0002000777226834,0.0007197931294487,-0.0126048965290568,36.88829084963774,-1.1162071973702854,0.0103728250759709,0.0106346157231289,0.0135206808520147,0.0019165114372582,0.0146066160670439,-0.0364856699649972,-0.0902435992347688,425.3455337524414,417.2573547363281,423.2419575500488,0.9969867264864288,0.0191678174343215,-0.0141826453051789,5.238735048996189e-05,0.02121976573387466,0.9787802342661253,0
125,2022-04-21 00:00:00-04:00,425.6008119158231,426.9956344536789,414.745873148652,415.6567687988281,85417300,-0.0150663519193737,-0.0023826541259003,-0.0012371480045838,-0.0002625601368241,-0.0259801080962603,-0.0165412886199191,37.17398356992624,-1.2635853860797048,0.0109426882713093,0.0107736715072176,0.0135809663380643,0.0018786528403526,0.0156941806306229,-0.0508935066307016,-0.0902435992347688,425.0732131958008,417.0394323730469,423.2791534423829,0.9819920622559262,0.0193279201153637,-0.0150117152846268,0.0005242844087708,0.007850942030593847,0.9921490579694062,0
126,2022-04-22 00:00:00-04:00,414.5655465281797,415.6756941570096,403.6821442602448,404.25146484375,132471800,-0.027822722637542,-0.0054412341067398,-0.0019447983127756,-0.0003894971112971,-0.0408407645682885,-0.0245383180117226,28.89432452211912,-2.026448374578303,0.0133039120483214,0.0120005059882081,0.0138023346290743,0.0017547817084611,0.0175318737134374,-0.0769362631913538,-0.0902435992347688,423.913232421875,416.4685418701172,423.2759538269043,0.9550541701905084,0.0184159890543262,-0.0168395480259256,0.0014122162875781,0.0010267190118999063,0.9989732809881002,1
127,2022-04-25 00:00:00-04:00,402.0026845299553,406.7659413001945,397.4196841407292,406.59515380859375,119647700,0.005780860246013,-0.0043672529732045,-0.0023819936918607,-0.000365002150792,-0.0500218675290761,-0.0229951354999021,27.28435795221533,-2.253047479485345,0.0137435656988202,0.0115110298382859,0.0138120448358074,0.0016508620342745,0.0182976097609715,-0.0715847073357874,-0.0902435992347688,422.7660629272461,416.1000341796875,423.2628617858887,0.9606209061031996,0.0163947570085811,-0.0176166084103725,0.000906325830443,0.00446174626571199,0.9955382537342876,0
128,2022-04-26 00:00:00-04:00,404.0521941345728,404.251475165839,394.7913596366904,394.81982421875,103996300,-0.0293884626864827,-0.013447700092637,-0.0040134266020628,-0.0006365006202968,-0.0842819586433194,-0.0400995390787039,24.65527155416241,-3.02755570040648,0.0154414403821403,0.0127885054879589,0.0142124171295599,0.0015293365529921,0.019603794421556,-0.0984723767164186,-0.0984723767164186,420.8773620605469,415.66363708496095,423.1835643005371,0.9329753268450576,0.0132053272297119,-0.0190464783029986,0.0011053069475173,0.00033909758613329225,0.9996609024138667,1
129,2022-04-27 00:00:00-04:00,395.9015280922262,401.2910638857322,393.7855931486508,395.9299926757813,122030000,0.0028078898349782,-0.0127377574324814,-0.0042172318129066,-0.0005520604157504,-0.0885618680710401,-0.0347798061922769,27.69554428370532,-3.2756589453955245,0.0156644914287167,0.0126359374933195,0.0142168978049901,0.0014405691267555,0.0196087353882504,-0.0959374292058871,-0.0984723767164186,418.776594543457,415.2766864013672,423.1168174743652,0.935746291152251,0.0088397146132745,-0.019801811476854,0.0009773209677262,0.0007820922612243488,0.9992179077387761,1
130,2022-04-28 00:00:00-04:00,400.69325298442976,407.66736507678297,396.2431066472543,405.9309387207031,105449100,0.0249456340059635,-0.0047353602474139,-0.0036148129285268,-7.752066467520031e-05,-0.0759110714990645,-0.004883801874538,35.81094380045809,-2.6059612230400298,0.0176882229664716,0.0137177650510193,0.0145624637929394,0.0013657969118387,0.0199955117505518,-0.0731013693998568,-0.0984723767164186,417.3110809326172,414.9558135986328,423.0970216369629,0.9594275496200748,0.0058021380223124,-0.0200556480468998,0.0007904615591648,0.0010549666142778051,0.9989450333857226,0
131,2022-04-29 00:00:00-04:00,401.9267967519265,404.0901920489912,390.17992890957805,390.9295349121094,145491100,-0.0376557173315258,-0.0067019591862107,-0.0051130028181025,-0.0010646280995347,-0.1073730591801543,-0.0670715702706872,29.897099481407565,-2.985762341185639,0.0206420233143705,0.0156021439058309,0.014969407320229,0.0014851322322763,0.0228276469525748,-0.1073554242671365,-0.1073554242671365,415.43044128417966,414.32545288085936,423.0092193603516,0.9241631553639632,0.0028265666946058,-0.0222131246272925,0.0016124663436216,1.161630162305657e-06,0.9999988383698378,1
132,2022-05-02 00:00:00-04:00,390.9959330128461,394.64904219767647,384.3064665675945,393.2826843261719,158312500,0.0060013257097984,-0.0066578660934536,-0.0040886125162026,-0.0012527136899922,-0.0858608628402566,-0.0789209624695091,34.72980971601612,-2.889126998578824,0.0209110414680291,0.0155915259796024,0.0148014081342286,0.0015840804748334,0.0231598287485691,-0.1019822665167913,-0.1073554242671365,413.6067352294922,413.9226361083984,422.9492027282715,0.929857963531476,-0.0008032412600302,-0.0229518536656111,0.0010242423287745,3.115933994929528e-06,0.9999968840660054,1
133,2022-05-03 00:00:00-04:00,393.78557938889816,397.50508664209,392.21994047752736,395.0855102539063,100028200,0.0045735712898783,0.0001345407018185,-0.0040055836559316,-0.0012870107916673,-0.0841172567745637,-0.0810816798750414,36.89116040279176,-2.527471751223623,0.019890545276809,0.0156347938716321,0.0147850969070156,0.001684235220092,0.0224485880694162,-0.0978657118907908,-0.1073554242671365,411.689096069336,413.60941528320313,422.9281265258789,0.9341670262021012,-0.0048605154176194,-0.0235865679728091,0.0007927924893879,1.06163353078832e-06,0.9999989383664691,1
134,2022-05-04 00:00:00-04:00,395.7497346500259,407.6863860969441,392.55208739689465,407.1170654296875,144247900,0.0299985510055667,0.0055726729359362,-0.0029832698566064,-0.0009642879589465,-0.0626486669887359,-0.0607501414136311,42.19010165571728,-1.3601315037244095,0.0230333606508884,0.0171261922815986,0.0152428607890505,0.001938312688382,0.0233966638885324,-0.0703929795793107,-0.1073554242671365,410.64677734375,413.6249841308594,422.9385971069336,0.962591421578755,-0.0073153572768217,-0.0228769898560853,3.824169748281755e-05,2.388537156254199e-09,0.9999999976114626,0
135,2022-05-05 00:00:00-04:00,402.8376681941231,403.26466589369136,388.5004371483432,392.6469421386719,172929100,-0.0361899320961031,-0.006654440284477,-0.0041012823427771,-0.0011611826076284,-0.0861269291983203,-0.0731545042805946,38.12399552095926,-1.4371726037340116,0.02508112338004,0.0185039467424761,0.015617902612855,0.0023342328831591,0.0264286312913,-0.1034339138459295,-0.1073554242671365,409.094921875,413.4953094482422,422.8603213500977,0.9285499781228912,-0.0112069829177177,-0.0238509737293407,0.0003302577167948,1.32208886724825e-13,0.9999999999998677,0
136,2022-05-06 00:00:00-04:00,390.075506016204,393.58626302991394,384.9801434972504,390.30322265625,151770800,-0.0059869110150748,-0.0003206790211868,-0.0039078135673597,-0.0013306767472706,-0.0820640849145551,-0.0838326350780487,37.104118066118446,-1.5129748342742682,0.0238614734352042,0.0184598295393543,0.0156113057904086,0.0026381676919117,0.0274434122454297,-0.1087855393850275,-0.1087855393850275,407.3191329956055,413.1986291503906,422.7660516357422,0.9232132550523182,-0.0150639190595753,-0.0245127939765382,0.0007601277177075,2.2970872016775543e-15,0.9999999999999973,0
137,2022-05-09 00:00:00-04:00,384.3823409911259,385.62534252328646,376.2221572616727,377.8067626953125,155586100,-0.0325410759156497,-0.0080291593462765,-0.0056967389913742,-0.0017961791185676,-0.1196315188188589,-0.1131592844697643,28.568815073011777,-2.228502690245085,0.0252407394126298,0.0193496060504183,0.0160980296951343,0.0029460992025951,0.0295566581705871,-0.1373198306160588,-0.1373198306160588,404.9754531860352,412.4732403564453,422.5882524108887,0.8940304434396948,-0.0198455610400411,-0.0267729777579464,0.00191999949596,9.777796718744033e-21,1.0,1
138,2022-05-10 00:00:00-04:00,383.80357611684485,385.312256912979,374.6281351627776,378.67974853515625,132497200,0.0023080020976119,-0.0084822731847298,-0.0054593300960231,-0.0018896111793267,-0.1146459320164865,-0.1190455042975869,29.25234825976604,-2.449203016173718,0.0241305699756022,0.0194189624475248,0.0160561378841717,0.0031856693599954,0.0307717936116791,-0.1353264635126924,-0.1373198306160588,403.0383560180664,411.7864990234375,422.4097444152832,0.8964749358690581,-0.023101692232583,-0.0280533760596903,0.0018135148120921,1.4701884396587388e-22,1.0,0
139,2022-05-11 00:00:00-04:00,377.71190234105785,383.37658562932586,371.9143650365518,372.6639709472656,142361000,-0.0160137257774863,-0.0176847285413404,-0.0054009443308273,-0.0023744338220726,-0.1134198309473736,-0.1495893307905743,29.335042714983103,-2.782228116352819,0.0242591831423866,0.0193835827808341,0.0160134259640788,0.0033748629679661,0.0311175832999141,-0.1490628296684325,-0.1490628296684325,400.8778030395508,411.1052496337891,422.2106005859375,0.8826494892124646,-0.0274441518138751,-0.0297999050563434,0.0018280527304981,1.630956032169455e-23,1.0,0
140,2022-05-12 00:00:00-04:00,369.4568538157906,375.5580041197264,365.4526716917147,372.2749633789063,125090800,-0.0010444013214886,-0.0106556223864175,-0.0052739084578603,-0.0021032502084782,-0.1107520776150665,-0.1325047631341309,32.80965252662864,-2.80276990474062,0.0218404234596686,0.019403935405575,0.0158864817976904,0.0035139795106267,0.0307878063527552,-0.1499510856450322,-0.1499510856450322,398.4596405029297,410.2665765380859,422.010357208252,0.8821465090137528,-0.0317156327892482,-0.0315459856971714,0.0022528323905831,1.4324929696983887e-24,1.0,1
141,2022-05-13 00:00:00-04:00,376.4215044235309,382.5606177445396,375.3777546786815,381.17529296875,104174400,0.023626625746313,-0.0047329150341399,-0.0046911314035586,-0.0014121017963686,-0.0985137594747321,-0.0889624131712276,37.23438363025232,-2.027164497208245,0.0213919764565778,0.0201006634301055,0.016045412821839,0.0036267212207328,0.030244954212902,-0.1296281624041599,-0.1499510856450322,396.7483764648438,409.6471514892578,421.8460650634765,0.9035885943641392,-0.033839483466919,-0.0320034215208666,0.0016250398707738,1.3730232353014868e-26,1.0,0
142,2022-05-16 00:00:00-04:00,379.5242405914911,383.31017481839024,377.2659538747973,379.6286010742188,78622400,-0.0040659466584149,0.0009621108173069,-0.0042880896857048,-0.0014246607451083,-0.0900498833998024,-0.0897536269418238,41.49762206840764,-1.455292155340814,0.0211818974528725,0.0200203245299079,0.0160472037880769,0.0036468307015975,0.0292844932224151,-0.133159863149906,-0.1499510856450322,394.9512405395508,409.0637628173829,421.6840930175781,0.9002677771352257,-0.0371745496464135,-0.0332438866947433,0.0015367352992481,7.369055727163401e-26,1.0,1
143,2022-05-17 00:00:00-04:00,385.73921927576754,387.67489759175146,381.9912188097621,387.4376831054688,83029700,0.0203616088754129,0.0045728321728671,-0.0033380585287012,-0.0013553976901377,-0.0700992291027258,-0.0853900544786787,45.57849070370187,-0.4407137048547955,0.022406301677335,0.02071574372866,0.0161328053862895,0.0036256541742362,0.0287939508585318,-0.1153286836300074,-0.1499510856450322,393.2091369628906,408.8775762939453,421.5654887390137,0.9190450676225228,-0.0404411858068782,-0.0327482663621402,0.000480558633185,2.377806873113474e-26,1.0,0
144,2022-05-18 00:00:00-04:00,382.86414689090776,383.1487926664534,370.5764260089453,371.8194274902344,117674500,-0.041146691617396,-0.0004537609951147,-0.0060599854109905,-0.002026301902647,-0.1272596936308017,-0.1276570198667674,33.22132196827776,-0.6959150034007244,0.0224281957421359,0.0217741285883093,0.0168893173123895,0.0036307885028159,0.0309877658889966,-0.1509912517203993,-0.1509912517203993,390.70177764892577,408.4391864013672,421.3520684814453,0.8824435793807142,-0.0477043624970544,-0.0347289063598412,0.0011790397708297,1.314166505017269e-31,1.0,0
145,2022-05-19 00:00:00-04:00,368.74513816270417,373.9828520999343,367.3123535230859,369.5421752929688,98510700,-0.0061434510528946,-0.0014735709413959,-0.0063172057722807,-0.0017810741494294,-0.1326613212178964,-0.1122076714140554,37.97479518470868,-0.8806337729682099,0.0203031611212758,0.0217400416593933,0.0167118631395731,0.0035515173242934,0.0294235574549034,-0.1561911065277929,-0.1561911065277929,388.3960479736328,407.74412231445314,421.1374563598633,0.8774858890186054,-0.052356877332016,-0.0362430459657062,0.0018808789182533,5.202008016982204e-31,1.0,1
146,2022-05-20 00:00:00-04:00,373.1384136201305,376.72509575107233,361.0784363825634,369.70355224609375,131432200,0.0004365989539788,-0.0061115762998627,-0.0055789700164068,-0.0016710299515152,-0.1171583703445439,-0.1052748869454637,36.40744127590867,-0.853857437913426,0.0204072387075928,0.0216912536686612,0.0167031375269025,0.0033956383276446,0.0304354894145729,-0.1558226200129848,-0.1561911065277929,386.66865234375,407.0887976074219,420.9105908203125,0.8783422425308393,-0.0552338357032587,-0.0373861520369977,0.0017725680563518,4.082160889322097e-28,1.0,1
147,2022-05-23 00:00:00-04:00,372.73978225409815,377.38920845771975,370.4150981091282,376.6206359863281,76414900,0.0185369358723798,-0.0015909997937038,-0.00337136723022,-0.0012055309312191,-0.0707987118346219,-0.0759484486668038,39.94832096290333,-0.2628441899427507,0.0192232891802808,0.0216733227600633,0.0168528937476846,0.003268238054179,0.0303317780884751,-0.1400282204366049,-0.1561911065277929,385.16992645263673,406.6741619873047,420.7148809814453,0.8951920956723614,-0.0570978684647767,-0.0372808010303778,0.0011009370716804,2.5255170116068705e-24,1.0,0
148,2022-05-24 00:00:00-04:00,372.4836996470706,374.9412384284281,367.1700889774752,373.7456970214844,91448800,-0.0076627985719371,-0.0071958812831738,-0.0040115414596462,-0.0010430676359551,-0.084242370652572,-0.0657132610651717,29.822152890721327,0.026534994885619,0.019330439488088,0.0215878498471907,0.0167383262722869,0.0030055642439279,0.0294788445149308,-0.1465928272093007,-0.1561911065277929,384.1162200927735,406.2601080322266,420.50648803710936,0.8887988833801338,-0.0592485428352107,-0.0381178435455374,0.0011078494237601,1.0362481290311794e-22,1.0,1
149,2022-05-25 00:00:00-04:00,372.2464496803005,379.0213091538963,371.8479455682336,377.0476684570313,91472900,0.0087960093329147,0.0027926589068883,-0.0021932332682464,-0.0011405436010602,-0.0460578986331744,-0.0718542468667978,39.09521962650119,0.505821570257261,0.0188191635252631,0.0209419666084526,0.0166614697235285,0.0027574585714015,0.0270528532444477,-0.1390531387797006,-0.1561911065277929,383.172103881836,405.7386108398438,420.3120210266113,0.8970661070699169,-0.059850541047914,-0.0386513733035544,0.0013831067952678,4.092466544859933e-18,1.0,1
150,2022-05-26 00:00:00-04:00,378.2812324449887,386.2231692896121,378.072482526249,384.5816345214844,82168300,0.019784458874741,0.0079782408924154,-0.0013848252187338,-0.001172919694882,-0.0290813295934115,-0.0738939407775672,46.27088916673264,1.3479365654692348,0.019679886973581,0.0214657902640042,0.0166180507953788,0.0024211529820304,0.026628638537362,-0.121850156296677,-0.1561911065277929,382.104638671875,405.18901428222654,420.1500561523437,0.915343527603951,-0.0600246437640586,-0.0389021225330545,0.0014290764516123,2.971513599026935e-17,1.0,1
151,2022-05-27 00:00:00-04:00,387.0486243318064,394.1365939090982,386.8493722833649,394.0227355957031,84768700,0.0242525323304299,0.0127414275677057,-0.0014178300604259,-0.0007472967408964,-0.0297744312689451,-0.0470796946764787,61.00733940012885,2.4919570063203498,0.0197527465045679,0.0214237732164218,0.0169225027041277,0.0021069641072078,0.0251701009906824,-0.1002924408768334,-0.1561911065277929,382.25929870605466,404.7251354980469,420.0290484619141,0.938084489724122,-0.0570166002173129,-0.0388401774347613,0.0011772893852897,3.2190056051128796e-17,1.0,0
152,2022-05-31 00:00:00-04:00,392.40023804607233,395.1614184678653,389.06026810856656,391.81195068359375,95937000,-0.0056266051454641,0.0079087193641369,0.0001073657579579,-0.0005929970773956,0.0022546809171165,-0.0373588158759234,58.75507930346097,3.015958672898547,0.0198235804638345,0.0197929783287461,0.0168313025953897,0.0018973700450959,0.0244766320462827,-0.1053405249525228,-0.1561911065277929,382.1857620239258,404.1256469726562,419.89318130493166,0.933122918228708,-0.0559959565052876,-0.0402426069566429,0.001530041450611,2.092341873794542e-12,0.9999999999979075,0
153,2022-06-01 00:00:00-04:00,393.93734344422586,394.9525993806432,386.1187347298113,388.6427001953125,86585800,-0.0081215940095505,0.0078169602766142,-0.0005651542286777,-0.001011259404431,-0.0118682388022325,-0.063709342479156,61.0731027680272,3.0558345364861097,0.0191106539761118,0.0198226119515122,0.016682782132514,0.0016345787493614,0.0241931656849714,-0.1125771597034352,-0.1561911065277929,381.8636215209961,403.4652410888672,419.7365351867676,0.9259205897394196,-0.0555822084321027,-0.0418669747038173,0.00169926228759,1.1256095205541105e-11,0.9999999999887441,1
154,2022-06-02 00:00:00-04:00,388.4814543559946,396.0912850769354,386.2231676872298,396.0438537597656,79609600,0.0188645339049507,0.0098306651910214,0.0001153678006114,-0.0006326036810842,0.0024227238128396,-0.0398540319083086,65.01258085420281,3.457792994387473,0.013133366482759,0.0202485800214983,0.0168607777689489,0.0012926001127588,0.0236982677995691,-0.095677439949694,-0.1561911065277929,381.3099609375,402.8541766357422,419.6306597900391,0.9437915093189924,-0.0543985609010626,-0.0423601654085339,0.0015429211874492,1.7677065502658709e-12,0.9999999999982325,0
155,2022-06-03 00:00:00-04:00,391.3090821713431,392.8652233845477,388.5668972671887,389.5442199707031,71874300,-0.0165475579822342,0.0025642618196263,-0.00210111357976,-0.0007657752754896,-0.0441233851749612,-0.0482438423558472,55.45117885944529,3.1706296973297743,0.0145638723120255,0.0193411216466676,0.0169540469849155,0.0011040420236743,0.0235786633692477,-0.1105186384980746,-0.1561911065277929,381.1548248291016,402.2229974365234,419.5151184082032,0.9285582399241754,-0.0540841617647576,-0.0443906495980872,0.0016203017959456,8.080343081652364e-11,0.9999999999191962,1
156,2022-06-06 00:00:00-04:00,393.5673313620774,395.3037288108325,389.5536514825728,390.7302551269531,57508900,0.0030400483612787,-0.0016782349742038,-0.0002330192722656,-0.0002425616508744,-0.0048934047175793,-0.0152813840050907,57.26530105207153,2.94984673985049,0.0144909320249381,0.0177097126262852,0.0165433889469656,0.0011805566242181,0.0234550443203557,-0.1078104577281231,-0.1561911065277929,381.1761764526367,401.4885809326172,419.40231231689455,0.9316359105615106,-0.0519857477465643,-0.0458467987805473,0.0018795997859638,2.690492918637026e-08,0.9999999730950705,1
157,2022-06-07 00:00:00-04:00,387.22898043918536,394.93370326048847,386.76402029869297,394.4782409667969,59272400,0.0095465454673883,0.0013563951483665,0.0005066691316611,2.9776624501750067e-05,0.0106400517648837,0.0018759273436101,54.86624343008096,2.9390179107059264,0.013859542424563,0.0177816213051401,0.0165613493386027,0.0012408313946845,0.0232545367933894,-0.0992523444849979,-0.1561911065277929,382.0097503662109,400.78737487792966,419.2918035888672,0.9408203012563512,-0.0476011667099763,-0.0469086169761516,0.001777553187646,9.697321367603311e-09,0.9999999903026788,0
158,2022-06-08 00:00:00-04:00,392.7608199081103,394.5541755868327,389.3923852913844,390.1894226074219,64350000,-0.0109316625835766,0.0007943814335613,0.0015356888141408,-0.0005637052115262,0.0322494650969568,-0.0355134283261563,65.0545712828003,2.540763241956914,0.0142157301881965,0.0163403895193145,0.0162663231051053,0.0014979287999634,0.0213684228366844,-0.1090453892741575,-0.1561911065277929,382.5852340698242,399.9392864990234,419.1415283203125,0.9309252275027132,-0.044475968398199,-0.0492126149729304,0.0021735299056518,1.5707773466161832e-07,0.9999998429222651,0
159,2022-06-09 00:00:00-04:00,388.4054869539983,390.68274010880896,380.9095153808594,380.9095153808594,86289800,-0.0240704657212876,-0.0077926184916862,0.0002795712989551,-0.0008739393284117,0.0058709972780572,-0.0550581776899414,58.3566168898852,1.596244185667801,0.0166526752343921,0.017265733143559,0.0165273914308769,0.0016168081433881,0.0224708376125131,-0.1302350362803822,-0.1561911065277929,382.9975112915039,398.798569946289,418.9415180969238,0.909218826320132,-0.0414824466618697,-0.0528811891992103,0.0029947179229529,4.232198802870341e-08,0.9999999576780123,0
160,2022-06-10 00:00:00-04:00,374.6850525131261,375.539018923671,369.81740632911726,369.8648376464844,132893900,-0.029424219241732,-0.0103679507435858,-0.0003590236279137,-0.0011378722524775,-0.0075394961861883,-0.0716859519060827,50.10221223243507,0.242588749473692,0.0177272683268689,0.0181251077092835,0.0168504681228858,0.0016638537729221,0.0222622699009529,-0.1554543425487713,-0.1561911065277929,382.8770050048828,397.4910424804688,418.6818684387207,0.883403045433334,-0.0395118323995805,-0.0572934320902006,0.0035351494187452,6.402140039358269e-09,0.9999999935978598,0
161,2022-06-13 00:00:00-04:00,360.42371387649325,362.2834674319873,354.2086766578207,355.8217468261719,170004900,-0.038707740948587,-0.018717508605559,-0.0021525159911088,-0.0016358480272177,-0.0452028358132866,-0.1030584257147212,37.9109000529301,-1.488449215716654,0.0177972728170666,0.0199662165357223,0.0174880778320203,0.0016591310546741,0.0247409066221217,-0.1875201951584857,-0.1875201951584857,381.6093276977539,396.036630859375,418.3644529724121,0.850506643903696,-0.0405464345288295,-0.0627500210771119,0.0040874725450782,9.543955944945606e-13,0.9999999999990452,0
162,2022-06-14 00:00:00-04:00,357.5771495518812,358.6114013157457,351.6372890983715,354.7495422363281,104011800,-0.0030178686364309,-0.0212303914263228,-0.0034213014379062,-0.002029024285265,-0.0718473301960306,-0.1278285299717005,38.72237964445926,-2.534115234709291,0.0178905986902423,0.0190727221376494,0.0172303212743116,0.0016704429604711,0.024317055798224,-0.1899684563557757,-0.1899684563557757,380.36537475585936,394.5364855957032,418.02293182373046,0.8486365584984628,-0.0399468051473995,-0.0662057125710991,0.0042287447482384,4.215739152862683e-12,0.9999999999957838,1
163,2022-06-15 00:00:00-04:00,358.0610216928037,364.26656078644334,353.0890153068255,359.80694580078125,125666800,0.0141556002904801,-0.0162129388515115,-0.002553608726054,-0.0021524586169123,-0.0536257832471355,-0.1356048928654753,39.97352748874616,-2.69843482134587,0.0194599073932922,0.0194526293829682,0.0170831266956507,0.0016734754679485,0.0247701649715102,-0.1784204318246639,-0.1899684563557757,378.983837890625,393.0638586425781,417.69739532470703,0.8614057684536834,-0.0391321538293731,-0.0684632049759486,0.0040928252506287,1.484999146378231e-12,0.999999999998515,0
164,2022-06-16 00:00:00-04:00,351.5613800602234,351.96938204270447,345.460201230786,347.8987731933594,134473300,-0.0336560701140166,-0.0181300597300573,-0.0051258791541221,-0.002884033886789,-0.1076434622365652,-0.1816941348677074,29.699628047866028,-3.3782827922573238,0.0185574754165555,0.0198386033110097,0.0174317464691676,0.001663052599599,0.0266797490340509,-0.205611433618109,-0.205611433618109,377.7878051757813,391.4625653076172,417.3154656982422,0.8336589505765465,-0.0393067213382657,-0.0743115595186538,0.0046027564864994,8.281173991457602e-15,0.999999999999992,1
165,2022-06-17 00:00:00-04:00,348.3152920555213,352.0032306713774,345.1324194424218,348.6488037109375,111113900,0.0021535666258114,-0.0118145025565486,-0.0030639620949218,-0.0030227594866179,-0.0643432039933576,-0.190433847656932,22.217484295392,-3.530098471550218,0.0190905597613046,0.0180798416556138,0.0173549422648735,0.0016457324848857,0.0260724459479689,-0.203898821463336,-0.205611433618109,376.7431365966797,389.9618603515625,416.9361589050293,0.8362162797934577,-0.0379141520469474,-0.077368108728206,0.0043043456340062,9.878481312679725e-12,0.9999999999901217,1
166,2022-06-21 00:00:00-04:00,354.39517152757065,358.8168766209317,354.3189186862377,357.4255676269531,76811900,0.0248620155570943,0.0008994487445876,-0.0015875113039699,-0.0026234804043145,-0.0333377373833685,-0.1652792654718165,30.51213765941499,-2.822702129312301,0.0219225102844098,0.0190554617048759,0.0177046068047012,0.0015810238299491,0.0262449651259276,-0.183858046841688,-0.205611433618109,376.1292373657226,388.5939916992188,416.5942051696777,0.8579705699011695,-0.0348737064789546,-0.0783385857267013,0.0038270028118732,5.277104701059034e-13,0.9999999999994724,0
167,2022-06-22 00:00:00-04:00,353.1848911507089,360.9038480652857,352.7655877768449,356.7775573730469,90059400,-0.0018146390264714,0.0011400946665795,-0.0016947131125628,-0.0028369437111844,-0.0355889753638189,-0.1787274538046232,31.409744885332827,-2.2088847832658383,0.0211402264842606,0.0190498368019292,0.0176107614479794,0.0015059498957331,0.0261533701847809,-0.1853377069505072,-0.205611433618109,375.13708343505857,387.2359356689453,416.2495283508301,0.8571242321561069,-0.0339114722432952,-0.0813212380720127,0.0038064502719083,6.459989514803595e-13,0.9999999999993543,1
168,2022-06-23 00:00:00-04:00,358.9216285511947,361.0085769868661,355.3480408952912,360.2748107910156,79292100,0.0097546045565895,0.0002598955198014,-0.0021129193656956,-0.0024763616362304,-0.0443713066796094,-0.15601078308252,28.13627854121478,-1.4163227199908368,0.0220369253913733,0.0186762149165303,0.0176326542395769,0.0014224508230755,0.0250652938807382,-0.1773521136025528,-0.205611433618109,374.4635391235352,386.092998046875,415.9299490356445,0.8661910776714485,-0.032279411646366,-0.0828171998016177,0.0031724050303736,1.674501023556367e-12,0.9999999999983258,1
169,2022-06-24 00:00:00-04:00,363.4577121981464,371.7389089912618,363.4291246578567,371.7293701171875,98050300,0.0312989862869025,0.0132509067999852,-0.0002575962771795,-0.0022170438095621,-0.0054095218207698,-0.1396737600024179,39.73265653223864,-0.0422295845056446,0.0243757794051199,0.0199866050810092,0.0180093583180323,0.0013330897084022,0.025059063381593,-0.1511968878219875,-0.205611433618109,374.19762420654297,385.2100848388672,415.6702261352539,0.894289142557522,-0.0296249409317659,-0.0819417128293741,0.002375150523429,1.8834721293091703e-15,0.9999999999999982,0
170,2022-06-27 00:00:00-04:00,372.6538057621737,372.9492200917813,369.21364511264136,370.3095397949219,66009600,-0.0038268399029988,0.0120548254942232,-0.0008586843360325,-0.0023551147354472,-0.0180323710566835,-0.1483722283331773,38.26243331745278,0.8028065074921562,0.0224989840897142,0.0198902890060167,0.0179874662274064,0.001283661491613,0.0247647499097338,-0.1544389141271026,-0.205611433618109,373.4840194702148,384.2035113525391,415.4124713134765,0.8914261495906816,-0.0289473824742962,-0.0842780339340462,0.0027181948563506,3.719411634097114e-15,0.9999999999999964,0
171,2022-06-28 00:00:00-04:00,371.8722916194121,374.6644476814661,362.6286002922185,362.7429504394531,86548900,-0.020644792014449,0.0029534639799145,-0.0027838867593273,-0.0027953145969892,-0.0584616219458736,-0.1761048196103253,32.526026911110264,0.8778401459010121,0.0195697863504752,0.0197484026423846,0.0180916885866637,0.0011800225272981,0.026042622558829,-0.1717163883053473,-0.205611433618109,371.9200302124024,383.1503588867188,415.1335139465332,0.8737982799581253,-0.0309594677462681,-0.0881703008178868,0.0029033023647859,2.021623674588826e-14,0.9999999999999796,0
172,2022-06-29 00:00:00-04:00,363.29574686594935,364.286801041329,360.6179404700163,362.4476013183594,65676000,-0.000814542155045,0.0031534833541998,-0.0039775569729213,-0.0030033999872913,-0.0835286964313486,-0.1892141991993583,34.02223631462684,0.9283505660675884,0.0195202746413115,0.0187656290586448,0.0179904334110243,0.0010515520162488,0.0257696281414439,-0.167248890476949,-0.2006759368121574,370.4518127441406,382.0878845214844,414.84772476196287,0.8736882949673392,-0.032104148944617,-0.0903850380615529,0.0029313874926189,1.027251601267383e-12,0.9999999999989733,0
173,2022-06-30 00:00:00-04:00,358.54043407516025,362.75251565641565,355.03356025628176,359.5029296875,112508300,-0.0081575892921074,-0.0004289554155395,-0.0040980800275234,-0.003034572362556,-0.0860596805779919,-0.1911780588410297,36.70044969461038,0.7896529964450991,0.0192687164986709,0.0187848675104546,0.0179977504389476,0.0010341490401765,0.0255725492732659,-0.1705787533903273,-0.1973510913893255,368.99482421875,380.83234802246096,414.5585336303711,0.8671946191512734,-0.032927475205837,-0.0938133818192435,0.0034924235530286,3.3940983754587328e-12,0.9999999999966063,1
174,2022-07-01 00:00:00-04:00,358.84540602497094,363.74361787819856,356.2152359819502,363.3052368164063,74839700,0.0105210272346136,-0.0045845472259973,-0.0032103361587536,-0.0026213676345447,-0.0674170593338277,-0.1651461609763168,45.52161529790963,0.9684109235435594,0.0153905413252714,0.01902420130699,0.0180055184426908,0.0010131859084135,0.0246042543233587,-0.1618063232974998,-0.1973510913893255,367.357893371582,379.65912048339845,414.2709246826172,0.8769749822407716,-0.0338592067089657,-0.0952692135751116,0.0032293163438637,1.2951040508492254e-12,0.999999999998705,1
175,2022-07-05 00:00:00-04:00,358.197399099367,364.0104412734267,355.3575774256308,363.9913635253906,81438000,0.0018867870747941,-0.0034418218304387,-0.004018800293523,-0.002636338716281,-0.0843948061639843,-0.1660893391257083,56.82174011428432,1.1356984611119074,0.015394969839388,0.0183893441765942,0.0180013043258315,0.0009665694229503,0.0231835691150631,-0.1602233373930659,-0.1973510913893255,366.0802505493164,378.62581237792966,413.9900820922852,0.879227255121177,-0.0344666469750953,-0.0971568923279923,0.0028388258871332,4.8730806469151265e-12,0.9999999999951275,1
176,2022-07-06 00:00:00-04:00,364.1343183853388,367.717445353006,361.7424165306726,365.220703125,70426200,0.0033716961648338,0.0013614758054178,-0.0030702643817579,-0.0027182159393748,-0.0644755520169162,-0.1712476041806134,58.72067577809486,1.319105182706454,0.0136023168025445,0.0182237689922931,0.0179613829686965,0.0009647911915468,0.0229101356038609,-0.1466077028098394,-0.1870829591401751,364.8047729492188,377.8451971435547,413.73585021972656,0.8827388367023037,-0.0357055996080066,-0.098271135149444,0.0021373794740978,1.4005354436483134e-10,0.9999999998599467,1
177,2022-07-07 00:00:00-04:00,367.0026750631787,371.4910929211307,365.2396993738306,370.6906127929688,64525900,0.0148659499729742,0.0044975742310217,-0.0025071262097724,-0.002280475941605,-0.0526496504052207,-0.1436699843211205,59.00236774216348,1.770617380635863,0.0140756322665185,0.0186008432236751,0.0180497346897537,0.0009370978015047,0.0216265112657694,-0.1294643673005769,-0.1829890798816074,363.61539154052736,377.1271063232422,413.5436558532715,0.8963760114470058,-0.0364501131574678,-0.0982397402935262,0.0019371702318061,4.7876992898659056e-11,0.9999999999521227,0
178,2022-07-08 00:00:00-04:00,369.05148814321154,372.26297628036,367.5172419926224,370.3856506347656,72397800,-0.0008230250797857,0.005964487073486,-0.0030009152834473,-0.002134019906382,-0.0630192209523947,-0.1344432541020662,73.01827592066856,1.993929457599445,0.0139776698985579,0.018401429547341,0.0180230910751202,0.0009139681116893,0.0197927707306847,-0.1301805452025218,-0.1829890798816074,362.62520294189454,376.6384228515625,413.3518687438965,0.8960541336375286,-0.0378341328441103,-0.0991222144524622,0.0013193909398006,6.87144742719761e-11,0.9999999999312852,0
179,2022-07-11 00:00:00-04:00,367.6984180612563,368.6704236096154,365.45896357627913,366.1546325683594,58366900,-0.0114890243023341,0.0015624767660964,-0.0030274563176739,-0.0023961688316357,-0.0635765826711524,-0.1509586363930544,66.72743740526442,1.807407446989142,0.0103522485005173,0.0184138380528567,0.0180373662085037,0.0007284807593106,0.0196422265705741,-0.1378112387202978,-0.1807985325590262,361.88745880126953,376.04291564941406,413.1189909362793,0.8863176000176572,-0.0386597781075506,-0.1012579713297587,0.0016263817228565,2.482527236419956e-10,0.999999999751747,0
180,2022-07-12 00:00:00-04:00,365.6018961252451,367.993827167092,361.1611136362,362.91455078125,62219200,-0.0088883282746254,-0.0005925463037874,-0.0023044973916423,-0.0024947520629034,-0.0483944452244901,-0.1571693799629193,55.8655504935707,1.4329069532666354,0.0105988525378817,0.0178352938723876,0.0180558919916292,0.0006732682840479,0.0191611283762341,-0.1405826426801311,-0.176141481158521,361.5399444580078,375.182587890625,412.8448393249512,0.8790579806560185,-0.0375918887882794,-0.1037771876416921,0.0023706069567534,6.03718627921166e-09,0.9999999939628141,0
181,2022-07-13 00:00:00-04:00,357.4541561966872,363.95332954690326,357.03485281396763,361.0086669921875,84224600,-0.0052654429244317,-0.0023199741216405,-0.0011540794717709,-0.0023046824768373,-0.0242356689071899,-0.1451949960407517,54.40301365634486,1.0420966373033007,0.0085044566486512,0.0167443264216762,0.0179609469446941,0.0008088497372305,0.0190209419555284,-0.1450959629805403,-0.176141481158521,361.7992904663086,374.58417053222655,412.557717590332,0.8750500877810933,-0.0354143300005443,-0.1051873556789904,0.0016576260159742,3.577730889001949e-08,0.9999999642226916,0
182,2022-07-14 00:00:00-04:00,356.0341352361056,361.2182219598205,353.5850586433905,360.1318664550781,89704800,-0.0024317062444837,-0.0057795053651321,0.0005733507522339,-0.0022843578989117,0.0120403657969133,-0.1439145476314399,49.84266737249138,0.724849103262021,0.0085268868313393,0.014380785561667,0.0179600530173092,0.0012330269503813,0.0194585025588334,-0.1471723129061,-0.176141481158521,362.0684066772461,373.9211541748047,412.2721974182129,0.8735293544176516,-0.032912242990963,-0.1064916682350629,0.0018410377397262,5.413342957254283e-08,0.9999999458665704,1
183,2022-07-15 00:00:00-04:00,364.5536231626373,367.1266182327333,362.6381997127906,367.0122680664063,79060400,0.0189250153809162,-0.0018298972729917,0.0016182499911552,-0.0021647276167698,0.0339832498142604,-0.1363778398565021,44.2267756297248,0.9637343768891506,0.0100407581716558,0.0148947952361717,0.0180773121870408,0.0014664132118703,0.0182238807710328,-0.1308788450432719,-0.176141481158521,362.42867279052734,373.3596893310547,412.0631196594238,0.8906700225192374,-0.0297837906021973,-0.1054554130636478,0.0015298258194693,1.8595058523009338e-08,0.9999999814049414,0
184,2022-07-18 00:00:00-04:00,370.109409022233,370.7860002847752,362.7525805204478,363.9819030761719,63203600,-0.0082911258926122,-0.0011903175910474,0.0005493582681508,-0.002097446714536,0.0115365236311682,-0.1321391430157699,42.54937640770015,0.9039916427549666,0.0100432011406703,0.0147548567607446,0.0180459734415037,0.0016441192597557,0.0192190234428008,-0.1380550474468831,-0.176141481158521,363.232829284668,372.4969860839844,411.83544921875,0.883804208128863,-0.0254522456227107,-0.1080780742182479,0.0023701817034837,8.217542954459036e-08,0.9999999178245706,1
185,2022-07-19 00:00:00-04:00,367.9175404264999,374.38812509860895,367.2600270043928,373.81634521484375,78506000,0.0266604716548591,0.0059194423948495,0.0034215745428592,-0.0016807877133213,0.071853065400044,-0.105889625939247,62.37758115716891,1.4791480282044915,0.0130997052001524,0.0135879592271707,0.0184043001883928,0.0018760944340283,0.0184020174722633,-0.1147661210168513,-0.176141481158521,364.49120635986327,372.1203741455078,411.6819773864746,0.9080221281193376,-0.0204088662341926,-0.1058316570353004,0.0010074785206626,3.649276510049282e-09,0.9999999963507236,1
186,2022-07-20 00:00:00-04:00,374.0069112091243,377.6186251870935,372.6346512565959,376.1986999511719,71843800,0.0063528398904731,0.0082430989578305,0.0036215399364145,-0.0018341358564992,0.0760523386647057,-0.1155505589594537,64.6854878975644,1.943150147503252,0.0131514332213212,0.0135992600576547,0.0182944080417053,0.0020933435483781,0.0185351825657011,-0.1084633530826132,-0.1755300968351635,365.4298629760742,371.8382836914063,411.5163809204101,0.9141767312148166,-0.0170346700192314,-0.1054711173487676,0.0007498443087074,3.417216507966452e-09,0.9999999965827833,1
187,2022-07-21 00:00:00-04:00,375.6174381384512,380.07726877334886,373.2064587109506,380.0296325683594,64903900,0.0101317690007185,0.0107557940068709,0.0029200996242062,-0.0016615391506815,0.0613220921083297,-0.1046769664929351,71.51423846673,2.401175192343344,0.0127545108987925,0.0128056440124034,0.0183560685462515,0.002316983452207,0.018188923132179,-0.0857128739498809,-0.1630142961493853,366.5924667358398,371.8827410888672,411.3963316345215,0.9237555207613573,-0.0139206890717285,-0.1039750249963642,0.0001169840287465,1.0197280832362074e-07,0.999999898027191,0
188,2022-07-22 00:00:00-04:00,380.1535642121348,381.35427008262405,374.2738075771249,376.5037231445313,72197300,-0.0093212941020153,0.0051065321102846,0.0025626398587041,-0.0015703477567551,0.0538154370327859,-0.0989319086755768,63.91407970205992,2.356474256902469,0.0132722553966846,0.0130469172883008,0.0183025930624292,0.0024637206827543,0.0182742828545643,-0.0751954287468782,-0.1454576515328012,367.4039123535157,371.8392205810547,411.2376329040528,0.9155381050264304,-0.0117802506453208,-0.1046428226365079,0.0001155911751656,1.2399454876112743e-08,0.9999999876005443,1
189,2022-07-25 00:00:00-04:00,377.1326763777424,377.8188064784601,374.7121578166086,376.9611511230469,53631500,0.0012141986981365,0.0070075970284344,0.0021559538654444,-0.0011094442434904,0.0452750311743329,-0.0698949873398984,63.7392315232206,2.2478541190607384,0.0124592244203202,0.0129442297732691,0.0179938376042622,0.0025915481952453,0.0172011818344,-0.0740718502546997,-0.1454576515328012,367.6655014038086,371.9251641845703,411.0727378845215,0.9170181244880872,-0.0113000047035914,-0.1038504195547002,0.0002279906119226,1.3440121110796661e-08,0.9999999865598781,0
190,2022-07-26 00:00:00-04:00,375.31251747797376,375.5221691455496,371.6055305018474,372.5013122558594,52946400,-0.0119015740713561,-0.0007048121168086,9.878432457498148e-05,-0.0013901178040836,0.0020744708160744,-0.0875774216572674,57.21848277247639,1.785932913894401,0.0128077948143203,0.0114247288031751,0.0180225122061246,0.0027348653448556,0.0172883521484369,-0.0850265344128802,-0.1454576515328012,367.7750900268555,371.92969116210935,410.8678228759766,0.9066207950976526,-0.011153252347203,-0.1045315289711566,1.2152917023681555e-05,4.031345126973138e-08,0.9999999596865486,1
191,2022-07-27 00:00:00-04:00,375.80796415604647,383.92717328867286,375.5125499261149,382.1737365722656,82342100,0.0256347523457338,0.0031515703742435,0.0015017172888003,-0.0005167334384928,0.0315360630648073,-0.0325542066250505,60.50935952170948,2.024601635637067,0.0143339411113839,0.0126606300451028,0.017976982837534,0.0027276928370619,0.0178143633536265,-0.0612681977138337,-0.1454576515328012,368.7466293334961,371.9496600341797,410.7150405883789,0.9305082570747208,-0.0083810853393844,-0.1014339208703552,5.225077015879364e-05,9.800703393330149e-08,0.9999999019929658,1
192,2022-07-28 00:00:00-04:00,382.9838107617271,387.6628029165216,379.41973266149375,386.9671630859375,73966600,0.0124645265290218,0.0036181218799041,0.0030783515051561,-0.0003634534909683,0.0646453816082781,-0.0228975699310071,64.02329649659549,2.3738944239044133,0.0141683552505923,0.0117969171617036,0.0180468200943069,0.0027403659323044,0.0182392517834733,-0.0494941235697967,-0.1454576515328012,369.972607421875,372.0964312744141,410.6011653137207,0.94244048915515,-0.005488382620381,-0.0995038796890255,0.0003792860331193,8.863529164942029e-08,0.9999999113647075,1
193,2022-07-29 00:00:00-04:00,388.4061300068698,393.5997563368219,387.6342373050366,392.6086730957031,87003700,0.0144735335063884,0.0083770874015849,0.0038063551080815,-0.0005296773084219,0.0799334572697115,-0.0333696704305823,71.85135815066856,2.8229258506466146,0.0138243393915046,0.0120143890149066,0.0178571770710574,0.0027550756977336,0.018287527642123,-0.0356369053669406,-0.1454576515328012,371.62789459228514,372.1998510742188,410.5205404663086,0.9563679143794864,-0.0014568106135398,-0.0976053052774733,0.000263417002455,1.0439475973415672e-07,0.9999998956052406,0
194,2022-08-01 00:00:00-04:00,389.90222919861486,393.961834059431,389.18751167139686,391.4460144042969,69997500,-0.0029657613484003,0.0075410953922775,0.0040535850101628,2.095691353243433e-05,0.0851252852134187,0.0013202855525432,74.40489957101084,2.870272384584384,0.0132724571462151,0.0118075249070357,0.0172172897456215,0.0027406884787386,0.0179662425065226,-0.0384927392047561,-0.1454576515328012,373.03493347167966,372.5923828125,410.4267503356934,0.9537536578308506,0.0011305534936999,-0.0966528362302265,0.0010027736235316,5.6131240000965914e-08,0.9999999438687597,0
195,2022-08-02 00:00:00-04:00,389.8736878063429,393.5711649045606,387.6818987628926,388.8635559082031,63435400,-0.0066190856115527,0.0085975930842382,0.0032373891603453,-0.0001793670756953,0.0679851723672522,-0.011300125768808,73.55356076554382,2.5662183881116576,0.0119808910962333,0.0119298811580584,0.0172200049108795,0.0026580056243793,0.0178965060495635,-0.0448360215561558,-0.1454576515328012,374.27854309082034,372.9788104248047,410.28554824829104,0.9477876019968317,0.0033423874422484,-0.0959378611254924,0.0009937357369532,2.3005034872472257e-07,0.9999997699496512,1
196,2022-08-03 00:00:00-04:00,390.9981782761689,396.12509070824535,390.71230285807104,394.9529724121094,67820600,0.0155381745595975,0.0065782775270109,0.0038874552310502,-5.325753953788098e-06,0.0816365598520556,-0.0003355224990889,77.05873146114845,2.605422232477286,0.0125256057079286,0.0122209905092243,0.0173239130292584,0.0025667317327211,0.0175533660232954,-0.0298786124446531,-0.1454576515328012,375.7651565551758,373.483798828125,410.158910369873,0.9629267155404444,0.0057762768896707,-0.0928594392333876,0.0012786038809535,5.479715392835254e-07,0.9999994520284607,0
197,2022-08-04 00:00:00-04:00,394.87676168254734,395.5628918410747,393.0375617721677,394.6861877441406,45656600,-0.0006757128865463,0.0039502296438973,0.0036947214666988,-0.0004922188316063,0.0775891508006753,-0.031009786391202,73.9684251425309,2.4461421173334243,0.0124868642912812,0.0122613796205886,0.0168927334041579,0.0024479100010124,0.0167563747714876,-0.0034280699037146,-0.1215650239470964,376.9649353027344,373.84510986328127,410.02471755981446,0.962591206922943,0.0079045721292774,-0.0916667692460193,0.0009154387621755,5.095733828809786e-07,0.9999994904266175,0
198,2022-08-05 00:00:00-04:00,390.38827994527,394.6670466027406,390.3311048647374,394.01904296875,56814900,-0.0016917472042174,0.0007171735017761,0.0029062596963563,5.537140477276037e-05,0.0610314536234837,0.0034883985006834,77.12562222441474,2.1396805290455294,0.0118119873755912,0.0120374232939985,0.0162643567658119,0.0022561824410997,0.0161179299411451,-0.0051125923853974,-0.1215650239470964,378.1466049194336,374.2505767822266,409.870929107666,0.9613246878147048,0.009887918380422,-0.090402616221431,0.0010290541185276,9.153021788748955e-06,0.9999908469782115,0
199,2022-08-08 00:00:00-04:00,395.715337324213,397.9738404362048,392.4562120570023,393.5616455078125,53886100,-0.0011615254641317,0.0010780206786298,0.0028901406304351,0.0001319648262163,0.0606929532391377,0.0083137840516265,71.4670966628843,1.765542486493514,0.0119099553297603,0.012042892190081,0.0162467955801847,0.0020205540401153,0.0152494180729234,-0.0062675085811552,-0.1215650239470964,379.51695556640624,374.5808563232422,409.70651138305664,0.96059407056836,0.0125421247204996,-0.0892507068733586,0.0008392066269299,3.720300670076523e-05,0.9999627969932988,0
200,2022-08-09 00:00:00-04:00,392.8278776287759,393.3329436008308,390.92196391054046,391.9988098144531,44931800,-0.0039789114755899,0.0016060555058223,0.0032477650507562,0.000585332515741,0.0682030660658818,0.0368759484916862,67.48954150159173,1.294028573996853,0.0109353879573632,0.0117012023719008,0.0157099933681308,0.0017089198795972,0.0148830467628322,-0.0102136263621103,-0.1215650239470964,380.9711685180664,374.7291998291016,409.52871795654295,0.957194923399853,0.0159234378592103,-0.0887745504735415,0.0003784284598455,5.0752145617419853e-05,0.9999492478543828,1
201,2022-08-10 00:00:00-04:00,399.0791998398741,400.3752360555678,397.1161113930713,400.2322692871094,68665700,0.0207862482020645,0.0026556702343157,0.0046608401210748,0.0008786380094625,0.0978776425425717,0.0553541945961389,70.37677958234374,1.4084262098239817,0.0099905155451417,0.0119514517209593,0.0159138461287734,0.0013497368360469,0.0148455811441486,0.0,-0.1215650239470964,382.9323486328125,374.8533905029297,409.3943074035644,0.9776205043627452,0.0201856740444066,-0.0863021788876712,0.000310296503701,2.2318592085581934e-05,0.999977681407914,0
202,2022-08-11 00:00:00-04:00,403.0911393453964,404.9589553891337,399.488964235232,400.2322692871094,59489700,0.0,0.002790812811625,0.0049115754984287,0.0011328241329146,0.1031430854670036,0.0713679203736253,75.76569346016632,1.3554147031345185,0.0096752234014183,0.0117868911666405,0.0157668908391055,0.0010389390291859,0.0145581638697341,0.0,-0.1215650239470964,384.9373687744141,375.021796875,409.2484436035156,0.9779689465963096,0.0247745438344478,-0.0855169594132923,0.0004207715993772,7.855321497266431e-06,0.9999921446785024,1
203,2022-08-12 00:00:00-04:00,402.176315049988,407.1126237777026,401.223358349722,407.0078125,61694500,0.0167873287897642,0.0064866280104214,0.0058267676429167,0.0014158674680139,0.1223621205012515,0.0891996504848781,78.68969685172677,1.6295634146093247,0.009992708505268,0.0119334334687831,0.0158867750591752,0.0009700694310552,0.0149780844282344,0.0,-0.1215650239470964,386.93714599609376,375.38909912109375,409.1345254516602,0.9948019225478162,0.0283730349156381,-0.082911003902576,0.0009024451983799,1.4227841393297236e-06,0.9999985772158603,1
204,2022-08-15 00:00:00-04:00,404.7875290405413,409.2092634211038,404.7303539478563,408.6851196289063,54048300,0.0041126002860409,0.0075414531604559,0.0051214145431607,0.0011061210321366,0.1075497054063761,0.0696856250246061,86.48858415168199,1.765326863098564,0.0097228500484941,0.0115521923895353,0.0156349828678173,0.000826917879643,0.0147633835046426,0.0,-0.1215650239470964,389.1723068237305,375.64192443847656,409.0385139465332,0.9991360365697174,0.0331071079797075,-0.0817171653775439,0.0006186310810933,1.4426266697057227e-05,0.9999855737333029,1
205,2022-08-16 00:00:00-04:00,407.6082390501984,411.4200664046575,406.79821992098886,409.4855651855469,59289000,0.0019566719435858,0.0087285698442911,0.005609404916313,0.0012017181528032,0.1177975032425742,0.0757082436266068,83.54405328943521,1.7472533713648426,0.0090033802830441,0.0111673217652824,0.0156212552378784,0.0006653157944848,0.0135476670880545,0.0,-0.1215650239470964,390.9557678222656,376.04075134277343,408.9258613586426,1.001368717119149,0.0364237905986597,-0.0803083498217285,0.0009739706065491,1.6403447967796386e-06,0.9999983596552029,0
206,2022-08-17 00:00:00-04:00,405.87380082435567,409.2949119653872,404.5682547687509,406.5789794921875,63563400,-0.0071234512102754,0.0031466299618231,0.0040006466846399,0.0007654473577923,0.0840135803774396,0.0482231835409182,75.25763066256869,1.3931488901774802,0.0089548303606573,0.010389440693534,0.0154605013096525,0.0006978447234294,0.0130602419411116,-0.0070981395694432,-0.1215650239470964,392.4747817993164,376.35772583007815,408.7942932128906,0.994580859475087,0.0396406523263162,-0.0797792532789702,0.000779613564136,0.0002705147087735079,0.9997294852912266,1
207,2022-08-18 00:00:00-04:00,406.7791382170342,408.4468126683968,405.4831308884467,407.7607116699219,49023200,0.0029023097365299,0.0037270919091291,0.0038363357249284,0.0014646378554737,0.0805630502234966,0.0922721848948445,72.04653153729201,1.104721064187829,0.0088670846332457,0.0103776590080377,0.0145007343475941,0.0006946088655694,0.0123796986585548,-0.0042122449782654,-0.1215650239470964,393.8613357543945,376.6233752441406,408.6649104309082,0.9977874323488334,0.0422746969409055,-0.0785792605068457,0.000651483594323,0.0005728303762653308,0.9994271696237345,0
208,2022-08-19 00:00:00-04:00,404.9875827295143,405.25440946456814,401.4044559314192,402.28118896484375,68016900,-0.013529192208645,-0.0023362122905527,0.0027096232863872,0.0013474038688745,0.0569020890141328,0.0848864437390942,64.00594246726001,0.4449543490681886,0.0102791405310112,0.0109297440745918,0.0145927989608237,0.0006926359700968,0.0128292103040435,-0.0175937245002486,-0.1215650239470964,395.1502090454102,376.8652105712891,408.499363861084,0.9847780059252312,0.0454532773982605,-0.0786369190446025,0.0006011599194353,0.0036175480437240152,0.9963824519562762,0
209,2022-08-22 00:00:00-04:00,397.4305854744403,397.6021397850265,392.99934257592776,393.9046630859375,77695600,-0.0210424109823822,-0.0073672145442373,0.0021514748635126,0.0010064672032179,0.0451809721337659,0.0634074338027329,55.66738738268923,-0.5988684419016597,0.0126287567257124,0.0118365116198114,0.0148628339866618,0.0006321427057509,0.0137172205395536,-0.0380499422306848,-0.1215650239470964,395.9973846435547,377.12511352539065,408.2786437988281,0.9647936992757008,0.0479107583299838,-0.0790890111058186,0.0006598118236667,0.0019518858520008048,0.9980481141479994,0
210,2022-08-23 00:00:00-04:00,393.4758663287654,395.87733613472665,392.39902046586167,392.9517517089844,49105200,-0.0024220730107437,-0.0082429635351033,0.0019783190678517,0.0006737845225334,0.0415447004248857,0.0424484249196092,47.45638982369744,-1.3535685483584317,0.0125825740746366,0.0118774352419736,0.0146977629261761,0.0005713869317852,0.0130627925052962,-0.0403770361699335,-0.1215650239470964,397.01990661621096,377.5868518066407,408.0428373718262,0.963015928033335,0.0494540480480214,-0.0775056617834875,0.0011750508281025,0.0021104885192041144,0.9978895114807954,1
211,2022-08-24 00:00:00-04:00,392.7230163851042,395.5818868105569,392.0369154016521,394.2096557617188,49177800,0.0031960538501036,-0.0061790625230274,0.0026972537307783,0.0008461472593912,0.0566423283463453,0.05330727734165,49.40919901536953,-1.743315398361239,0.0104383778785125,0.0114443142978269,0.0146620500566005,0.0005709309556109,0.0132058630359866,-0.0373051231168704,-0.1215650239470964,397.6217025756836,378.35460998535154,407.8056855773926,0.9666605192214918,0.04887524267538,-0.074709168488361,0.0019475884659075,0.000516297065206378,0.9994837029347933,1
212,2022-08-25 00:00:00-04:00,395.7057281321885,399.8225080280783,394.609833750968,399.7748718261719,50942300,0.0140186792362619,-0.003955788623081,0.002144107392232,0.0009290467816666,0.0450262552368734,0.058529947244997,56.36321187899416,-1.6050294852839269,0.0115470983597563,0.0105239418456329,0.0147223641982429,0.0005816415477999,0.0132467540237302,-0.0237143728252664,-0.1215650239470964,398.2620880126953,379.2551165771485,407.59447479248047,0.9808152380615812,0.0475441874290972,-0.0708882929181562,0.0022525342517987,0.007889445370258983,0.9921105546297414,0
213,2022-08-26 00:00:00-04:00,399.66053643101975,400.203699664141,386.1857143271262,386.2428894042969,103087000,-0.0344351494973001,-0.008136980080812,-8.921051378324374e-05,6.841807734851757e-05,-0.0018734207894484,0.0043103388729559,43.72340598155712,-2.3581124480712834,0.0142590937733049,0.012926438288602,0.0151800024078101,0.0006491487579957,0.0152828386179046,-0.0567606718217728,-0.1215650239470964,397.943798828125,379.7838354492188,407.32290924072265,0.9482473994018152,0.0470169519674896,-0.0712998855046301,0.0013688766487993,0.020208565553998657,0.9797914344460013,0
214,2022-08-29 00:00:00-04:00,383.2792614080402,386.7480092620176,382.3263045463414,383.6890258789063,65370800,-0.006634022674053,-0.0052553024191462,-0.0010943322366614,-0.0004218447005004,-0.0229809769698898,-0.0265762161315269,42.99260955071071,-2.9244377838934854,0.0138760070014636,0.0125526919944748,0.0148821836185218,0.0006742757241072,0.0157163085336261,-0.0629974326322141,-0.1215650239470964,397.55594940185546,380.4996405029297,407.05629501342776,0.9425945024784578,0.0444534707758589,-0.0692140059248904,0.0018655864656834,0.05174503501947257,0.9482549649805277,0
215,2022-08-30 00:00:00-04:00,384.8515882073733,385.0898273941945,377.3708719248008,379.4768981933594,85652400,-0.0110386754022161,-0.0069786228974407,-0.0014787567154145,-0.0005077505775917,-0.0310538910237057,-0.0319882863882789,31.22422206541508,-3.443180506749779,0.0136218534580831,0.0127351596269147,0.0149282611221089,0.0007124486259526,0.0157670017389321,-0.073283821320026,-0.1215650239470964,397.0866165161133,381.11620239257815,406.7679138183594,0.9329076490600812,0.0420853395807971,-0.0675975574479124,0.0016247679175828,0.03781569858843636,0.9621843014115641,0
216,2022-08-31 00:00:00-04:00,381.115991650528,382.3643626848254,376.456048197128,376.5894470214844,76029700,-0.0076381265432494,-0.0091454589761113,-0.0015272824740667,-0.000500076490825,-0.0320729319554025,-0.0315048189219779,29.67401947151737,-3.812520553638145,0.0136207797970256,0.0127576471581581,0.014924407756924,0.0007465617972393,0.0159710309750474,-0.0803352326941159,-0.1215650239470964,396.168440246582,381.4994799804688,406.448599395752,0.9265364613910398,0.0389521277936297,-0.0662501820287593,0.0010177597670939,0.02637454758612264,0.9736254524138774,1
217,2022-09-01 00:00:00-04:00,374.4072425757973,378.11422971671993,371.6913096511688,377.7711791992188,78740100,0.0031330721761698,-0.0113225803881297,-0.0021180016351823,-0.0007497822325517,-0.0444780343388303,-0.0472362806507589,22.19018148462084,-3.800481201524151,0.0136408476390378,0.0122030987258685,0.0147254640677312,0.0007460220502534,0.0158345796744821,-0.0774493381029381,-0.118078674401101,395.322689819336,381.9193524169922,406.13443939208986,0.9301628784908618,0.0354800422593261,-0.0640998792613763,0.0011114464512973,0.07073244955299558,0.9292675504470047,0
218,2022-09-02 00:00:00-04:00,381.4495307376448,382.6693142271935,371.96759934267,373.7877502441406,99632100,-0.0106005426878526,-0.0065556590262402,-0.0025906125781017,-0.0006553851643869,-0.0544028641401364,-0.0412892653563772,18.200783414264635,-3.870998204715376,0.0135313392272372,0.0123359132069153,0.0146413810861021,0.0007486924359997,0.0171924680045323,-0.0871772242453303,-0.118078674401101,394.3111251831055,382.1896112060547,405.7916430664063,0.9211322032646484,0.0324288689747953,-0.0631428714422445,0.0007230274103043,0.045511031723478194,0.9544889682765217,0
219,2022-09-06 00:00:00-04:00,374.6359138662064,375.5793317981047,370.1474954520454,372.3774108886719,76637400,-0.0037802382325917,-0.005984902137948,-0.0026900645318338,-0.0007636436817499,-0.0564913551685107,-0.0481095519502477,16.5579765150065,-3.816531959226914,0.012663201395727,0.0123367229009475,0.0146388307143473,0.000756943087838,0.0174129530033154,-0.0906213978020458,-0.118078674401101,393.2519134521484,382.2025720214844,405.44716796875,0.9184363347615564,0.0296724267035827,-0.0624221428786263,3.4805589841743776e-05,0.0385702049949567,0.9614297950050431,1
220,2022-09-07 00:00:00-04:00,372.0629605797766,379.8390924800413,371.8437991022164,379.0671997070313,70964200,0.0178056119299069,-0.0002160446715234,-0.00178686751307,-0.0006325473886941,-0.0375242177744719,-0.039850485487729,26.78899885683684,-3.1609539403661246,0.0146849537413538,0.0131234520967034,0.0147690539211754,0.0008105938947884,0.0176856406628424,-0.0742843412923051,-0.108384920153543,392.60533294677737,382.3777252197266,405.128648071289,0.9356711788012784,0.0269809884235707,-0.0600181784895815,0.0004620637142373,0.07225080584545611,0.9277491941545436,1
221,2022-09-08 00:00:00-04:00,376.7896155569929,382.00226150651457,375.5793417685791,381.54486083984375,80821700,0.0065149371799237,0.0026145680731112,-0.001287160434236,-0.0003556172337179,-0.0270303691189581,-0.0224038857242286,28.355635958668543,-2.424580885633791,0.0148915979566385,0.0132351255238834,0.0147363553090884,0.0008655964511615,0.0182183942704883,-0.0682336734703763,-0.0906213978020458,391.6709625244141,382.7537634277344,404.8264755249023,0.9424898911197164,0.0233712991889116,-0.0578508960875065,0.0009855674826285,0.1439290976804772,0.8560709023195228,1
222,2022-09-09 00:00:00-04:00,383.7938007443021,388.33942315556953,383.52697401163135,387.4722290039063,76706900,0.0154157446592241,0.0050711025697221,-0.0015428986981808,0.0002711480104172,-0.0324008726617983,0.0170823246562833,37.86315979030774,-1.450490606134579,0.015077164211227,0.0128330611686036,0.0145499826162261,0.0008890910680403,0.0180204974618897,-0.0537585156919167,-0.0906213978020458,391.03296051025393,383.2542559814453,404.5601609802246,0.9577617036365732,0.0200755149570478,-0.0549869213944736,0.001291686258387,0.27088194332907023,0.7291180566709295,1
223,2022-09-12 00:00:00-04:00,389.5496799938614,392.360914189905,389.2447268378426,391.63665771484375,69256300,0.010690337235896,0.0093292785544718,-0.001033835020281,0.0009078870021255,-0.0217105354259024,0.0571968811339112,48.00338294920525,-0.4876679134135995,0.0108159436802711,0.0131064462036379,0.0141002892911559,0.0009232833673047,0.017027632524107,-0.0435886121226651,-0.0906213978020458,390.26440277099607,383.89693054199216,404.3117465209961,0.9686502088667508,0.0162586216166724,-0.0521269283067681,0.0016409969493069,0.26824492516362564,0.731755074836374,0
224,2022-09-13 00:00:00-04:00,382.926655911848,384.13692977964166,373.48287868461233,374.60736083984375,122947100,-0.0444560766913566,0.0011941108627188,-0.0039501876622391,0.0008166435776371,-0.082953940907023,0.0514485453911419,37.41338060521239,-0.9338028430047502,0.0180955717351957,0.0155320128550625,0.0143766682218895,0.0012008778475093,0.020599948853626,-0.0851756626143806,-0.0906213978020458,388.56051483154295,384.12297302246094,403.9722944641113,0.9273095357610562,0.0118458478742471,-0.052987003237602,0.0006034117427965,0.00032134642166904367,0.9996786535783313,1
225,2022-09-14 00:00:00-04:00,375.9128541322022,377.5614797958476,372.7204431710749,376.0367431640625,85023700,0.0038084201134689,-0.0016053275005687,-0.0039646724323616,0.0009249973673181,-0.0832581210795949,0.0582748341410418,37.560308969094734,-1.0595398747818832,0.017915805771787,0.0155242576404397,0.0143730258766354,0.0013943126769535,0.0207678337351546,-0.0816849844421939,-0.0906213978020458,386.8880737304688,384.3638806152344,403.6893351745605,0.931500315710494,0.0067126235962879,-0.0513924633979041,0.0006406490779236,4.4421561011704317e-05,0.9999555784389882,0
226,2022-09-15 00:00:00-04:00,374.47394176041706,377.3328125098829,370.4905888291596,371.7675476074219,87633800,-0.0114180728603121,-0.0051919295086159,-0.0046015650420711,0.0005190660474642,-0.0966328658834929,0.0327011609902494,30.482169593031173,-1.3391213901135923,0.0181123125413944,0.0155435261255827,0.0143544538950544,0.0015264998183348,0.0212425233322484,-0.0921107379231649,-0.0921107379231649,385.14750213623046,384.4948175048828,403.35849502563474,0.9216802229088912,0.0017556256202245,-0.0507405168690828,0.0003522009666822,3.0894374446610888e-06,0.9999969105625556,0
227,2022-09-16 00:00:00-04:00,367.572533600681,369.5915179083792,365.63005694247903,368.9312744140625,103084800,-0.0076584084423914,-0.009806760128939,-0.0046270391959813,0.0009317273438392,-0.0971678231156089,0.0586988226618745,35.82231601804092,-1.6059756360729485,0.0181410483514641,0.0155483035127298,0.0137156164934845,0.0015712447556028,0.019880093763521,-0.0990371681431757,-0.0990371681431757,383.2060302734375,384.4596307373047,403.0560795593262,0.915334845755029,-0.0033979240872386,-0.0504062683532493,9.537485710315208e-05,1.7558850589275341e-06,0.999998244114941,1
228,2022-09-19 00:00:00-04:00,365.7736585180336,371.7923583984375,365.69709245580265,371.7923583984375,73278500,0.0077251435926447,-0.0103997988575892,-0.0043973804409282,0.0010201650734715,-0.0923449892594942,0.0642703996287079,40.30577480690132,-1.4836113672810205,0.018142602266055,0.0156999563068758,0.0137415600459938,0.0015862574565393,0.0200486326491375,-0.092050147775123,-0.0990371681431757,381.6815887451172,384.4877648925781,402.7918171691895,0.9230385091022568,-0.0075476972134366,-0.0492319216980664,7.56716878061771e-05,1.7710782695441877e-06,0.9999982289217301,0
229,2022-09-20 00:00:00-04:00,368.4528856307902,369.4671669420189,364.7593761769567,367.5247192382813,77274900,-0.0115449424622096,-0.0038175720117598,-0.0043028923577647,0.0004422768509429,-0.0903607395130587,0.027863441609404,40.269343471561264,-1.5752640177032893,0.0184602886444151,0.0156481352395233,0.0134858936069873,0.0016010805790776,0.020148115047873,-0.1024721003980988,-0.1024721003980988,380.3625915527344,384.5151666259766,402.4736972045898,0.9131645665069564,-0.0112987640174208,-0.0488634631592494,7.455752487952575e-05,1.946255244818478e-06,0.9999980537447554,0
230,2022-09-21 00:00:00-04:00,369.457598997585,372.51959913129366,361.1041304377305,361.11370849609375,106746600,-0.0175976889041304,-0.0080987938152797,-0.004138857973086,0.0001917522497102,-0.0869160174348069,0.0120803917317451,38.084335373364176,-1.929448365227312,0.0177684508009867,0.015481049396031,0.0136737863696802,0.0016316168093026,0.0215951327801678,-0.1181283561669256,-0.1181283561669256,378.7706893920898,384.4791497802734,402.1422793579102,0.8979749880382494,-0.0158079304492682,-0.0489129300884123,9.973823993876075e-05,1.7276106678911636e-06,0.9999982723893324,0
231,2022-09-22 00:00:00-04:00,360.338616288928,361.9844362527684,357.3340552999548,358.0804138183594,89472600,-0.0084353099382597,-0.0075022412308692,-0.004425202588682,-9.697655179529796e-05,-0.0929292543623228,-0.0061095227631041,35.259238748760055,-2.209660014266964,0.0173292964577128,0.0155033030334066,0.0136606433714302,0.0016459253294912,0.0214244852581616,-0.1255359302931586,-0.1255359302931586,376.9642272949219,384.4205847167969,401.7703860473633,0.8912563649630129,-0.0208231367428471,-0.0484522488833116,0.0001635528256125,7.92765033148952e-07,0.9999992072349666,0
232,2022-09-23 00:00:00-04:00,354.5973268298111,354.63560985532166,347.621756602572,352.0807800292969,122346900,-0.0168969427926674,-0.0093499481009244,-0.0053820119526235,-0.00086199129909,-0.113022251005094,-0.054305451842674,34.22605213762857,-2.613086421350605,0.0157621501114102,0.0156289533967972,0.0132163625251397,0.0016189632499014,0.0217402588246889,-0.1401875671252016,-0.1401875671252016,374.57952270507815,384.2595629882812,401.3237678527832,0.8772986008604653,-0.0274938049228293,-0.0484667321603923,0.000457343137283,1.2387130260128828e-07,0.9999998761286971,0
233,2022-09-26 00:00:00-04:00,350.607305955811,354.2434061426016,347.3730754647319,348.5978698730469,92581200,-0.0099416154410162,-0.0128832999076566,-0.0065229783658272,-0.0009590512282649,-0.1369825456823721,-0.0604202273806915,33.22524866935737,-2.9060259975717173,0.0140742189355073,0.0150039144216981,0.0132608656167741,0.001445063727331,0.0222522211136562,-0.1486931420522978,-0.1486931420522978,372.6972717285156,383.8912750244141,400.8538914489746,0.8696382330553488,-0.0321115080249203,-0.0486595527125222,0.0010564836899355,1.875321985458492e-07,0.999999812467802,0
234,2022-09-27 00:00:00-04:00,352.14778414446056,354.42514263246454,345.3061598238864,347.7079162597656,108294100,-0.0025562162934808,-0.0110855546739109,-0.0050049339275501,-0.0006719309787257,-0.105103612478553,-0.0423316516597233,25.90680572638948,-2.9422583420185786,0.0082525618413666,0.0135841842344149,0.0130214237104701,0.0014262726363059,0.0225400114418953,-0.1508664875593073,-0.1508664875593073,370.8982162475586,383.565795288086,400.3945051574707,0.868413306828514,-0.0364316670635236,-0.0483989839817519,0.0009360722638393,1.0958060255333135e-05,0.9999890419397444,1
235,2022-09-28 00:00:00-04:00,348.6647772350154,356.2431817579608,346.96154744867806,354.5495300292969,110802200,0.0194852479530428,-0.0036689673024762,-0.0037611591357836,-0.0003497120881211,-0.0789843418514572,-0.0220318615516354,30.56298123806037,-2.315575637528754,0.0114851173009661,0.0145863460371434,0.0132666900522556,0.0013850264048105,0.0226809898978616,-0.1341586610784614,-0.1508664875593073,369.6518478393554,383.180458984375,399.9486372375488,0.8864876562104967,-0.0381571825631855,-0.0472943180936899,0.0010868334917243,1.9634811704817387e-05,0.9999803651882951,0
236,2022-09-29 00:00:00-04:00,350.9899839667711,351.27703369645445,344.18664256070633,347.14337158203125,112952300,-0.0211101850059982,-0.0062039423160239,-0.0042407548312018,-0.0005553088454845,-0.0890558514552393,-0.0349844572655263,21.568111092751707,-2.210224238288993,0.0123782543808588,0.0149973764660533,0.0134881580703495,0.0013539951638818,0.0238991015128381,-0.1522451556388001,-0.1522451556388001,368.1795440673829,382.5993524169922,399.4853916931152,0.8689763851207527,-0.041538481014038,-0.0486428394100355,0.0016739670549793,4.317781632955374e-06,0.9999956822183667,0
237,2022-09-30 00:00:00-04:00,346.1960709142704,350.1288276674464,341.64138277467254,341.7753295898437,153711200,-0.0155842790367061,-0.0059414095648317,-0.004619143045176,-0.0009696787862991,-0.0970020039486959,-0.0610897635368461,15.434321962183432,-2.302050516874377,0.0126854850880677,0.0151864292934378,0.0135432716147648,0.0013193224116983,0.025026583843785,-0.1653543893910451,-0.1653543893910451,366.3797515869141,381.8342663574219,399.0104348754883,0.8565573722313683,-0.0452183450135339,-0.0502557295129496,0.0022385643237868,9.455423672684168e-07,0.9999990544576323,1
238,2022-10-03 00:00:00-04:00,345.5070566446625,352.6548860200817,343.7177120869297,350.7985534667969,89756500,0.026058546797698,0.0012586228829111,-0.0035274537774841,-0.0005860000605387,-0.0740765293271678,-0.0369180038139423,31.43401084688004,-1.5889864527627218,0.0160360533496251,0.0165356418265941,0.0139614354591578,0.0012952469468395,0.0229016953854313,-0.1433188779002689,-0.1653543893910451,365.23029174804685,381.3201629638672,398.5464717102051,0.8801948539689316,-0.0458664126656475,-0.0491059856892151,0.0014655231285136,2.3455717234814774e-07,0.9999997654428281,1
239,2022-10-04 00:00:00-04:00,356.3388901479635,361.6973756271638,350.7603429439157,361.6686706542969,103602800,0.0305163813080003,0.0078731424032073,-0.0015695050157768,-0.0001551320423932,-0.0329596053313147,-0.0097733186707758,40.233793377831816,-0.2873266737445377,0.0195061036125717,0.0180235932911822,0.0144942386527762,0.0013857323540109,0.0234173169816333,-0.1167730894484232,-0.1653543893910451,364.6948547363281,381.0143133544922,398.1564179992676,0.9083582589769084,-0.0451226770309975,-0.0473972617361729,0.0008456624368975,3.9167173318289724e-09,0.9999999960832824,0
240,2022-10-05 00:00:00-04:00,357.286253227904,363.0944408744506,354.95148449827474,360.82666015625,88065700,-0.0023308410265013,0.0035099246072985,-0.0015004861012011,-0.0004280969788928,-0.0315102081252244,-0.0269701096702514,42.19989669803583,0.5682325882599741,0.018696056070938,0.0180174783999625,0.01436817149981,0.0014167838337217,0.0237294532992005,-0.1188293536238535,-0.1653543893910451,363.782827758789,380.7808203125,397.7855516052246,0.907088401527329,-0.047108471825087,-0.0471271476596574,0.0006471058482515,3.984074049494201e-09,0.9999999960159256,0
241,2022-10-06 00:00:00-04:00,359.42001295633844,362.38631999103904,356.6068088422916,357.1044006347656,82333500,-0.0103694994636138,0.0056580617157753,-0.0028421580723212,-0.0005796283183187,-0.0596853195187452,-0.0365165840540794,41.673438185522286,0.9142289774454876,0.0188018112343028,0.0175509583462817,0.0144226405598087,0.0014280857019953,0.0239051924329902,-0.1279194408893173,-0.1653543893910451,362.56080474853513,380.27943359375,397.4192015075684,0.8985584976270077,-0.0496175034911902,-0.0479965183384797,0.0014040339963852,9.787115670799584e-09,0.999999990212884,0
242,2022-10-07 00:00:00-04:00,353.0568296246811,357.19052094050096,345.3731537119263,347.14337158203125,107789500,-0.0282903085788769,0.0031168558073412,-0.0044995507275021,-0.0008463153703273,-0.0944905652775459,-0.0533178683306222,34.223415891866566,0.5224761180180497,0.0202133276693443,0.0182525203073721,0.0147785617175661,0.0014720905324998,0.0257685200656414,-0.1522451556388001,-0.1653543893910451,360.5443618774414,379.4829577636719,396.9648310852051,0.874494021631654,-0.0545555451625704,-0.0503592312359684,0.002294371419072,4.995312482513643e-10,0.9999999995004689,0
243,2022-10-10 00:00:00-04:00,348.2628731418277,348.502090968868,342.24417363850046,344.4927978515625,76042800,-0.0076646850578071,-0.0036277905637598,-0.0055986188092655,-0.0008268924621238,-0.1175709949945772,-0.0520942251138039,34.94681691327472,0.1541980057214811,0.0201191784947853,0.0176792563090102,0.0147686226814338,0.0013929014644956,0.0258060813281789,-0.1587180913313384,-0.1653543893910451,358.18716888427736,378.52064025878906,396.4753102111816,0.8688883998049443,-0.0590243729370305,-0.0521191446217955,0.0027934328696691,8.759995666009428e-10,0.9999999991240003,0
244,2022-10-11 00:00:00-04:00,342.7896845959846,347.3731078962465,340.36880053160087,342.3112487792969,92482800,-0.0063527768068178,-0.0110016221867234,-0.0064101956684424,-0.0008441517300982,-0.1346141090372912,-0.0531815589961899,36.99194458625272,-0.1504802331442434,0.0201836555039626,0.0172808115276341,0.0147745276040438,0.0012763201263102,0.02505008595786,-0.164045627288014,-0.1653543893910451,356.57236328125,377.5379449462891,395.9611181640625,0.8645072283018043,-0.0612471303230719,-0.0538199468567614,0.0028707654685737,1.3935709192993174e-09,0.9999999986064294,0
245,2022-10-12 00:00:00-04:00,342.7226766824615,344.3015088110952,340.9333024551827,341.1820983886719,76991800,-0.0033040597177138,-0.0111962659249659,-0.0044505758125546,-0.0008579986106257,-0.0934620920636484,-0.05405391246942,37.99293615389887,-0.3318189665820963,0.0187806943594594,0.0149232128732983,0.0147764481446318,0.0012951741101897,0.0248645586815665,-0.1668031125002543,-0.1668031125002543,354.82963104248046,376.5843157958984,395.40978118896487,0.8628570020770989,-0.0637626793907434,-0.0551771780582128,0.0027950738180415,2.1205365909457625e-06,0.9999978794634087,1
246,2022-10-13 00:00:00-04:00,334.1490737929538,351.65983900154305,333.09650934849225,350.1862487792969,147254500,0.0260488046975429,-0.0039126050927345,-0.0033915098799797,-0.0007449225897268,-0.0712217074795744,-0.0469301231527932,48.70896793132907,0.2210950537197682,0.0198533895814797,0.016267287440426,0.0149564393930565,0.0012913993231958,0.0258783647620807,-0.1448141801515767,-0.1668031125002543,353.75056610107424,375.68898132324216,394.905309753418,0.8867600412816834,-0.0626478489622089,-0.0548745945826296,0.0025567379523818,3.7243359822687495e-07,0.9999996275664015,0
247,2022-10-14 00:00:00-04:00,352.6549836816006,354.29125499034103,341.56484637380987,342.2059631347656,123737000,-0.023052365134674,-0.002865016403894,-0.0039455237978064,-0.0009792279745215,-0.0828559997539364,-0.061691362394855,45.89578970140082,0.1208288592601238,0.0206650899275376,0.0167454035030715,0.0151903583005236,0.0012946980976488,0.027704189240486,-0.1643027441523986,-0.1668031125002543,352.4143005371094,374.6393768310547,394.3580516052246,0.867754472723011,-0.0649464903836077,-0.0576222418614149,0.0030671718358517,1.022833134149906e-07,0.9999998977166865,1
248,2022-10-17 00:00:00-04:00,348.31082703283016,352.1096083064407,341.87107090058174,350.9996337890625,93168200,0.0253723929470576,0.0037423991970789,-0.002372628493547,-0.0009996736682961,-0.0498251983644874,-0.0629794411026567,51.91883548106711,0.6866173905465836,0.0205703391046882,0.0178912988727579,0.0151533780341393,0.0013445815544773,0.0272379399494584,-0.142827821952608,-0.1668031125002543,351.3746643066406,373.77898864746095,393.86100494384766,0.8911764033078221,-0.0638300504731708,-0.0572137813353253,0.0024512509437852,8.34640428177575e-09,0.9999999916535955,1
249,2022-10-18 00:00:00-04:00,358.95114250184974,359.2573483322076,351.6693365808902,355.1236572265625,97162900,0.0116808789088822,0.0073491303402189,-0.0021842601451547,-0.0009151016203848,-0.0458694630482498,-0.0576514020842474,50.34562554862292,1.340645634425071,0.0181968378144562,0.0180232661315371,0.015209837668156,0.0013948419618357,0.0267156795336305,-0.1327565916379782,-0.1668031125002543,350.7546112060547,373.0102288818359,393.3902540588379,0.9027261188159684,-0.062670050904501,-0.0573885314658152,0.0021647664129978,2.940390467733709e-09,0.9999999970596098,0
250,2022-10-19 00:00:00-04:00,353.07597434848265,355.8126417822186,349.7843343422343,352.60711669921875,79746900,-0.0071116057862852,0.0065876211265047,-0.0019731488748726,-0.0011888059820833,-0.0414361263723254,-0.0748947768712513,53.49493473008911,1.5888546981406293,0.0182742046475514,0.0179338825624198,0.0151629172887566,0.0014282230321835,0.0260282805633738,-0.1389022063831609,-0.1668031125002543,350.3292816162109,372.2223950195312,392.89391372680666,0.8974613868526332,-0.0620892556232651,-0.0586247915265665,0.0022343107242975,5.029800539030882e-09,0.9999999949701994,0
251,2022-10-20 00:00:00-04:00,352.15729687503944,356.59719313750213,348.884784612501,349.6502990722656,88283100,-0.0084209437548694,-0.0003063285639777,-0.0015361610106221,-0.0011745147067318,-0.0322593812230644,-0.0739944265241053,55.19762902375286,1.5379738553092643,0.0181888405601368,0.0176435831914586,0.0151555511762888,0.0014340916451284,0.026090059827602,-0.1461230167812352,-0.1668031125002543,349.90777587890625,371.2107556152344,392.3835461425781,0.8910931727632005,-0.0609265308591233,-0.0605541896675677,0.0028932891148129,1.4620720208807256e-08,0.9999999853792794,1
252,2022-10-21 00:00:00-04:00,349.37290619784375,358.635415012312,347.8610621249689,358.1474304199219,131038400,0.0240112089458079,0.0091063862521186,8.911317190633883e-06,-0.0008126574012132,0.0001871376610031,-0.0511974162764338,54.88431772323714,2.0297554227764216,0.0173231176399034,0.0184131178701242,0.015482138933774,0.001469447944291,0.0254500853798367,-0.1253722698194808,-0.1668031125002543,350.2111083984375,370.3690588378906,391.95903442382814,0.9137368933118007,-0.0562839454573729,-0.060282369080866,0.0023501404892304,7.009715790145877e-10,0.9999999992990283,1
253,2022-10-24 00:00:00-04:00,359.67835796017783,363.66849482840456,357.0182277795015,362.5298156738281,85436900,0.0121620026042178,0.0064643081835506,0.0013926706218042,-0.0004306958666803,0.0292460830578887,-0.0271338396008599,50.62636402542215,2.5686675674118344,0.0170845125065376,0.0181693936780422,0.015500976648979,0.0014835563240854,0.0242978225696367,-0.1146700970776395,-0.1668031125002543,350.90770568847654,369.4794989013672,391.558515625,0.9258636990569936,-0.0512283194649013,-0.0609026230921031,0.002453756623769,3.975884038082889e-10,0.9999999996024114,1
254,2022-10-25 00:00:00-04:00,362.4533130606384,368.6346939112867,362.3384931688921,368.3189392089844,78846300,0.0158425244024352,0.0072966372822612,0.0026204868048257,-0.0005861280562564,0.05503022290134,-0.0369260675441587,55.08373743234473,3.192789817351535,0.0168712405863882,0.0182362432837965,0.0152829576486776,0.0014557843961225,0.0235577731608961,-0.1005325449211109,-0.1668031125002543,351.9382568359375,368.6721752929688,391.1956924438476,0.941520948014664,-0.0454332283128573,-0.0611522100906655,0.0021919144590617,4.9457628707577453e-11,0.9999999999505427,0
255,2022-10-26 00:00:00-04:00,365.1612026518363,370.8641471394873,364.9028579262017,365.5439453125,104087300,-0.0075627400739976,0.0072064104247187,0.0023820809105153,-0.0009040211769393,0.0500236991208233,-0.0569533341471781,55.80105815133553,3.2837836098707243,0.0172194498046108,0.0183397350744695,0.015215257759322,0.0012632466416138,0.0237721299440081,-0.1073093256733872,-0.1668031125002543,352.4879776000977,367.7933428955078,390.8217373657226,0.9353214275551714,-0.0418701102608216,-0.0629976088115153,0.0024041771413,7.05316794440783e-11,0.999999999929468,0
256,2022-10-27 00:00:00-04:00,366.5487396639021,368.3954944850631,362.9700207176679,363.5920104980469,81971800,-0.0053541166413056,0.0078197758474315,0.0011992540250702,-0.0012187457824582,0.0251843345264749,-0.076780984294872,62.70511878232033,3.08089406944049,0.0161701712486186,0.0179789702339305,0.0150966489394991,0.0011248540897496,0.0226440463812191,-0.1120761232858223,-0.1668031125002543,353.31040954589844,366.933603515625,390.4179692077637,0.9312891290220272,-0.0374683534741744,-0.0645898837545134,0.0023645717041612,7.183464235122928e-10,0.9999999992816537,1
257,2022-10-28 00:00:00-04:00,363.4867286085135,372.7205316401089,363.3049207091212,372.2420959472656,100302000,0.0235120494205142,0.0077199439423728,0.0033241223310946,-0.0007984630718405,0.0698065689529873,-0.0503031735259576,69.61584577396698,3.374014138542271,0.0141734929796794,0.0178468495962905,0.0154124887423533,0.0009925225077788,0.0227237703219311,-0.0909518488677504,-0.1668031125002543,354.8337478637696,366.2232312011719,390.0514448547363,0.9543410256713616,-0.030596978314392,-0.0640126786115563,0.0019083610429535,1.3949573291750282e-11,0.9999999999860503,0
258,2022-10-31 00:00:00-04:00,369.7733746190449,371.6488343281588,368.6442734105965,369.5532836914063,96631300,-0.00724950331479,0.0038376427585712,0.0037210164130906,-0.0008084697020507,0.0781413446749035,-0.0509335912291948,69.12014112629441,3.2313455606952908,0.0135780709240094,0.0174945230059396,0.0154165328816103,0.0008431812114014,0.0222306874547073,-0.0975181664243681,-0.1668031125002543,355.771484375,365.5686730957031,389.7021714782715,0.948296701272067,-0.0265108961361149,-0.0653045161485318,0.0017712144211803,1.3072120902785718e-11,0.9999999999869278,0
259,2022-11-01 00:00:00-04:00,373.313829651351,373.5530475062458,366.759254586953,367.9361877441406,85407600,-0.0043854145761948,-0.0002079450371547,0.0022713039667147,-0.0011247171486505,0.0476973833010106,-0.0708571803649873,68.64992988284308,2.8840415650921973,0.0136697826031162,0.0167984830774791,0.0152795399300515,0.0008286799189881,0.0229934118576417,-0.101467257881433,-0.1668031125002543,356.08486022949216,365.0493035888672,389.3439141845704,0.9450158955604446,-0.0243641252423064,-0.0660294132649909,0.0014115749527662,1.0416531146481485e-09,0.999999998958347,0
260,2022-11-02 00:00:00-04:00,367.3428780208254,371.86888968118615,358.59708971899,358.70233154296875,126990400,-0.025416635766222,-0.0037787241755996,-0.0003921730368196,-0.0015174302102327,-0.0082356337732116,-0.095598103244663,55.91750043153191,1.9340251440565968,0.0162393498650996,0.0165282212927028,0.0155827493180218,0.0008539369870967,0.0225316123842195,-0.1240171521542331,-0.1668031125002543,355.9786437988281,364.3643151855469,388.9784121704101,0.9221651390407304,-0.023377800056798,-0.0686198410782137,0.0019096290798384,1.0527947738622389e-07,0.9999998947205226,0
261,2022-11-03 00:00:00-04:00,355.4490027437404,358.0612720504973,352.8845945254816,355.00885009765625,87100100,-0.010350165480285,-0.0047779339433955,-0.0007740456298569,-0.0016548654209639,-0.0162549582269954,-0.1042565215207304,59.459801958051045,1.005207420935181,0.0163839439196147,0.0166673075235885,0.015622443318834,0.0008657109988877,0.0213759892204536,-0.1330369608100984,-0.1668031125002543,355.87386627197264,363.5802990722656,388.61686080932617,0.9135189074357748,-0.0217077202390112,-0.0705237678727543,0.0022084410376406,1.3453758385686746e-07,0.9999998654624165,1
262,2022-11-04 00:00:00-04:00,360.7404907966008,362.5298355084349,354.0423914979902,360.1185302734375,103505200,0.0142905090013426,-0.0066222420272298,0.0004002404875219,-0.0014095950326231,0.0084050502379611,-0.0888044870552561,57.125700865935485,0.697872928646588,0.0151426648521268,0.0168254167379046,0.0157510814990549,0.0008763208572651,0.02072536297289,-0.1205586694850649,-0.1668031125002543,356.52262420654296,362.78717224121095,388.304506225586,0.9274126993113652,-0.0173957947398911,-0.0708581531891728,0.0022024049427627,2.41041631254546e-08,0.9999999758958372,1
263,2022-11-07 00:00:00-05:00,361.4198817033071,364.15654904195054,359.3339090978177,363.5632934570313,68286900,0.0095201761001772,-0.0032683061442364,0.0022007397579531,-0.0011953238012617,0.0462155349170152,-0.0753053994794888,56.6656736247092,0.6883413607836805,0.0149392255798587,0.0155785763756697,0.0158072835825594,0.0009419737379474,0.0198541076938389,-0.112146252842166,-0.1668031125002543,357.4761489868164,362.3335803222656,388.0508535766601,0.9368960024338888,-0.0133606208956386,-0.0707367154969234,0.0012476284793006,2.8484225975166908e-08,0.9999999715157739,1
264,2022-11-08 00:00:00-05:00,364.6732727169054,368.5103366644906,361.4294936112006,365.52490234375,84641100,0.0053810050176326,-0.0013150222254709,0.0028219630948788,-0.0014398514708558,0.0592612249924551,-0.0907106426639206,60.2927659574468,0.769746245580881,0.0140696899244623,0.0154248566136882,0.0155792691393793,0.0010214953182719,0.0199532394381159,-0.1073558302888585,-0.1668031125002543,358.63683166503904,361.9702978515625,387.79821212768553,0.942564691926424,-0.0091196691802644,-0.0706597939306299,0.0009938651740927,1.4344586185824512e-08,0.999999985655414,0
265,2022-11-09 00:00:00-05:00,363.5441355230192,364.70197091504775,357.4967014075901,357.9942932128906,78495500,-0.0208173636088479,-0.000395167793996,0.002133173247163,-0.0017702858138534,0.044796638190425,-0.1115280062727685,56.1967504999719,0.2963553728702021,0.0153478854826748,0.0161604500018686,0.0157678628358342,0.0010455426650312,0.0204359752000438,-0.1257462444355625,-0.1668031125002543,359.47744140625,361.5406457519532,387.5333154296875,0.9237768185580516,-0.0057632325006817,-0.0726063799633731,0.0012001646611552,1.3939483602580865e-08,0.9999999860605167,1
266,2022-11-10 00:00:00-05:00,371.31393196232233,378.0024828489434,369.0078976049732,377.6675720214844,141455800,0.0534973240620206,0.012374330114465,0.004838001046198,-0.0011875874761986,0.1015980219701595,-0.0748180110005119,62.43294053983449,1.235458320534502,0.0232202157238445,0.0195937201802056,0.0170877779798024,0.0010476938377323,0.0211178371045506,-0.077702356002818,-0.1668031125002543,360.85150756835935,361.5622082519531,387.3719401550293,0.9749481902853852,-0.0018818154807141,-0.0683398147342338,5.7093861367405e-05,1.03113480139674e-15,0.9999999999999982,1
267,2022-11-11 00:00:00-05:00,378.52870742818754,382.1265527975728,376.6340917748933,381.3227844238281,93839900,0.0096318500752222,0.0114425983292409,0.004056241302278,-0.0010999803366877,0.0851810673478387,-0.0692987612113306,62.08169774095984,1.985604265603465,0.0223077847200615,0.0190243608207209,0.0171294871223916,0.0010762712445784,0.0206985319461102,-0.0687760037376594,-0.1668031125002543,362.8073486328125,361.6332403564453,387.23896270751953,0.9847221512981896,0.0030790404463799,-0.0671497308763336,0.000186278154345,7.160141263348042e-15,0.9999999999999929,0
268,2022-11-14 00:00:00-05:00,379.5526000919329,382.9207767926326,377.8015091368323,378.0790100097656,71903500,-0.0085430246972139,0.0078299581697627,0.0047471622754904,-0.001266642188129,0.0996904077852988,-0.0797984578521305,56.48689105151494,2.1331889170534923,0.022373673067808,0.0182378264136605,0.0171503335291708,0.0010738254437922,0.0206537654283747,-0.0727919606050307,-0.1632786371413455,364.1613174438477,361.7190655517578,387.0391122436524,0.9768496207477706,0.0064596336411978,-0.0669702523058356,0.0002270033327433,2.4214290774048316e-13,0.9999999999997584,1
269,2022-11-15 00:00:00-05:00,383.8489618853264,384.9589362297327,377.4761947639268,381.3036804199219,93194500,0.0084929241439525,0.0084523419950267,0.0039433780467711,-0.0010187632142524,0.0828109389821937,-0.0641820824979025,60.41224350715468,2.3033022600877,0.0223178987902063,0.0176457209923582,0.0171771511034945,0.0010713988598079,0.0207641068093254,-0.0648837185457354,-0.1632786371413455,365.4703186035157,361.8975909423828,386.8177377319336,0.9857450763650528,0.0093697696733434,-0.0653551173754912,0.0004681973969629,2.378983243269917e-12,0.9999999999976215,0
270,2022-11-16 00:00:00-05:00,379.6674320185533,380.62430341627146,377.7632672815415,378.3948059082031,68508500,-0.0076580084862335,0.0110842130195495,0.0030224786470037,-0.0011863873130264,0.0634720515870779,-0.0747424007206661,59.65788494911998,2.0819403284170064,0.0203774147638966,0.0177261719879191,0.0171897920021911,0.0010667983264602,0.0205678910960777,-0.0593773303646273,-0.1518815501500157,366.7597030639648,361.88414306640624,386.5674406433105,0.9788584503611922,0.0128848491613317,-0.0652315972405085,3.553927212158785e-05,2.6924293357818684e-10,0.9999999997307567,0
271,2022-11-17 00:00:00-05:00,373.6199962931831,377.9163687088292,373.3138196401911,377.2369689941406,74496300,-0.0030645556702912,-0.0002281629269128,0.0032151953191938,-0.0010202819711478,0.0675191017030717,-0.0642777641823123,53.611958532830535,1.7338154025368349,0.0198780522305961,0.0176322373117453,0.0171190138087082,0.0010632055169563,0.0198102723914157,-0.0563764869189453,-0.1465644230460213,368.13903656005857,361.7979852294922,386.2905445861816,0.9765627822919152,0.016809199128797,-0.0649261906169907,0.0002283918173336,1.4098565100032875e-09,0.9999999985901438,1
272,2022-11-18 00:00:00-05:00,380.5859792858429,380.6529672847848,376.0887017230512,378.9497375488281,92922500,0.0045300227281402,-0.0012485283963291,0.003831908008861,-0.000614370324949,0.0804700681860815,-0.0387053304717898,56.892179075825766,1.5037307902978236,0.0196682510424456,0.0174302292950278,0.0169388365455177,0.0010630067664404,0.0199029000661641,-0.0520921542222364,-0.1465644230460213,369.1791519165039,361.6275354003906,386.0730554199219,0.9815493006541316,0.0199277523319044,-0.0645086078635466,0.0004497953480694,7.363788644732048e-10,0.999999999263621,0
273,2022-11-21 00:00:00-05:00,377.6197605070804,378.7488618021571,375.7251445363085,377.5718994140625,51243200,-0.003642565105629,-0.0002684364780121,0.0025150616254592,-0.000633743215344,0.0528162941346443,-0.0399258225666752,57.09256547880316,1.1590303700539613,0.019779483051171,0.0168649127706509,0.0169416350603626,0.0010510065860399,0.0193003131783864,-0.0555386893395429,-0.1465644230460213,369.9312561035157,361.346240234375,385.8387448120117,0.9785743513084022,0.0227374332742011,-0.0648684518515429,0.0007450108613807,1.9540868242972232e-08,0.9999999804591317,1
274,2022-11-22 00:00:00-05:00,379.5239036198899,382.8155435335424,378.1077234519333,382.6528625488281,60429000,0.0133672015045687,0.000706418994111,0.0025724520492855,-0.0004722964271779,0.0540214930349953,-0.0297546749122099,68.77726050116974,1.1701046908722947,0.0200111432223944,0.0169013933716509,0.0170269686070004,0.0010432998906249,0.0175454487868669,-0.0428291283019625,-0.1465644230460213,370.6479522705078,361.5071502685547,385.63664962768553,0.9922626983671337,0.0238879749678775,-0.0630584577321744,0.0004205117743217,4.732148068921759e-09,0.999999995267852,1
275,2022-11-23 00:00:00-05:00,382.318024084656,385.5522546632412,382.0883842523219,385.0642700195313,68261600,0.0062820413892676,0.0034944289692112,0.0021171909534203,-0.000595100202527,0.0444610100218277,-0.0374913127592043,74.04691910263799,1.2305594814995988,0.0179148583445491,0.0166530112515809,0.0169484881483135,0.001035347449955,0.0169989359792481,-0.0167818501303265,-0.128830022247071,371.62396850585935,361.68770080566406,385.4292065429688,0.9990531684749302,0.0258041799092169,-0.0616559561241568,0.0004688841608186,4.2747294255853345e-07,0.9999995725270575,0
276,2022-11-25 00:00:00-05:00,384.49959168124366,385.5330290650388,384.2221200219946,384.97802734375,30545400,-0.0002239946466243,0.0040625411739446,0.0024666550213905,-5.206599854807157e-05,0.0517997554492011,-0.0032801579085285,71.62829523803455,1.156596962565665,0.0076095824209429,0.0165161604684518,0.0163854717748621,0.0010203697582397,0.0156712144717868,-0.0170020610684048,-0.128830022247071,372.69326934814455,361.9519104003906,385.1901167297363,0.9994493903743248,0.0279012260046802,-0.0603624224730003,0.0006862978558789,5.042176858888141e-07,0.9999994957823138,0
277,2022-11-28 00:00:00-05:00,381.87780499288607,383.5236249752819,378.0694462937125,378.8349609375,67881600,-0.0160856098500137,-6.058534168612504e-05,0.0019556315352615,-0.0002020911918172,0.0410682622404928,-0.0127317450844893,62.69082314274266,0.6130930564873607,0.0089417727820422,0.0169310501000098,0.0164896462560229,0.0010067077718643,0.0163186338753147,-0.0326876877461885,-0.128830022247071,373.0229125976563,362.14998413085937,384.9591888427734,0.9840912281541234,0.0287009637122449,-0.0602088166716933,0.0005228496598587,8.834547329574423e-07,0.999999116545267,0
278,2022-11-29 00:00:00-05:00,378.9688468510178,380.1649359134202,376.3374509137325,378.1842346191406,52310000,-0.0017191809202508,0.0003240914953895,0.0007541443761775,-5.41627079765702e-05,0.0158370318997278,-0.003412250602524,60.75426402611173,0.1528920285391581,0.0085234755539929,0.016204504381588,0.0164325671287969,0.0010149132608299,0.0157322430814323,-0.0343492439502382,-0.128830022247071,373.45446014404297,362.27782165527344,384.76691162109375,0.9828917799240608,0.0295534225534949,-0.0594659636948337,0.000338029755637,8.557926944717536e-06,0.9999914420730557,1
279,2022-11-30 00:00:00-05:00,378.4330559976652,390.0973205566406,376.509764364217,390.0973205566406,144566700,0.0310147778281699,0.0038536067601097,0.0025762530020327,0.0005593754566491,0.0541013130426879,0.0352406537688953,75.38200208470062,0.5704728040418567,0.012873989968563,0.0173690027475386,0.0168608449822736,0.001012764135637,0.0162697429030176,-0.0039305236828058,-0.128830022247071,374.562516784668,362.7292736816406,384.6410105895996,1.0141854607720515,0.0303340794193156,-0.0561699241530101,0.0011572805107273,7.072341045446064e-09,0.9999999929276591,0
280,2022-12-01 00:00:00-05:00,391.14030826651214,392.3172705907876,387.29369578444215,389.8102722167969,76398200,-0.0007361086248296,0.0024499767572902,0.0027500294759072,0.0004979598883793,0.057750618994053,0.0313714729678961,63.84461430543803,0.7364556434596583,0.0124597039822292,0.0173140374977027,0.0168583656529409,0.0010118062621909,0.0135359528929619,-0.0046634692183914,-0.128830022247071,376.1179138183594,363.3032049560547,384.4801890563965,1.0138630892100882,0.0328742205520373,-0.0543263880141261,0.0014723349160354,8.40926901083221e-09,0.9999999915907312,0
281,2022-12-02 00:00:00-05:00,384.90151055673,390.2695449532932,384.7962687221607,389.3605346679688,85342700,-0.0011544005365681,0.0022638955793015,0.0039053740106527,0.0006478986526854,0.082012854223707,0.0408176151191804,59.8870081947213,0.7239796994587957,0.0123712010675628,0.0161080262469117,0.0167999691469233,0.0010278346316913,0.0135480683581972,-0.0058118232857871,-0.128830022247071,377.835498046875,363.9288073730469,384.3147538757325,1.0131292924389468,0.0357167443425851,-0.0523575059297416,0.0016067432656616,1.2030774757738062e-07,0.9999998796922523,0
282,2022-12-05 00:00:00-05:00,386.528267797117,387.46598321143614,380.9975514992647,382.3562927246094,77289800,-0.0181528613446823,0.0018504452803677,0.003533817064729,0.0004197617778903,0.0742101583593097,0.0264449920070898,54.81583696290077,0.1803600028096079,0.0140573243868345,0.01653755784025,0.0169579161178937,0.0010308637419162,0.0144022138765727,-0.0236963644935187,-0.128830022247071,378.9473861694336,364.5343176269531,384.1594177246094,0.9953063105658584,0.0376953873042738,-0.05132673496181,0.0015836283210914,2.573665226541856e-07,0.9999997426334775,0
283,2022-12-06 00:00:00-05:00,382.1935406607727,382.7389350989608,374.7490832479397,376.8446044921875,77972200,-0.0145199645779346,-0.0007097114511689,0.0021618897514301,-9.334261112304324e-05,0.0453996847800324,-0.0058805845007516,45.22537136000533,-0.5728326512228703,0.0148461504575371,0.0167936343906874,0.0169123634032149,0.0010312793816738,0.0147089787386373,-0.0377698382704168,-0.128830022247071,379.6114517211914,365.099252319336,383.98990798950194,0.981391949765748,0.0385097709476594,-0.0501285024250827,0.0014991184314397,1.346812618096693e-06,0.9999986531873822,0
284,2022-12-07 00:00:00-05:00,375.9930088756258,378.5765730518742,375.0648425517108,376.2035217285156,65927900,-0.0017026346556687,-0.0072531939479367,0.0016274701916279,-0.000223780259307,0.0341768740241866,-0.0140981563363442,47.533878093814565,-1.1057617074466544,0.0140608570690016,0.0167262004087607,0.0168922518996962,0.0009767928871992,0.0147285982064031,-0.0394067707460755,-0.128830022247071,380.1453826904297,365.6691644287109,383.8392324829102,0.9801070080694928,0.0384797521171676,-0.048298506007372,0.0015149037062609,2.4027000638702203e-06,0.9999975972999361,1
285,2022-12-08 00:00:00-05:00,378.0981911058132,380.2224176484129,376.3088170014075,379.1507263183594,60737900,0.0078035426512864,-0.0055452636927134,0.0017428291265638,-0.0003446088626076,0.0365994116578402,-0.0217103583442818,52.07039952669036,-1.241180415416495,0.0141646725150033,0.0167616988820588,0.0168055819282635,0.000900478550757,0.0144140220227097,-0.031881416487768,-0.128830022247071,381.2032043457031,366.1611883544922,383.7393327331543,0.9880423870492688,0.0396729188343441,-0.0463618902945272,0.0012977000744768,1.0655610832922825e-06,0.9999989344389163,0
286,2022-12-09 00:00:00-05:00,377.9067693033474,380.4711774858571,376.1939614285939,376.318359375,81447700,-0.0074983351875316,-0.0068140506229061,0.0023770685751979,-0.0006333179486938,0.0499184400791565,-0.0398990307677095,47.22057288594308,-1.4863583175997297,0.0142754980836547,0.0161044719823954,0.016769146368089,0.0009037764549901,0.014468024871516,-0.0353218554846238,-0.0926894656147571,381.1357437133789,366.7446881103516,383.59523834228514,0.9810297984961118,0.0382417047813676,-0.0447773801414298,0.0015505482029323,0.003964580407144042,0.9960354195928556,1
287,2022-12-12 00:00:00-05:00,377.112582581271,381.7438659667969,376.442790105869,381.7438659667969,75405800,0.0143143901685844,-0.0003206003202528,0.0005112145802724,0.0002995466046385,0.0107355061857205,0.0188714360922315,54.059567765772265,-1.2570926171766867,0.0142445788704826,0.0114960642149456,0.015904371301889,0.0014128528422554,0.0146742148211449,-0.0214137707429622,-0.0926894656147571,381.1567977905273,367.54405883789065,383.4335766601562,0.9955932114550912,0.0356593521631613,-0.0416235052841625,0.0020939975695866,0.1968624344520483,0.8031375655479513,1
288,2022-12-13 00:00:00-05:00,392.5277951739108,392.78613994486886,381.8586846786503,384.6336059570313,123782500,0.0075413325455282,0.0040916591044397,0.0004116661264774,0.0003587991829252,0.0086449886560265,0.0226043485242908,52.01323108933777,-0.9014348771401774,0.014365643805365,0.0114219488434965,0.0159245953658749,0.0017503652604298,0.0156408053007347,-0.0140060295513259,-0.0823316007397915,381.4845275878906,368.2207598876953,383.29166061401367,1.0035011075922389,0.0344841623164801,-0.0391824855990404,0.0017593393799299,0.03357666859975967,0.9664233314002404,0
289,2022-12-14 00:00:00-05:00,384.2890240744508,388.0112670151356,379.21761845493273,382.1743469238281,108111300,-0.0064142982758019,0.0031493263804131,0.0005130340513065,0.0004382241763301,0.0107737150774384,0.0276081231088008,47.065531515082775,-0.8245072907361322,0.0101273111404429,0.011347708635144,0.0158773181891062,0.0020224158997764,0.0167375906667092,-0.0203102487899865,-0.0823316007397915,381.52806091308594,368.630873413086,383.1689001464844,0.9974043999336168,0.0337468686839164,-0.0380402998014306,0.0010731058447321,0.002384136998598229,0.997615863001402,0
290,2022-12-15 00:00:00-05:00,377.2944096015872,378.20344918024006,371.16088916537103,372.8258361816406,117705900,-0.0247655265725664,-0.0033644874643574,-0.001070701697099,0.0001666826187083,-0.0224847356390805,0.0105010049786259,39.61409155284071,-1.3640917665475367,0.0123805245233261,0.0124460118297996,0.0161617632866002,0.002140902226033,0.0190161632806797,-0.0442748090408691,-0.0823316007397915,381.2496124267578,368.87085693359376,382.9619862365723,0.9735322292571617,0.0332025152010472,-0.037795474281759,0.0006436880098375,3.127029978711875e-05,0.9999687297002129,0
291,2022-12-16 00:00:00-05:00,370.2601535058197,371.6059190307072,366.28053050111725,368.4241333007813,119858000,-0.0118765728199741,-0.0042401349908459,-0.0012715857129914,-0.0001444557370475,-0.0267032999728212,-0.0091007114339931,40.829387937680856,-1.9430053871608992,0.0125263652786501,0.0125908518520305,0.0162025344296075,0.0022105286780578,0.0191729262470425,-0.0555584109753261,-0.0716757798066104,380.8089706420898,369.09725158691407,382.7433741760254,0.9625878804405936,0.0317886859100359,-0.0370391658843114,0.0006144946350066,1.398079442024995e-06,0.9999986019205579,0
292,2022-12-19 00:00:00-05:00,368.6164260296432,368.95287477023777,363.6274565015282,365.300048828125,79878100,-0.0085157431854058,-0.008806161661644,-0.001531166070854,-9.637320884427376e-05,-0.0321544874879358,-0.0060715121571893,39.12456382491482,-2.43025902083314,0.0117965298057464,0.012685501689344,0.0161726238544143,0.0022493027430076,0.0196297919803506,-0.0635668855482824,-0.0635668855482824,380.12648620605466,369.460385131836,382.5258842468262,0.9549681835188278,0.0291981923036565,-0.0357664860897338,0.0009940692482434,1.0497615303077526e-07,0.9999998950238462,1
293,2022-12-20 00:00:00-05:00,364.5406410758672,367.42443690305714,363.2140903016816,365.7998962402344,74427200,0.0013673848380463,-0.0100409512031404,-0.0016817678751442,0.0002046597076982,-0.0353171253780296,0.0128935615849873,24.5959878292211,-2.5977093911947517,0.0113686834895395,0.0126285912732752,0.0160173649165562,0.0022755065350652,0.0177719112297498,-0.0622855452627451,-0.0635668855482824,379.53788604736326,369.8865270996094,382.3711486816407,0.956661865052995,0.0263842582979177,-0.0341296476853895,0.0011649592363295,7.382033238049365e-08,0.999999926179668,1
294,2022-12-21 00:00:00-05:00,368.40494991105,372.4038173364099,367.86664365527946,371.26953125,78167400,0.0148418458555945,-0.0057897223768611,-0.0008015578293717,0.0005741383710927,-0.0168327144168059,0.0361707173788416,32.51025560567808,-2.2328543073015084,0.0127002190087963,0.0131197204079854,0.016083185178628,0.0022821238838019,0.0178141339511769,-0.0482643389597619,-0.0635668855482824,378.9687194824219,370.46569274902345,382.2588017272949,0.9712517529285444,0.022902570821716,-0.0317642790092849,0.0015599600846966,3.91541503157777e-07,0.999999608458497,0
295,2022-12-22 00:00:00-05:00,368.2126661784668,371.25026808589166,360.25339056526093,365.9729309082031,100120900,-0.0143689267616512,-0.003710402414678,-0.0021223258420488,0.0006142656096802,-0.044568842683026,0.0386987334098579,29.78650898860934,-2.2354736451653365,0.0128647878799186,0.0130177341333776,0.0160419930266758,0.0022762999504118,0.0191537773950274,-0.0618419773148242,-0.0635668855482824,378.0141525268554,370.96150939941407,382.06718948364255,0.9578758422119664,0.0192709420063923,-0.0303456325490207,0.0013547905009263,4.155065324946586e-08,0.9999999584493464,1
296,2022-12-23 00:00:00-05:00,364.9443602601523,368.2222784083417,363.3871151892416,368.0780944824219,59857300,0.005735757523291,-0.000187936346025,-0.0021483393594763,0.0008631127995899,-0.0451151265490025,0.0543761063741654,36.51789131046184,-1.990823143527696,0.01309077035391,0.0130006344349017,0.0159971395029015,0.0022670514116668,0.0183596280606337,-0.0564454686404892,-0.0635668855482824,377.1691558837891,371.31934631347656,381.8952310180664,0.9638195625045894,0.0158928489850457,-0.0287327196677141,0.0009721766098731,7.258819253196696e-08,0.9999999274118077,0
297,2022-12-27 00:00:00-05:00,367.9627904177246,368.30883188044186,364.9444029828394,366.6266174316406,51638200,-0.0039511899559189,0.0007249742998723,-0.0023258248503951,0.0008409703605036,-0.048842321858297,0.0529811327117275,39.55048970132308,-1.8264526875453304,0.0117321027705535,0.0129984913717112,0.0160029130878966,0.0022502104802575,0.0175311590936161,-0.0601662761782342,-0.0635668855482824,376.5587387084961,371.80775939941407,381.74160202026366,0.9604051942239696,0.0129586317064605,-0.0270952575414189,0.00133218119666,5.867919676598454e-08,0.9999999413208034,0
298,2022-12-28 00:00:00-05:00,366.5593138365044,368.5395475046541,361.8395266438076,362.0702209472656,70911500,-0.0125057654351209,-0.002049655754761,-0.0021553560687335,0.0003331764971994,-0.0452624774434041,0.0209901193235636,36.61809204367093,-1.915002629274252,0.0112354084272273,0.012831416161449,0.0159090466866796,0.0022021889728961,0.0183807565463408,-0.071846429422746,-0.071846429422746,375.7530380249024,372.02917114257815,381.57971115112304,0.9488717831852156,0.0102849300132489,-0.0263775904672809,0.0006115160274291,1.9797916528821055e-07,0.9999998020208346,1
299,2022-12-29 00:00:00-05:00,364.92513662505775,369.4623098415616,364.3964231289141,368.5875549316406,66970900,0.0178401080623912,-0.0014500033134017,-0.0012239613552743,0.0009514351173325,-0.0257031884607619,0.0599404123919532,40.63176971519697,-1.4463719555196093,0.0135304542397136,0.013554179674306,0.0158188612756032,0.0021608607282862,0.0187094405303637,-0.0551394856911786,-0.071846429422746,374.6775497436523,372.2984490966797,381.4070362854004,0.9663889752045184,0.0064546418215717,-0.0247121398073519,0.0007305671352671,1.8987912105673806e-06,0.9999981012087892,0
300,2022-12-30 00:00:00-05:00,365.8960249962775,367.760852624,363.7716076364888,367.6166687011719,84022200,-0.0026375474688839,0.0008962725451516,-0.0028264530360864,0.0011569387930123,-0.0593555137578159,0.0728871439597754,42.01916160290195,-1.1276618066617972,0.0113162608199204,0.0113645283296346,0.0156841019877305,0.0021082794908051,0.0188635291387426,-0.0576283165016116,-0.071846429422746,373.5678695678711,372.5986401367188,381.1848123168945,0.9644053404613536,0.0026365219906287,-0.0233563189898641,0.0008165871289233,3.1242349347180425e-06,0.9999968757650651,0
301,2023-01-03 00:00:00-05:00,369.481572187265,371.4617765380731,363.1948883409904,366.069091796875,74850700,-0.0042186431379687,-0.0010946075871002,-0.0029922880129026,0.0006763484765731,-0.062838048270955,0.0426099540241085,34.52278141616439,-0.9538591332020404,0.0107752278575185,0.0113579074009986,0.015369482380312,0.0020176464952774,0.0194976951914899,-0.0615954724464117,-0.071846429422746,372.4032974243164,372.92701599121096,380.9290744018555,0.96099015905175,-0.0014306549736932,-0.0218594210490862,0.0008970324505692,6.5623399589342e-06,0.9999934376600407,1
302,2023-01-04 00:00:00-05:00,368.3376827734689,370.93311118520086,365.28086572711294,368.8952331542969,85934100,0.0076905917494364,0.0012337487539708,-0.0025710979040452,0.0003140343565959,-0.0539930559849505,0.0197841644655448,34.44044244941405,-0.5986981617654998,0.0106775878738628,0.0115910782004314,0.0149170844028423,0.0019734204203584,0.0183046592280441,-0.054350763989073,-0.071846429422746,371.7302444458008,373.14197204589846,380.6646186828613,0.9690820082799192,-0.0038269065935779,-0.0203923660727174,0.0005827021749494,3.143110293391191e-05,0.9999685688970662,0
303,2023-01-05 00:00:00-05:00,366.9341716130213,367.0495187490948,364.0888346930868,364.684814453125,76970500,-0.0114792242499434,0.0014390569910063,-0.0022533056614386,0.0001688219244778,-0.0473194188902116,0.0106357812421027,33.28784196532041,-0.5961757176869256,0.0113757061133712,0.0112283222476605,0.0149876079795647,0.0018828114881498,0.0177350350190442,-0.0651440160297789,-0.071846429422746,371.1222549438477,373.1850720214844,380.3797277832031,0.9587388281138278,-0.0056564380963601,-0.0197284215755123,0.0001181841795374,6.222751656651722e-05,0.9999377724834339,1
304,2023-01-06 00:00:00-05:00,367.7897288196835,374.1725449520528,364.7136972396124,373.0478515625,104189600,0.0226732413005568,0.0024056836386394,-0.0004822006196057,0.0006933098731154,-0.0101262130117203,0.0436785220062733,50.21621939715357,-0.0110451205011767,0.0127240125300673,0.0120964729528234,0.0151896731246551,0.0016911265569294,0.0170453131148423,-0.043705680853722,-0.071846429422746,370.9644714355469,373.2796502685547,380.1119816589355,0.98141566054928,-0.0062061175886973,-0.0183148927456995,0.0002535284593496,0.0053775640969890084,0.9946224359030109,0
305,2023-01-09 00:00:00-05:00,375.2491501630905,378.4501802079773,372.6537513181587,372.83636474609375,73978100,-0.0005670768128606,0.002819777769844,-0.0004281264366148,0.0011333611709887,-0.0089906551689122,0.0714017537722895,54.67892200329576,0.3613985560413906,0.0116367268735621,0.0120932822226577,0.0147311176618702,0.0014483268868156,0.0169115108759842,-0.0442478194567364,-0.071846429422746,370.6487533569336,373.42549865722657,379.87064758300784,0.9814824259740232,-0.0074476246494463,-0.0172868033679346,0.0003911860603275,0.04679056153561592,0.9532094384643842,1
306,2023-01-10 00:00:00-05:00,372.2500184786919,375.51831490424064,371.3079678453285,375.4510192871094,65358100,0.0069883984093374,0.0050611860793053,-0.0004669428290886,0.0013659497974513,-0.0098057994108611,0.0860548372394341,60.88210526453539,0.7605441168334184,0.0116897282615146,0.0120668188065373,0.0147056216002418,0.0011039964416201,0.0165815991274438,-0.0375452496024121,-0.071846429422746,370.6053863525391,373.6626788330078,379.610647277832,0.9890423832404304,-0.008142986230997,-0.0158421954909536,0.0006317206868464,0.45818787413674517,0.5418121258632553,1
307,2023-01-11 00:00:00-05:00,377.0371345019458,380.2765941727516,376.22005305330094,380.1996765136719,68881100,0.0125685578386056,0.0060367792971391,0.0004886235054893,0.0016662884426167,0.010261093615276,0.1049761718848577,64.14809546483275,1.289955663605704,0.0119228416752104,0.0122749152215805,0.0147386182936623,0.0007142966125457,0.0164900802355921,-0.0253722430824326,-0.071846429422746,370.5281768798829,373.821830444336,379.3639529418945,1.0022029598893,-0.008662957303528,-0.0145768732587527,0.0004186000703301,0.8358693797398576,0.1641306202601421,1
308,2023-01-12 00:00:00-05:00,381.3051164914086,383.0545970288231,377.21973899819983,381.5838623046875,90157700,0.0036340698999938,0.0090594381271266,-1.9963173967360308e-05,0.0017764174841677,-0.0004192266533147,0.1119143015025653,61.018638902400376,1.6556100017395532,0.0105029367502633,0.0118886101259088,0.014726796732626,0.0006985933250242,0.0162863021974014,-0.0218239341911014,-0.071846429422746,370.3756896972656,374.0624420166016,379.1089030456543,1.0065283596326808,-0.0096617092166023,-0.0132250378686697,0.0006305601364071,0.8914605067735194,0.10853949322648088,1
309,2023-01-13 00:00:00-05:00,378.3732599305594,383.64100457532766,378.1041068077167,383.0642395019531,63903900,0.0038720531532091,0.0052992004976571,-0.0001946907640777,0.0014244055548925,-0.0040885060456337,0.0897375499582315,69.87925805608879,1.9018215301198835,0.0095257625174111,0.0117985475553241,0.0143986480273594,0.0006804159327649,0.0152016685468639,-0.018029042200679,-0.071846429422746,370.4201843261719,374.3650030517578,378.83449752807616,1.0111651446778906,-0.010298060530826,-0.0116677413744739,0.0007898441147877,0.906270781532454,0.0937292184675459,0
310,2023-01-17 00:00:00-05:00,383.0450072774721,384.7272215523522,381.6799976439543,382.3624877929688,62677300,-0.0018336226854317,0.0050458913231428,2.343664498745519e-05,0.0017612109905948,0.0004921695447364,0.1109562924074738,67.1751904579136,1.916668799263466,0.0094681225554689,0.0117198931258982,0.0140610775339679,0.000659305753688,0.0148955659410412,-0.019827956656136,-0.071846429422746,370.8970169067383,374.8382061767578,378.5701039123535,1.010017652850615,-0.0103074684254944,-0.0097601042328616,0.001237577273156,0.9114009355854469,0.08859906441455326,0
311,2023-01-18 00:00:00-05:00,383.554478492644,384.6214688994839,376.12388712892096,376.3257446289063,99632300,-0.0159139691593963,0.0004654178093961,0.0004449393789479,0.0011058719095399,0.0093437269579066,0.0696699303010199,60.5037917570843,1.4408879475595455,0.0111583504672683,0.0109153450434983,0.0139041241277766,0.0007240809087147,0.0161088086942302,-0.0353029236603915,-0.071846429422746,371.2920974731445,375.2645440673828,378.30902099609375,0.9947575229320056,-0.0105558725411027,-0.0080900043968904,0.0011328958932783,0.8296017079327895,0.17039829206721047,0
312,2023-01-19 00:00:00-05:00,374.2782033859137,375.9315806997768,372.2595699386444,373.5861206054688,86958900,-0.0073065551793708,-0.0035096047941991,0.0006625592665957,0.0008044840668693,0.0139137445985099,0.0506824962127666,62.982134440656274,0.8896624789805287,0.0114271191198926,0.0107008565700751,0.0138769622128064,0.0007912819115706,0.015723355964331,-0.0423258481437698,-0.071846429422746,371.7064010620117,375.5338958740234,378.0281675720215,0.9882494286204044,-0.0102452810768465,-0.0066765641452514,0.0007209898649448,0.6578312677342119,0.342168732265788,1
313,2023-01-20 00:00:00-05:00,374.989572945794,380.6994907718625,373.3361955730017,380.5456848144531,91806400,0.0184576800589058,-0.0005448827624167,0.0019470079925153,0.0012103457469517,0.0408871678428217,0.0762517820579575,63.34758550965156,0.936997749240336,0.0116373308364474,0.011153353163195,0.0140149334137585,0.0008088761547482,0.0154303966630058,-0.0244852636479481,-0.071846429422746,372.4436904907226,375.8735437011719,377.7637045288086,1.0073643398036731,-0.0090129867380352,-0.0049669748024034,0.0008925283893681,0.6287999398056163,0.37120006019438323,1
314,2023-01-23 00:00:00-05:00,381.3531739807746,387.0534702139708,380.39190867323447,385.1117248535156,84178800,0.0119272513043701,0.0010661568678154,0.0024498587766259,0.0015333329701142,0.0514470343091454,0.0965999771171973,68.07704338656906,1.2021331732496965,0.0101487841102493,0.011362009047895,0.0140238600554206,0.0008120987652073,0.0155897628313866,-0.0127803895089843,-0.071846429422746,373.1358001708985,376.2652801513672,377.5494459533691,1.0200299033178306,-0.0081261612630959,-0.0033345279282016,0.0010172020868601,0.6199803619589274,0.3800196380410731,0
315,2023-01-24 00:00:00-05:00,383.4295175059516,385.6115792327904,382.2375578903821,384.6983947753906,59524900,-0.0010738495306963,0.0012181114987624,0.0016919685201359,0.0011351574387411,0.0355313389228546,0.0715149186406929,69.71104014569079,1.269371004266251,0.0101708300466703,0.0110197500382273,0.013728361618218,0.0007973090075884,0.0146980336835932,-0.0138399458205611,-0.071846429422746,374.0720733642578,376.7993621826172,377.35451766967776,1.019461479224005,-0.0070894208434421,-0.0014430928088085,0.0013883136464914,0.8153630040472234,0.18463699595277636,1
316,2023-01-25 00:00:00-05:00,380.6129984594492,385.1790085287634,378.31556036459153,384.8425598144531,84800300,0.0003746780204202,0.0044758409347258,0.0023940449383298,0.0009480570485221,0.0502749437049259,0.0597275940568953,67.8885829267658,1.2417306223839235,0.0101070325311791,0.0103974265514878,0.0136557870222917,0.0008194191238481,0.0149173325481641,-0.013470384094639,-0.071846429422746,374.91029663085936,376.9428619384765,377.1496354675293,1.0203975388638182,-0.005281550223024,-0.0005372938199779,0.0003728791221234,0.6603647566560866,0.339635243343913,1
317,2023-01-26 00:00:00-05:00,387.5148984088141,389.2355715689227,384.53497000924045,389.0721435546875,72287400,0.0109304703285634,0.0081232460363126,0.0026414122147713,0.0008700879362384,0.0554696565101981,0.0548155399830235,77.34422370194973,1.413963091205935,0.0099370316152462,0.0105416983720738,0.0135832039422797,0.0008121698923367,0.0147357440435603,-0.0026280031877436,-0.071846429422746,376.0325729370117,377.09784912109376,376.97159439086914,1.032099365957191,-0.002737991402698,0.0003245021066558,0.0003983507562407,0.7172504597133912,0.28274954028660915,1
318,2023-01-27 00:00:00-05:00,388.0243496498416,392.3500434455685,387.8128701130754,389.9660949707031,68346200,0.0022950139394556,0.0048907128124226,0.0029388504955034,0.0010265602221663,0.0617158604055728,0.0646732939964769,72.78605619642856,1.486348309865905,0.0099261753715695,0.0104339537558685,0.0135412083009538,0.0007941670008426,0.0137951898001068,-0.0003363919181763,-0.071846429422746,377.4273666381836,377.3355908203125,376.83431640625,1.0348476186820954,0.0002353430697044,0.0012854307605899,0.0006096471008245,0.6548695414844832,0.3451304585155174,0
319,2023-01-30 00:00:00-05:00,387.1976608576454,389.4374254909292,384.7752828014121,385.0732727050781,74202000,-0.0126261644780214,-1.99703440556951e-05,0.0029331172077463,0.0009111308914247,0.0615954613626723,0.057401246159761,64.63554133534227,1.119670587854683,0.0109324551619973,0.0104428938977452,0.0136271979146881,0.0007710284995992,0.0138581364555878,-0.0128789601640778,-0.071846429422746,378.2516525268555,377.4109826660156,376.6803076171875,1.0222814012789334,0.0021831425872127,0.0018974961406571,0.0001957857141667,0.4854545835551604,0.5145454164448396,1
320,2023-01-31 00:00:00-05:00,385.5923626089722,390.7831894712703,385.2462918392246,390.7351379394531,86811800,0.0145962989803896,0.0031140593581615,0.0027786501086033,0.0007696110431688,0.0583516522806708,0.0484854957196365,67.0381402868006,1.1680421156071232,0.0117434329609097,0.0102332571308783,0.0134336199442416,0.0006432604274382,0.0139314577880089,0.0,-0.071846429422746,379.4075759887695,377.6577893066406,376.5307922363281,1.0377242605279668,0.0044781912662281,0.0028842992628093,0.0006316469051811,0.7446448592268362,0.2553551407731641,1
321,2023-02-01 00:00:00-05:00,389.51431717670346,397.64664301137975,386.7651124067299,394.8877868652344,101459200,0.0105717067818149,0.0051534651104404,0.0034076622157795,0.0010524873939085,0.0715609065313696,0.0663067058162414,66.59423997484488,1.3750458935941774,0.0100818370944769,0.0102895062694876,0.0134496592263449,0.0006772812517181,0.0148803749864872,0.0,-0.071846429422746,380.8485107421875,378.0108056640625,376.428228302002,1.0490387202003952,0.0071861049455384,0.0040076634798549,0.0008939662586788,0.6084445432033571,0.3915554567966432,1
322,2023-02-02 00:00:00-05:00,398.7905574400252,402.1069348680651,396.8872706861001,400.6361999511719,101654500,0.0144521428243716,0.005857799609602,0.0042967472616052,0.0013514962415366,0.0902316924937101,0.085144263216808,69.59275273991045,1.7693297456818078,0.0095067483652333,0.0104036024707034,0.0135359342876096,0.0006991793790686,0.0149136703124296,0.0,-0.071846429422746,382.43555908203126,378.44453491210936,376.3535527038574,1.0645208397073955,0.0099617163162198,0.0052191544561045,0.0010826012429723,0.305120847317286,0.6948791526827144,0
323,2023-02-03 00:00:00-05:00,395.64723649991566,400.8188492290389,395.16660378286696,396.3778076171875,94736800,-0.0106859674123308,0.0032616033392447,0.0034216730158068,0.001585316374138,0.0718551333319428,0.0998749315706992,62.951220105935086,1.6176845043817414,0.0100522621748666,0.0108664198159115,0.0131888622180353,0.0006954320639628,0.0150946778709974,-0.0106290752920064,-0.071846429422746,384.0202087402344,378.8206530761719,376.22404296875,1.053568518613021,0.0131176760256065,0.0065508463327736,0.0009488880478035,0.5616499815721022,0.43835001842789767,0
324,2023-02-06 00:00:00-05:00,393.91689277739385,395.3587906442164,392.2923521672682,393.955322265625,60295300,-0.0061303084649158,0.0045607745418659,0.0036763832912843,0.0016522982315248,0.0772040491169704,0.1040947885860684,60.91200626901617,1.2452872422764578,0.010106964163236,0.0105579893431069,0.0131378852911739,0.0007064424652416,0.0153757402798391,-0.0166756715602861,-0.071846429422746,385.0655822753906,379.0467022705078,376.0839865112305,1.0475195339216097,0.0152780776517205,0.0075204359271981,0.0005737939851552,0.4640062484454559,0.5359937515545443,1
325,2023-02-07 00:00:00-05:00,393.032553598725,400.3573907721146,391.7829203949697,399.1077575683594,90990700,0.0129939419181095,0.0042403031294098,0.0032154642730725,0.0016317178016323,0.0675247497345232,0.1027982215028354,71.80709573878258,1.2346240482852036,0.0105587064287655,0.0098764813844676,0.0131187699078112,0.0007170664042058,0.015191002042363,-0.0038150381393363,-0.071846429422746,386.37915191650393,379.3275720214844,376.0012414550781,1.0614532973983328,0.0176683608907595,0.0083344172177273,0.0007037441534282,0.7791968352512193,0.22080316474878048,0
326,2023-02-08 00:00:00-05:00,397.1275091219409,398.47327457670247,394.0514486520687,394.7435607910156,76227500,-0.0109951086377187,-7.305995449683397e-05,0.0027188913290316,0.0013060783613482,0.0570967179096651,0.0822829367649395,69.641182606646,0.8411045577757861,0.0115220507964371,0.010328001204679,0.0131743029852939,0.0006854839373012,0.0155381144694058,-0.0147082045029241,-0.071846429422746,387.3437789916992,379.5228826904297,375.9537019348144,1.0499791829672132,0.0198126000728103,0.0090417706838917,0.000494778606531,0.8164759398162622,0.1835240601837377,0
327,2023-02-09 00:00:00-05:00,398.35800306222177,398.5118090484608,390.0911146487058,391.321533203125,78694900,-0.0087067832730888,-0.0047048451739889,0.0019715017251066,0.0010824626741939,0.0414015362272386,0.0681951484742178,60.70681998322582,0.2864570888872491,0.0116062953028225,0.0105686780428316,0.0132234897226509,0.0006360886925221,0.0158670009727224,-0.0232496882438035,-0.071846429422746,387.8998718261719,379.7726141357422,375.8773338317871,1.0410884030007763,0.020768746416546,0.0099541680522168,0.0006381745549965,0.8911079035766845,0.10889209642331545,1
328,2023-02-10 00:00:00-05:00,390.139190702872,392.6192720505302,389.3221385194015,392.2347717285156,70769700,0.0023310103770663,-0.0021014496161095,0.0014839994650333,0.0014498971819068,0.0311639887656994,0.0913435224601319,57.63136350201534,-0.0640930767234166,0.0116068930883324,0.0102878081536684,0.0129233554243747,0.0005556657247811,0.0152173730933573,-0.0209702174283806,-0.071846429422746,388.43241729736326,380.0536248779297,375.8644085693359,1.0435539061053711,0.0213616767899224,0.0106803797382178,0.0007164350599237,0.9393306132044585,0.060669386795541555,1
329,2023-02-13 00:00:00-05:00,392.8883857479932,396.9737635969899,392.4269678066237,396.8391723632813,64913500,0.0116705232240828,0.0014587167216902,0.0018666877185613,0.0007859797082887,0.0392004420897885,0.0495167216221942,61.93534025240594,-0.0326351640442394,0.0110656625616102,0.0105186665962586,0.0111605368730296,0.0004923265573678,0.0152864968449898,-0.009477495015062,-0.071846429422746,389.1211639404297,380.1884619140625,375.8689544677735,1.055791300787801,0.0225096276992279,0.0108847809064947,0.0003397775358965,0.8944835636539195,0.10551643634608047,0
330,2023-02-14 00:00:00-05:00,395.3107297793623,398.9731481995332,392.6864943036978,396.6565246582031,88389300,-0.0004603621897118,-0.001232144099874,0.0016603822260413,0.0006257858628136,0.0348680267468675,0.0394245093572602,61.60527669555395,-0.0688149238743927,0.0103126842964285,0.0105198545829611,0.0111038044915229,0.0004219553160073,0.015189668620467,-0.0099333891781466,-0.071846429422746,389.8358657836914,380.3253869628906,375.82258239746096,1.055435578479179,0.0239766100633184,0.0113518983944854,0.00034519802478,0.9019666663543491,0.09803333364565113,1
331,2023-02-15 00:00:00-05:00,394.4552431906893,398.0215294338509,393.6093249869712,397.9446411132813,61555700,0.0032421739079231,0.0016153124092543,0.0019020868257248,0.0008128525073396,0.0399438233402224,0.0512097079623973,59.25034808040339,-0.0514744878202071,0.009846544905762,0.0104938409558958,0.0110459678684041,0.0003397947531304,0.015088735345536,-0.006718211779711,-0.071846429422746,390.9168106079102,380.4970690917969,375.8576579284668,1.0587642228883842,0.0261838970540305,0.0116584335709384,0.0004314221405922,0.8602890582677257,0.1397109417322745,0
332,2023-02-16 00:00:00-05:00,392.9557088651088,396.9161177986782,392.330892193928,392.4654541015625,76431500,-0.0138643846089089,0.0005837921420903,0.0019996860900337,0.0004579745906275,0.0419934078907098,0.0288523992095358,52.378399570198496,-0.4332538209820145,0.0095419274139314,0.0103280774901301,0.0111538615150135,0.0003338241932851,0.0154953246574491,-0.0203944272899083,-0.071846429422746,391.8607772827148,380.6992523193359,375.85357177734375,1.0441977503251176,0.0284395093803351,0.0123467696108055,0.0005151618452683,0.8728391670916013,0.12716083290839914,0
333,2023-02-17 00:00:00-05:00,390.3314246237872,391.7252711831512,388.399271789129,391.4849548339844,89257800,-0.002501433171447,-0.0003826965676123,0.0022285014237444,0.0005398249924495,0.0467985298986336,0.0340089745243224,56.59223633627565,-0.7570969745764486,0.0090586540384963,0.0101635086345429,0.0111121857700011,0.0003413268717838,0.0153289388263222,-0.0228417829399909,-0.071846429422746,392.4077407836914,380.9920593261719,375.83556900024416,1.0416389163893374,0.0291599493583616,0.013171618122884,0.000747939360684,0.840309147801912,0.1596908521980882,0
334,2023-02-21 00:00:00-05:00,387.4476335398875,388.5050313572549,383.3718775916629,383.6314086914063,82655900,-0.020264866734623,-0.0067697745593535,0.0003845706240526,0.0002668041819046,0.0080759831051047,0.0168086634599905,43.01119949463864,-1.4645466777131508,0.0108347495282911,0.010576156746544,0.0114094961124093,0.0003089425547763,0.0160901925753543,-0.0424444702247028,-0.071846429422746,392.33372497558594,381.1406170654297,375.7181407165528,1.0210617138681717,0.0291767244719005,0.0141345995818575,0.0003872408147303,0.9575319070390309,0.042468092960969,0
335,2023-02-22 00:00:00-05:00,384.0446823035528,385.592334611249,381.6415191773993,383.1026611328125,83742300,-0.0013792204187103,-0.0069535462051532,-0.0002490708865702,0.0001730066716371,-0.0052304886179756,0.01089942031314,37.5153159036464,-1.904558320274833,0.0093843274927603,0.0102434070973979,0.0113981672180798,0.0002388688602573,0.0148201846037354,-0.043764240027477,-0.071846429422746,392.25393829345705,381.21965576171874,375.67041931152346,1.0197839420918735,0.0288024168224532,0.0144849853921309,0.000206312052376,0.9719606211708615,0.02803937882913866,1
336,2023-02-23 00:00:00-05:00,386.005727465885,386.6209513962091,380.9014105944118,385.1405944824219,96242400,0.0053054501031801,-0.0065408909661018,5.470528647145982e-05,0.0003150386590785,0.0011488110159006,0.0198474355219493,32.183984673791755,-1.9857383772251205,0.0094675252743837,0.0103120859762822,0.0114056026632556,0.0001984348676665,0.0144636463668101,-0.0386774971174311,-0.071846429422746,392.26884002685546,381.3961004638672,375.6446061706543,1.025279181853748,0.0282305727278626,0.0149334927961622,0.0004581306272987,0.9665174261521773,0.033482573847822696,0
337,2023-02-24 00:00:00-05:00,380.1034997706889,381.86260218592025,378.3924488814503,381.02630615234375,108194400,-0.0107400303369683,-0.0059160201117137,-0.0004745665400708,-6.761581459663572e-05,-0.0099658973414879,-0.004259796319588,32.290986053532805,-2.22584867075898,0.0096368399763236,0.0105766808978063,0.0113649664904478,0.0002021747020321,0.0148252649525041,-0.0489468844832746,-0.071846429422746,391.8665481567383,381.3817492675781,375.66070388793946,1.0142831076257708,0.0275172572598388,0.0150148304389021,3.7664581309296046e-05,0.969460493196401,0.030539506803598886,1
338,2023-02-27 00:00:00-05:00,384.3811280100192,385.7461375626413,381.3819851456519,382.3240356445313,80444700,0.0034000921237457,-0.0047357150526751,-0.0008331559783955,-0.0001133610410334,-0.0174962755463056,-0.0071417455851098,36.22505479127272,-2.202530885922489,0.0097041312717186,0.0102945650126068,0.0113447783517461,0.0002011775689554,0.0148934620382462,-0.045707712655203,-0.071846429422746,391.4844451904297,381.33555786132814,375.6789253234864,1.0176882701506955,0.0265452505804201,0.0147953882321463,0.0001208174269559,0.9761272199817079,0.023872780018292065,0
339,2023-02-28 00:00:00-05:00,381.8435004744053,383.81408299120295,380.8053173191746,380.91107177734375,96438600,-0.0037025694118181,-0.0014232555881142,-0.001118755185599,-0.0001685765134968,-0.0234938588975794,-0.0106203203503036,26.355364474655744,-2.183293945931465,0.0083181219025267,0.0102866334564387,0.01135378709627,0.0002023520976443,0.0139050255231152,-0.049234512947737,-0.071846429422746,391.27633514404295,381.3102923583984,375.72016082763673,1.0138158967521798,0.0261636994145185,0.0146756866495845,6.632913769560226e-05,0.9770497529428145,0.02295024705718573,0
340,2023-03-01 00:00:00-05:00,380.093981424122,381.324400047159,378.1426137015987,379.4499206542969,99706800,-0.0038433137316428,-0.0019160742507007,-0.0007005241976762,2.574564711217488e-05,-0.0147110081512008,0.0016219757680673,28.505966013879245,-2.165722262169377,0.0082220464800289,0.0099690171221779,0.0111804110392835,0.0002215485573076,0.0136057050607919,-0.0528815900796211,-0.071846429422746,390.7120742797852,381.4427740478516,375.7560356140137,1.0098305408035486,0.024428257135883,0.0149867956857971,0.000349141434065,0.9736904620801695,0.02630953791983032,1
341,2023-03-02 00:00:00-05:00,377.4696443451899,383.2468580842527,377.1331956289913,382.4009399414063,85127800,0.0077470124372318,-0.0014277617838903,-0.0010266806997313,0.0001760026845325,-0.0215602946943587,0.0110881691255499,37.2945817569823,-1.8636049383912077,0.0087929883422567,0.0095466229216465,0.0112201212347568,0.000284035327326,0.0130697788308099,-0.0455157572181147,-0.071846429422746,390.0877319335938,381.72231018066407,375.762163848877,1.017667494844423,0.021876049138926,0.0155861184146156,0.0007310027346044,0.9829167388839459,0.017083261116054193,1
342,2023-03-03 00:00:00-05:00,384.2273646672394,388.7837823723887,383.5737112700418,388.5338439941406,90120000,0.0159106413614897,0.0039023725558012,-0.0007724457197468,-6.374551335127724e-05,-0.0162213601146839,-0.0040159673411303,45.41114022222323,-1.1916694244513355,0.0100298929276443,0.009934166111631,0.0106998470631517,0.0002970841333762,0.0134307565967604,-0.0302078443198748,-0.0711629560498173,389.4826141357422,382.1869860839844,375.8066900634765,1.033866225022536,0.0187773296059837,0.0164214678312658,0.0011959727846187,0.9813387482884649,0.018661251711534967,1
343,2023-03-06 00:00:00-05:00,389.3604994840909,391.66755968109305,388.3608046899115,388.802978515625,72795900,0.0006924528066724,0.0033608446923865,-0.001427669053923,-4.106993507346751e-05,-0.0299810501323833,-0.0025874059096282,38.83547751408444,-0.6946590204299369,0.0100278631941645,0.0093142237681246,0.0106999129142739,0.0003678475742245,0.0131583376077225,-0.0295360764628584,-0.0700900869266969,389.103872680664,382.6470477294922,375.81351654052736,1.03456358380792,0.0166069328373531,0.0175758200594397,0.0011832770604388,0.9880545790444007,0.011945420955599464,0
344,2023-03-07 00:00:00-05:00,388.7549759968016,388.9952923529964,382.2279755486132,382.8431701660156,108310600,-0.0154473053995908,0.001011897494832,-0.0016543994342687,-0.0002679414408357,-0.0347423881196433,-0.016880310772651,33.4638051996826,-0.7292757067566629,0.0090509632088453,0.0096042955568136,0.0108740104395465,0.0003677602485011,0.0134528556872506,-0.0444119372820648,-0.0586620218834603,388.5482650756836,382.8785205078125,375.86863525390623,1.0185557778913847,0.0148095748068654,0.0183100700238859,0.0006046151436367,0.9880631792593005,0.011936820740699508,1
345,2023-03-08 00:00:00-05:00,382.9584871204625,384.2273349889294,381.2281920235724,383.4679565429688,74746600,0.001630634069159,0.0021066870549924,-0.0012848307421699,4.608229589190954e-05,-0.0269814455855684,0.0029031846411903,32.39004637363519,-0.6734156705984414,0.0090576446483026,0.0095727199503037,0.0106321606840311,0.0003829820077257,0.0131677259337345,-0.0428524517013078,-0.0586620218834603,387.7662750244141,383.2284210205078,375.9382641601562,1.0200290662075429,0.0118337241130023,0.0190111239699756,0.0009124634972104,0.9885685078296395,0.011431492170360755,0
346,2023-03-09 00:00:00-05:00,384.2561789471598,385.9288005055939,375.4029338100162,376.3930358886719,111945300,-0.0186221563674823,-0.0031671467059503,-0.00279035923196,-1.9031859497735755e-05,-0.0585975438711601,-0.0011990071483573,31.179587971483187,-1.0536173172953998,0.0105636332090591,0.0097001028844751,0.0107348711493642,0.0003913053710725,0.0143474134658775,-0.0605116663582938,-0.0605116663582938,386.8487487792969,383.3947198486328,375.97171157836914,1.0011206276890725,0.0091766547234569,0.0197214283009721,0.0004418222768982,0.9700863850571714,0.029913614942828532,0
347,2023-03-10 00:00:00-05:00,375.8450982046812,377.93105674639065,369.4334752872032,370.9618835449219,189253000,-0.0145345880919995,-0.0092561925966482,-0.00295890587264,-0.0002227136600744,-0.0621370233254409,-0.0140309605846881,28.23644316491631,-1.57990031988639,0.0109612631370938,0.0098788975870842,0.0108879747604179,0.0003933280964854,0.0154107342981554,-0.0740679858931035,-0.0740679858931035,385.83076629638674,383.4814251708984,375.9434178161621,0.9867492446066014,0.0063331065257646,0.0203201668125656,0.0002337310815792,0.9453984670661445,0.05460153293385548,0
348,2023-03-13 00:00:00-04:00,367.02068656518105,375.26835892366137,365.90561534334864,370.4331665039063,157790000,-0.001426276397745,-0.0096799384375317,-0.0026122150690522,-0.0003692187243447,-0.054856516450097,-0.0232607796337195,33.429808872684475,-1.85369278120064,0.0107685155901252,0.0097944860111176,0.0108402261682094,0.0003861852441644,0.0156736961707178,-0.0753876795230852,-0.0753876795230852,384.7406860351563,383.64868408203125,375.9268551635742,0.9853862830382852,0.0029479054573627,0.0208454037507886,0.0004515225046163,0.947162779635061,0.052837220364938604,1
349,2023-03-14 00:00:00-04:00,375.3741515115561,378.2098962725371,372.057774034171,376.5565185546875,149752400,0.0163951104963192,-0.0033114552583497,-0.0019424960157544,1.0042318256052418e-05,-0.0407924163308442,0.0006326660501312,42.79374434764613,-1.526131959750527,0.0124067474012264,0.0105973182361366,0.0110035242074348,0.0003997312734102,0.0161445525415802,-0.0601036087088963,-0.0753876795230852,383.72655334472654,383.80806335449216,375.9243994140625,1.0016815060198547,-0.000216461555568,0.020936203602819,0.0004232545835951,0.9608514059658787,0.03914859403412129,0
350,2023-03-15 00:00:00-04:00,370.94268086644354,374.4032124796235,368.8471002165206,374.2013549804688,172996900,-0.0062741168173212,-0.0048924054356457,-0.0027970026843927,-0.0003167593799329,-0.0587370563722482,-0.0199558409357743,38.04117265947516,-1.376426526729868,0.0124889251322331,0.0101591778882983,0.0108768440917416,0.000388719632568,0.0166259970083381,-0.0659821677969312,-0.0753876795230852,382.6037948608399,383.93975708007815,375.87249801635744,0.9955539629935468,-0.0035701693792851,0.0215586046291622,0.0003519327865417,0.9551036917406902,0.04489630825930943,1
351,2023-03-16 00:00:00-04:00,371.8366809364042,381.1128859764341,371.327211458966,380.7668151855469,143254200,0.0173931192844304,0.0023106496947367,-0.0019468368999098,-0.0001603818126487,-0.0408835748981059,-0.0101040541968723,49.73075293549913,-0.7736146878528491,0.0135966918148895,0.0110706382484325,0.0110609056632847,0.0004350722360525,0.0169091336293638,-0.0495945817378624,-0.0753876795230852,381.7449035644531,384.2337115478516,375.8062184143066,1.0131998794276775,-0.0065363048567812,0.0221329506602045,0.0007720065301125,0.9389545445894262,0.06104545541057402,0
352,2023-03-17 00:00:00-04:00,379.4313531710444,380.5699682371999,374.9250983805673,376.3146057128906,140553400,-0.0117616432653142,0.0028652386600738,-0.0026613043843496,-0.0002452603045457,-0.0558873920713435,-0.0154513991863845,44.14773189950779,-0.61976363979598,0.0126874445190919,0.0112023780418868,0.0111299720569569,0.0004899291844409,0.0173221329485727,-0.0607074304350068,-0.0753876795230852,380.9373611450195,384.3820989990234,375.7287316894531,1.001559300564541,-0.0091538776377764,0.0229950344158907,0.0003943175442014,0.9033091665565518,0.0966908334434479,1
353,2023-03-20 00:00:00-04:00,377.096197140022,380.34804947070256,376.3918141631783,379.93310546875,93055800,0.0095696881251377,0.0050644315646503,-0.0015453961589188,0.0002997431033542,-0.0324533193372968,0.0188838155113195,49.08683684111543,-0.2389112687594345,0.0132861420997919,0.0111977751642835,0.0107438701060841,0.0005400357854873,0.0173497987609091,-0.0516755462560425,-0.0753876795230852,380.3597686767578,384.687064819336,375.6851837158203,1.011307131441582,-0.0113896264376309,0.0236933317311461,0.0008026829352927,0.9343813199959373,0.0656186800040625,1
354,2023-03-21 00:00:00-04:00,383.3103308863294,385.404250394589,381.7085370875222,384.9217834472656,91524200,0.0130449547870385,0.0043944004227942,-0.0008050919704195,0.0006953229066401,-0.0169069313788112,0.0438053431183323,54.7935046464128,0.3522423234479244,0.0132101437539973,0.0116367062574254,0.0107471117496645,0.0006253399290658,0.0175497693969627,-0.0392236560396226,-0.0753876795230852,380.4242874145508,384.9245434570312,375.6295733642578,1.0247376957032,-0.0116913519473417,0.0241476853025306,0.0006169529704671,0.8826853411361583,0.11731465886384165,0
355,2023-03-22 00:00:00-04:00,384.7481168502928,388.3762484060382,378.3216533371149,378.3602294921875,111746600,-0.0171934238814751,0.0022105390099634,-0.0006588327869363,0.0005575819432105,-0.0138354885256634,0.0351276624222629,46.67082375777569,0.3063077486745098,0.0143313054614792,0.0113967188538229,0.0109212678946853,0.0006700926338177,0.0185981061791341,-0.055601491981252,-0.0753876795230852,380.1871658325196,385.03502075195314,375.5736534118652,1.0074195195935811,-0.012812802566327,0.0250062416781658,0.0002919897132692,0.9160375222322847,0.0839624777677154,1
356,2023-03-23 00:00:00-04:00,381.23577448444496,385.28850910550153,376.6619967001418,379.3831176757813,119351300,0.0026998291934667,-0.0007281190082292,-0.0004645923292136,0.000578731853614,-0.0097564389134863,0.0364601067776833,41.76742398242844,0.3467898609305484,0.0129987231268204,0.0114185667843134,0.0109241512492172,0.0007128809056846,0.0189703904253187,-0.0530483323223934,-0.0753876795230852,379.8992919921875,385.11366271972656,375.51691772460936,1.010295674492107,-0.0137443404426741,0.0252956564169482,0.0002072890545451,0.9072734883630356,0.09272651163696427,1
357,2023-03-24 00:00:00-04:00,378.0997846947485,381.9595212017763,375.74534306966535,381.8726806640625,107682400,0.0065406972771723,0.002932349100268,-0.0004057710352139,0.0004469675904644,-0.0085211917394941,0.028158958199261,44.00459584641931,0.5321234946031548,0.0118998536174671,0.0114529065789367,0.010798681078314,0.0007518182136634,0.0193905438108393,-0.046834308256209,-0.0753876795230852,379.9416107177734,385.1471228027344,375.4538899230957,1.0170960826701825,-0.0136315383334276,0.0253834153906545,8.76210441386495e-05,0.8961541162824177,0.10384588371758241,1
358,2023-03-27 00:00:00-04:00,384.1595170439499,384.93148190774815,381.6892883746926,382.586669921875,74010400,0.0018679592704929,0.001392003329339,0.0001946094222841,0.000704695940181,0.0040867978679672,0.0443958442314053,49.75595082198551,0.6840059758367485,0.0118120928302506,0.0112120130345437,0.0106318432186359,0.0007714000432746,0.0186962196739872,-0.0450521696029881,-0.0753876795230852,379.9547424316406,385.1671789550781,375.415876159668,1.0191009337046717,-0.0136241979484069,0.0254878268430036,5.242250689973797e-05,0.9048932954200845,0.09510670457991575,0
359,2023-03-28 00:00:00-04:00,381.8919580974175,382.5867118272092,379.88490812660376,381.7279357910156,62871700,-0.0022470707370406,-0.0016664017754767,-7.430309489614184e-05,0.0005779843804932,-0.0015603649928192,0.0364130159710733,48.35178113554437,0.7050334716623818,0.0109422141233251,0.0111990017760665,0.0106184770665789,0.0007879449952575,0.0186826407962769,-0.0471955958110143,-0.0753876795230852,379.9955856323242,385.14045288085936,375.41996826171874,1.0168024294458928,-0.0134778379210679,0.0254644308360556,7.001340932347924e-05,0.9055600968368154,0.09443990316318461,1
360,2023-03-29 00:00:00-04:00,385.9060259569887,387.5174786036879,384.6998585244868,387.2762451171875,77497900,0.0144301051663148,0.0046583040340812,0.0007891575993006,0.000869750969735,0.016572309585314,0.0547943110933073,60.61605197808328,1.0502169331496187,0.0112896426092428,0.01159721843023,0.0107438145787407,0.0008227425668287,0.017541424611399,-0.033346848925815,-0.0753876795230852,380.3869018554688,385.23872802734377,375.50702529907227,1.0313422094000548,-0.0125280758452067,0.0251285816028472,0.0002537598102736,0.8337074763891492,0.16629252361085078,1
361,2023-03-30 00:00:00-04:00,389.9201626937426,390.1710549480257,387.67187951037874,389.5438537597656,69840000,0.0058381987971833,0.0052859779548245,0.0012501820054352,0.0011609250051684,0.0262538221141401,0.0731382753256116,69.31809529127494,1.368719676389405,0.0102452458102909,0.0115962906120689,0.0106233704284868,0.0008421378727682,0.0164119624076986,-0.0276868295794492,-0.0753876795230852,380.7440475463867,385.5030902099609,375.6756358337402,1.0369154041497728,-0.012216962525891,0.0252281079045887,0.0006786454979731,0.7943766398061171,0.20562336019388314,1
362,2023-03-31 00:00:00-04:00,390.4702744892863,395.3335510724775,390.3641164152667,395.034423828125,112062600,0.0139964611789332,0.0067771307351767,0.0015477748026591,0.001099914737177,0.0325032708558415,0.0692946284421535,73.1839835081717,1.8563653019834545,0.0095364821571793,0.0118487935153082,0.0105367201955045,0.000844857846065,0.0155377889198409,-0.0139822016176511,-0.0753876795230852,381.06907653808594,385.9320562744141,375.8770602416992,1.0509670996524956,-0.0123102682778955,0.025453467916228,0.0010858954019656,0.6347715324400531,0.36522846755994726,1
363,2023-04-03 00:00:00-04:00,394.5133053894906,396.94492867550616,394.117678882102,396.5396728515625,67391100,0.0038031836668318,0.0071641756144445,0.0009712291981516,0.001202148564728,0.0203958131611837,0.0757353595778694,70.62735630330033,2.1658983092275967,0.0093929654765398,0.0114010801839352,0.0105311166214208,0.0008361406837018,0.0145872597512656,-0.0102250548006112,-0.0753876795230852,381.4559112548829,386.2519360351562,376.0607238769532,1.0544564951199478,-0.0120946909190312,0.0257003595249799,0.0008066778247984,0.7586427686893366,0.24135723131066325,0
364,2023-04-04 00:00:00-04:00,397.1861680428209,397.4756659402077,392.95975198905785,394.3396301269531,66601500,-0.0055635503196623,0.0065008796979201,0.0006733242873737,0.0011808008316853,0.0141398100348492,0.0743904523961759,70.85426214597993,2.1061679626999164,0.0093060464459845,0.0114901142732073,0.0105436380911449,0.0007750892361951,0.0140901885807504,-0.0157164275843924,-0.0753876795230852,382.0307342529297,386.436494140625,376.2929281616211,1.0479591844935785,-0.0111725009385359,0.0257229180230713,0.0004680181533094,0.7999760947612244,0.20002390523877564,0
365,2023-04-05 00:00:00-04:00,393.60622556838814,394.3685316622369,391.6474107556744,393.3070983886719,65200200,-0.0026218158277344,0.0030904954991103,0.0012840618860335,0.0010171118225238,0.0269652996067055,0.0640780448190051,64.66685131698988,1.887829104120672,0.0066583556862567,0.0109169701804082,0.0105209693439892,0.0007154980533102,0.0128441841040774,-0.0182936578456795,-0.0753876795230852,382.52269134521487,386.6086682128906,376.51621963500975,1.0445953663561665,-0.0103887697029,0.0256604790994831,0.0004377598903529,0.8898743048492597,0.11012569515074022,1
366,2023-04-06 00:00:00-04:00,392.50618591410193,395.12117821186206,391.4544114056551,394.8413391113281,63743300,0.0038932835177093,0.0027015124432155,0.0013918070978693,0.0012611198823279,0.0292279490552559,0.0794505525866579,73.25582464393248,1.74102586431127,0.0066456469565904,0.0109317173719397,0.0104040875037351,0.0006404598356495,0.0124008170492581,-0.0144641468757691,-0.0753876795230852,383.44510650634766,386.80864379882814,376.70329849243166,1.0481494074819226,-0.0085187060201214,0.0255934328688598,0.000506470741862,0.8786991904778835,0.1213008095221166,1
367,2023-04-10 00:00:00-04:00,392.3518104686767,395.32382376153726,391.73426800425153,395.2466125488281,63681000,0.0010258945784273,0.0001073991231143,0.002327428571484,0.0009175112041988,0.0488760000011656,0.0578032058645286,70.90910454614776,1.5707392280999115,0.0066396241424906,0.0099278419457583,0.010036490239103,0.0006183016457069,0.0123078826474467,-0.013452572191431,-0.0753876795230852,384.65934295654296,386.93213317871096,376.89564376831055,1.0486897874356926,-0.0057503091740912,0.0253929802096925,0.0003124362763958,0.8711999556438459,0.12880004435615405,1
368,2023-04-11 00:00:00-04:00,395.873825281643,396.761548055416,394.5808172781401,395.3527526855469,59297900,0.0002685054960169,-0.0005995365110486,0.003032337789961,0.0009307744154508,0.0636790935891819,0.0586387881734062,66.43361014204555,1.3719903399737188,0.0067007459300915,0.0091671086912343,0.0100350487214047,0.0006995443864681,0.0117100976547237,-0.0131876432191322,-0.0753876795230852,385.905322265625,387.0398663330078,377.0710334777832,1.048483488745207,-0.0028697006905253,0.025215033378441,0.0002724988091395,0.7680051360822356,0.23199486391776447,0
369,2023-04-12 00:00:00-04:00,397.4274190026867,397.7169169127743,393.15276783554935,393.7413635253906,86420400,-0.0040841551519039,-0.0003036574774969,0.002905772135001,0.0007550195970184,0.0610212148350231,0.0475662346121647,78.71057635452827,1.0530848581103882,0.0068916476731347,0.0092497201857395,0.0100242007416997,0.0007548005043052,0.0107620001880894,-0.0172097190084709,-0.0753876795230852,386.76456451416016,387.2132281494141,377.1810934448242,1.0439053557253366,-0.0011394881940692,0.0254789961988408,0.0004402936355328,0.7716871220308281,0.22831287796917216,1
370,2023-04-13 00:00:00-04:00,394.83173783881375,399.32833439089336,393.6834638753183,398.9713134765625,85814800,0.0131952622609816,0.0028597581402462,0.0027533984095088,0.0007649672862625,0.0578213665996856,0.0481929390345408,81.60039700747737,1.1097831894988015,0.0066736662593641,0.0090403823346124,0.0100364167146169,0.0008633675336665,0.0100871167216295,-0.0041556066945829,-0.0753876795230852,388.0030624389648,387.3779516601562,377.3244023132325,1.0573694969915042,0.0015668063284085,0.0251986772164621,0.0004128705628152,0.8999706551485037,0.10002934485149649,0
371,2023-04-14 00:00:00-04:00,398.3343758335543,400.53442403011854,395.6808075090933,397.9966430664063,78161500,-0.0024459475141529,0.0015919119338738,0.0029356921858501,0.0006684590733395,0.0616495359028537,0.042112921620394,77.34849755372386,1.0004366974470615,0.0067918950869249,0.0088865335495455,0.0100376150630433,0.0009581755022548,0.0098676390965043,-0.0065884133412989,-0.0753876795230852,388.8645538330078,387.4401287841797,377.5006707763672,1.0542938698569384,0.0035789875961099,0.0249737232234747,0.0001562252473899,0.8655921768846826,0.13440782311531738,1
372,2023-04-17 00:00:00-04:00,397.90982075343015,399.444062248447,396.67470643651706,399.4247741699219,66436400,0.0035818767831848,0.0021031083748253,0.0022780139715051,0.0006638530992122,0.0478382934016083,0.0418227452503696,77.88426647960952,0.9438096323047752,0.0054361479346954,0.0082514440356247,0.0100361877905105,0.0011109633489057,0.0097478007480969,-0.0030237551708948,-0.0753876795230852,390.0200622558594,387.4159002685547,377.685556640625,1.0575590385892943,0.0065197808341172,0.0243608916050616,6.065851993119114e-05,0.957876930694525,0.04212306930547495,1
373,2023-04-18 00:00:00-04:00,401.0072575989454,401.14236249332856,398.30545418576855,399.685302734375,63560000,0.0006520467735635,0.0021798166303346,0.0028691420685945,0.0007033081699899,0.060251983440486,0.0443084147093648,80.33888902065156,0.8465297675551233,0.0053530774498817,0.007615511428958,0.0100310957933449,0.0012931276233689,0.0097655916162726,-0.0023734680413621,-0.0753876795230852,391.00767211914064,387.4820501708985,377.8864685058594,1.0576861995474642,0.0088209947279078,0.0240078421683074,0.0001655049657597,0.9064729899918378,0.09352701000816234,0
374,2023-04-19 00:00:00-04:00,397.7650811599767,400.5247781715527,397.7071874777372,399.6177673339844,55227300,-0.0001689857153822,0.0029628505176389,0.0024053956952364,0.0009532285421171,0.050513309599966,0.0600533981533791,75.59009976422585,0.7060033984500915,0.0048937528402052,0.0074824358159387,0.0098039744518079,0.0014445708422011,0.009236028647949,-0.0025420384311543,-0.0753876795230852,391.7424713134766,387.5952990722656,378.0680311584472,1.0569996254629257,0.0103778474838055,0.0238409517609257,0.0002833930586287,0.9295442148841115,0.0704557851158882,0
375,2023-04-20 00:00:00-04:00,396.79049299637126,399.1931986267538,395.8834527009165,397.43701171875,75840400,-0.0054720481305195,-0.0007706115606612,0.0015236336515432,0.0009823477016227,0.0319963066824079,0.0618879052022305,66.42559477313458,0.4092676809179449,0.0052214906315862,0.0072534930482395,0.0097817452324151,0.0015637715186512,0.0094375854926947,-0.0079852700100784,-0.0753876795230852,392.6963104248047,387.5618841552735,378.2352593994141,1.0507666904186186,0.0129188427804621,0.023466925527458,8.407600703232431e-05,0.9375505610248245,0.062449438975175346,1
376,2023-04-21 00:00:00-04:00,397.73616032830944,398.2089685800001,395.7870041880718,397.7458190917969,73457400,0.0007766953123378,-0.0001260829953631,0.0023793536131533,0.0007016971500898,0.0499664258762209,0.0442069204556623,57.19384441986588,0.1881236367231471,0.0051246785935604,0.0058613800102824,0.0095224779413385,0.0017942201152735,0.008825469071146,-0.0072144775228181,-0.0753876795230852,393.6144454956055,387.6219293212891,378.397884979248,1.051131189894494,0.0150661952600772,0.0231908015101277,0.0001509636635596,0.709085313043882,0.2909146869561178,1
377,2023-04-24 00:00:00-04:00,397.5431336957735,398.5852788656045,396.2018908008796,398.1607055664063,64332100,0.0010425508507203,-0.000633948181856,0.0023004355968321,0.000528924127016,0.0483091475334747,0.0333222200020126,54.56503355150981,0.0322926737619457,0.005124787104379,0.0058680024727651,0.0094136421882966,0.0019597934302309,0.0087366456979535,-0.006178908408844,-0.0753876795230852,394.4288467407226,387.7587127685547,378.53523544311525,1.051845821169903,0.0167523662654738,0.023165212429284,0.0003435382883175,0.5677719339447531,0.4322280660552476,0
378,2023-04-25 00:00:00-04:00,396.18262700309856,396.7423052676906,391.7825298941924,391.8404235839844,97766700,-0.0160010324003632,-0.0039645640166413,0.0012270198979018,0.0002919847163864,0.0257674178559392,0.0183950371323457,44.2875597792423,-0.5043287165115644,0.007376876029279,0.0070051278561681,0.0096397753077004,0.0019931029944007,0.0092170370701136,-0.0219545222530053,-0.0753876795230852,394.89153442382815,387.7508258056641,378.6425093078613,1.0348558705155642,0.0182235118899966,0.0232449638924263,2.012799705163305e-05,0.25356383707773633,0.7464361629222634,0
379,2023-04-26 00:00:00-04:00,392.4579848078688,393.5387062510406,389.6210762958176,390.18072509765625,80447000,-0.0042446447414511,-0.0047796958218551,0.0009359435163806,0.0002186621328646,0.0196548138439948,0.0137757143704741,43.053210461717896,-0.9529145715769562,0.0073847619097417,0.0071034688765911,0.0096566892100085,0.002009893134057,0.0094752826164451,-0.0260971795728641,-0.0753876795230852,395.31417388916014,387.6176568603516,378.7626397705078,1.030145753905577,0.019725518288691,0.0226946553744486,0.0003413006761909,0.17027393143529415,0.8297260685647059,1
380,2023-04-27 00:00:00-04:00,392.7281891742036,398.2186667054327,392.4772968783276,397.948486328125,92968400,0.0197125360966696,0.0002572210235826,0.0019816390798907,0.0003580600021996,0.0416144206777053,0.0225577801385804,55.40640282918178,-0.7189955070056744,0.0088999057544217,0.0081506171157778,0.0098747365574969,0.0019697640871697,0.0100749206268487,-0.0067086140078566,-0.0753876795230852,395.84778594970703,387.64349609375,378.9378094482422,1.0501683294880593,0.0206164620241632,0.0218764160302135,6.493110110012894e-05,0.3972468242552896,0.6027531757447103,1
381,2023-04-28 00:00:00-04:00,397.0606918017015,401.3546599841194,397.0027981161029,401.3450012207031,89433100,0.0084988440160015,0.0018016507643154,0.0016991980727329,0.0004565334954781,0.0356831595273918,0.0287616102151262,59.610708404512366,-0.3468819980787447,0.0092662032170838,0.007792578547123,0.009925168260492,0.0019002445426833,0.0101253281776308,0.0,-0.0753876795230852,396.4378433227539,387.7115032958984,379.1394911193848,1.0585681803701272,0.0217427400374093,0.0213582133836016,0.0001694482351631,0.7565707628602742,0.24342923713972558,0
382,2023-05-01 00:00:00-04:00,400.90112217868585,402.9757243479049,400.7081236035476,400.9397277832031,62122300,-0.0010102983574799,0.0013910809226753,0.0013730791606061,0.0006409123227883,0.0288346623727283,0.0403774763356677,58.72251137279714,-0.1494883290416071,0.0092288151004623,0.0077539094259869,0.0097851176658892,0.0018102120311925,0.0101510390850083,-0.0010097881779201,-0.0753876795230852,396.7331085205078,387.88098876953126,379.3435304260254,1.0569304485908166,0.0220784300920239,0.0212936203421634,0.0004227205784019,0.8538803151410677,0.1461196848589324,0
383,2023-05-02 00:00:00-04:00,400.2256551428924,400.2739195102237,393.5193816694739,396.4334716796875,103998500,-0.0113028731870002,0.0023307127653479,0.0001683489527045,0.0002298143518774,0.0035353280067951,0.0144783041682779,53.85456347281684,-0.3333277920316426,0.0099366240684699,0.007659351636124,0.0097332675430485,0.0016731498853526,0.0107810496005474,-0.012237674634235,-0.0753876795230852,396.72779846191406,387.9799591064453,379.4906364440918,1.044646253710905,0.022066349035575,0.0214142429154235,0.0002496518179828,0.9006251488491731,0.0993748511508269,0
384,2023-05-03 00:00:00-04:00,396.9353094834213,399.3573036943391,393.4711993167333,393.7124328613281,91531800,-0.0068874610606299,0.0018021495015121,-0.0003407293676508,-4.7315296415351245e-05,-0.0071553167206669,-0.0029808636741669,41.88748315806421,-0.631791510024053,0.0101135017792303,0.0077602944718605,0.009682479383905,0.0015426498796549,0.0108993253793243,-0.0190174745821184,-0.0753876795230852,396.6964385986328,388.18157958984375,379.6392890930176,1.037069776950463,0.0216271021641527,0.0216967760828495,0.0005121008801604,0.9185852970538918,0.08141470294610796,0
385,2023-05-04 00:00:00-04:00,392.6606060841038,392.9886801275644,389.5824641073576,390.9237365722656,94901900,-0.0071082831505563,-0.0035620143479329,-0.0004142880738838,-0.0003895442801443,-0.0087000495515608,-0.024541289649095,39.66739870693691,-0.9893312901965904,0.0101979897293808,0.0078193724260934,0.0095417331334637,0.0013658579801718,0.0108448538392579,-0.0259658513666319,-0.0718467394348798,396.5772705078125,388.3380010986328,379.7248260498047,1.0294921736852467,0.0210764111727367,0.0220328781371808,0.0004001330544944,0.9201282396573385,0.07987176034266134,1
386,2023-05-05 00:00:00-04:00,394.5711500488338,399.2124800515957,394.3106284800999,398.1607055664063,87891800,0.0183432127848097,-0.0015931405941713,0.0005840466219515,7.123635790548224e-05,0.0122649790609832,0.0044878905480454,48.42129575635335,-0.7230865528435304,0.012014142621694,0.0088002620613701,0.0097354468621523,0.0012234117695378,0.0116378956960956,-0.0079340608319818,-0.0718467394348798,396.7432388305664,388.5984033203125,379.8346360778809,1.0482474944300968,0.0204561509872436,0.022010628170765,0.0006540128597303,0.9646105204439526,0.035389479556047584,1
387,2023-05-08 00:00:00-04:00,398.4887911219587,398.74931269823855,396.8580503226791,398.266845703125,50046800,0.000266540596638,-0.0013377728033477,0.000411344578091,0.0001727736445968,0.0086382361399118,0.0108847396095992,48.22162092671609,-0.5332475319453271,0.0120099140752854,0.008767598480498,0.0097030281725048,0.0010485821231217,0.0114651939344942,-0.007669599741409,-0.0718467394348798,396.8942504882813,388.9432141113281,379.9258221435547,1.048275275042085,0.0199640930766302,0.0226415833129508,0.0008657782959735,0.980554693010079,0.019445306989920884,0
388,2023-05-09 00:00:00-04:00,396.7132927551141,397.63962108590425,396.2887194686173,396.5202941894531,49220100,-0.0043950241200612,4.379701004003037e-05,0.0001532055924487,-0.0001032416893424,0.0032173174414231,-0.0065042264285715,46.27345931124828,-0.518268882978139,0.0107875282242737,0.0088281929640505,0.0095789635556855,0.0009700560418897,0.0113644747636023,-0.0120213457662995,-0.06913392408655,396.9526275634765,389.2271392822266,380.0259049987793,1.0434033284934268,0.0194832103033768,0.0232049517219691,0.0007160419657178,0.9813437792544561,0.01865622074554384,1
389,2023-05-10 00:00:00-04:00,399.3668972208996,400.0037572082906,394.5325683537426,398.3730163574219,96142900,0.0046615702972784,0.0023536032816217,0.0003623991544135,0.0001452770239115,0.0076103822426846,0.0091524525064254,51.13505743936133,-0.3827960556368039,0.0106560893079866,0.0088829411727774,0.0094945530595309,0.0009534884660061,0.0116230445608528,-0.0074050626125699,-0.06913392408655,397.1842102050781,389.5763781738281,380.1329643249512,1.0479833472607718,0.0190972573916105,0.0237049535513828,0.0008766630199877,0.9827283655071056,0.017271634492894237,0
390,2023-05-11 00:00:00-04:00,397.5046026258841,397.9677521339432,395.5940225627873,397.6782836914063,70157100,-0.0017454474161484,0.0034261704285033,0.0004737661894495,0.0002557744184661,0.0099490899784401,0.0161137883633661,49.9188618216456,-0.3406016676616343,0.0086894714737518,0.0088389580681213,0.009430160948193,0.0009282249786791,0.0117074771544976,-0.0091360737473855,-0.06913392408655,397.1195587158203,389.9409454345703,380.2588491821289,1.0458094125797297,0.0180513082449844,0.0243465551162823,0.0009167391725747,0.9824207309361115,0.01757926906388843,0
391,2023-05-12 00:00:00-04:00,398.92307247331183,399.1353591552824,394.7256032078442,397.1572265625,70481500,-0.001311107007238,-0.0005046935299062,-0.0002170132995133,0.0001979630314136,-0.0045572792897797,0.0124716709790617,48.79747103939287,-0.347224430780253,0.0081519918923071,0.0083482698874694,0.0094283973587753,0.0008966096888961,0.012087278445763,-0.0104343511080638,-0.06913392408655,397.077587890625,390.2360711669922,380.3337666320801,1.0442334112992242,0.0172262173921596,0.0249329582156143,0.0007430954611508,0.989376255506806,0.010623744493194039,1
392,2023-05-15 00:00:00-04:00,397.7650986721773,398.9326605786748,395.8448894159821,398.52740478515625,54289400,0.0034440267488361,0.0001308037005333,6.346166539093709e-05,6.738372228277889e-05,0.0013326949732094,0.0042451745038148,59.092097324723625,-0.2626120456926246,0.0082751011929243,0.0083685580551798,0.0093233257952788,0.0008733261371509,0.011455977771797,-0.0070203850228034,-0.06913392408655,397.03271942138673,390.4359423828125,380.39156784057616,1.0476767585767857,0.0165528818328829,0.0252037235623764,0.0005015243956136,0.9901387491481151,0.009861250851884959,0
393,2023-05-16 00:00:00-04:00,397.4177571112593,398.34411507930736,395.85456853042575,395.8642272949219,57705500,-0.0067049736174914,-0.0003311861989526,-0.0004263883536888,-3.173709403118368e-05,-0.0089541554274669,-0.0019994369239647,57.52242343557004,-0.3820515512387068,0.0077239374053882,0.0084529543232846,0.0093621409686723,0.0008793941779717,0.0113084409912748,-0.0136560164175741,-0.06913392408655,396.8416656494141,390.5771673583984,380.4078456115722,1.0406310801989396,0.0158248658481296,0.0256889131314457,0.0003567510420199,0.9882374230409383,0.01176257695906166,1
394,2023-05-17 00:00:00-04:00,397.8905713366959,401.2774699124527,396.240542315304,400.6695861816406,87287000,0.0120658209454576,0.0011496639306831,0.0001171247021155,0.0001083207954534,0.0024596187444271,0.0068242101135697,53.9079791761446,-0.1456302959661599,0.0081962327055386,0.0088818282785761,0.0094772026752492,0.0009069916357395,0.0107049022524847,-0.0016828789121783,-0.0561381578108393,396.8942565917969,390.9336956787109,380.453963470459,1.0531355292681852,0.0148764995364129,0.0261555470384543,0.0008898312540021,0.9843710803485627,0.015628919651437242,1
395,2023-05-18 00:00:00-04:00,400.3511161080979,404.95387019652,400.1292001314732,404.529296875,97177200,0.0095870482117656,0.0034161630562659,0.0005816977462654,0.000480565760861,0.0122156526715749,0.0302756429342441,54.513164098150064,0.2414268595588484,0.0078854737280813,0.0091181211692144,0.009379590981932,0.0009399219995596,0.010686248939412,0.0,-0.0537741950747647,397.2488708496094,391.3549224853516,380.532292175293,1.0630616775320942,0.0145698924893419,0.0267536378543252,0.0010412763918326,0.9819999903486809,0.018000009651319038,0
396,2023-05-19 00:00:00-04:00,405.4363392242152,405.9670411550364,402.7152182265757,403.940673828125,103793300,-0.0014561410372982,0.0033871562502539,0.0007729314173712,0.0004971576994983,0.016231559764796,0.031320935068393,54.23130776175071,0.4181769755539495,0.0059772298968163,0.00902646011524,0.0093751544034115,0.0009521382883966,0.0108758603401737,-0.001455081378338,-0.0472470969277322,397.5586135864258,391.9058752441407,380.57723068237306,1.0613894927551537,0.0139939815634668,0.0280453177799764,0.0013639447435875,0.9789096640473246,0.02109033595267558,1
397,2023-05-22 00:00:00-04:00,403.9599716044401,405.648606053064,402.7151985370263,404.1047058105469,60745400,0.0004059969620726,0.0027795502929012,0.0007552791149776,0.0008252666470649,0.0158608614145308,0.0519917987650885,62.32564844607323,0.5009247560644907,0.0059743466608477,0.0090268148515647,0.0089906426281746,0.000830866534261,0.0100783452446577,-0.0010495928669026,-0.0472470969277322,397.8558135986328,392.5687316894531,380.62432327270506,1.0616891278412044,0.0130834455356687,0.0295577068145993,0.0016403086521422,0.9864692569313628,0.013530743068637222,0
398,2023-05-23 00:00:00-04:00,402.454662297957,404.0371682026997,399.1738925667831,399.5695190429688,86383500,-0.0112862519862821,0.001863294619143,0.0001681932655966,0.0006680121777383,0.0035320585775284,0.0420847671975165,58.89239060633663,0.2193810471936659,0.0070285577743587,0.0094003872468522,0.0091155961682651,0.0006781321101123,0.0100219648104093,-0.0122606146707931,-0.0472470969277322,398.2422683715821,393.1514587402344,380.65207565307617,1.0496974654806133,0.0127407356886004,0.031282123614174,0.0014583871466897,0.9890863967285931,0.01091360327140679,0
399,2023-05-24 00:00:00-04:00,397.9580918408348,398.3440595499911,395.5071512441471,396.6747131347656,89213700,-0.0072711827483652,-0.0020041061196214,0.0005839003918822,0.0004683830848566,0.0122619082295264,0.0295081343459713,58.70325041796366,-0.1715492628407549,0.0073013597843414,0.0088250127590397,0.0091500468189652,0.0006074917965561,0.0100829291282515,-0.0194166004808829,-0.0472470969277322,398.5669677734375,393.553822631836,380.6676409912109,1.0420499943254289,0.0126379246662451,0.0324855132276785,0.0010143421757889,0.9861801812550473,0.013819818744952845,1
400,2023-05-25 00:00:00-04:00,400.1967038045329,401.5669229937081,397.94842061968114,400.10986328125,90961600,0.0086225851540295,-0.0021969987311686,0.0011966256250003,0.0007757261878884,0.0251291381250072,0.0488707498369694,53.3333263747688,-0.2061937595307874,0.0078116747021234,0.0089191886741662,0.0090924992434888,0.0005293371894635,0.0093900046461814,-0.0109248789343324,-0.0472470969277322,398.67503662109374,394.0719927978516,380.70819625854494,1.050962041829877,0.0115044497666045,0.0334003176770296,0.0012950697135186,0.9880787539175379,0.01192124608246207,1
401,2023-05-26 00:00:00-04:00,400.7660221606442,406.0152654358038,400.6888403981192,405.2915649414063,93830000,0.012867553929289,0.0006677402621487,0.0008706740932203,0.0009260033594049,0.0182841559576266,0.0583382116425128,60.23623938070098,0.0962217055705336,0.0086645236915836,0.0083131793754677,0.009213998722786,0.0005244646276175,0.0099774041576876,0.0,-0.0472470969277322,398.8723648071289,394.5624877929688,380.7334927368164,1.0645020011978976,0.0106340160688596,0.0341211025651412,0.0012102274943424,0.9940549523283468,0.005945047671653222,1
402,2023-05-30 00:00:00-04:00,407.23108712480087,407.76178903576425,404.0564460796768,405.4459533691406,72216000,0.0003808592204349,0.0006627127138212,0.0004841033886695,0.000990819686901,0.0101661711620602,0.0624216402747659,63.63911075959992,0.2729960118841903,0.0086630248663458,0.0081273974730871,0.0091952571190729,0.0005049623075996,0.0102778935970736,0.0,-0.0472470969277322,399.0976760864258,395.1451147460937,380.7595611572266,1.0648345957141188,0.0097486762600228,0.0354808167878536,0.0014370027577868,0.9953254621283396,0.004674537871660365,0
403,2023-05-31 00:00:00-04:00,403.6125463412608,404.5195865536788,401.62478488360745,403.1976318359375,110811800,-0.0055607374320356,0.0018078156246705,0.0002674158136906,0.000963558993244,0.0056157320875045,0.0607042165743733,57.28432423267005,0.2077965230298684,0.0085461325792181,0.0082292546262449,0.0092123496641442,0.0004765180469383,0.0100428957180804,-0.0055453051498484,-0.0472470969277322,399.4358840942383,395.6104052734375,380.7405102539062,1.058982748032394,0.0094878504206031,0.0368799165605761,0.0011540011413883,0.995078574739175,0.004921425260824896,1
404,2023-06-01 00:00:00-04:00,403.4292886743903,408.0899368025651,402.1748861409727,407.0285034179688,88865000,0.009456372641247,0.0051533267025929,0.0012559513293215,0.000990691694895,0.0263749779157519,0.0624135767783884,62.89594283809402,0.381836704320186,0.0082331648926865,0.0080139151552525,0.0092351399523155,0.000447270689549,0.0104987139631416,0.0,-0.0472470969277322,400.1016876220703,396.05253967285154,380.73222717285154,1.0690676395859149,0.0099480697671454,0.0376394094549882,0.0010862492324278,0.9935716061587863,0.006428393841213738,1
405,2023-06-02 00:00:00-04:00,409.6144939735416,413.70580481996393,409.0837920383036,412.9145812988281,91426200,0.0143575306691167,0.0063003158056104,0.0022676176021666,0.0009660391442224,0.0476199696454986,0.0608604660860155,68.93112614346734,0.8269923836913389,0.0088631144452,0.008271336338694,0.0091966626258922,0.0004113544330452,0.0107413096208618,0.0,-0.0472470969277322,401.2012298583985,396.7436267089844,380.749372253418,1.08447869225639,0.0107954607352266,0.0387350197352108,0.0016736803867739,0.9881446735153129,0.011855326484687049,0
406,2023-06-05 00:00:00-04:00,413.2619059956479,414.5549139395216,411.41887863945146,412.123291015625,65460200,-0.0019181920064108,0.0033431666184704,0.0025147647995068,0.0009246003376655,0.052810060789644,0.0582498212729323,66.56471508585945,0.9907232889753724,0.0088846114489692,0.0080518037334194,0.0092037940739209,0.0003910374980444,0.010770298354516,-0.0019163534518788,-0.0339918624663542,401.89935913085935,397.3984301757813,380.7770938110352,1.082321646217894,0.0109213166380044,0.0403309803815865,0.0015888533384832,0.9877798994499617,0.012220100550038417,1
407,2023-06-06 00:00:00-04:00,411.70845567915006,413.5514539423894,411.05227809471006,413.020751953125,64022200,0.0021752839374792,0.0037020515618793,0.0017448634258244,0.0012043239779365,0.0366421319423134,0.0758724106100024,71.84265718235415,1.074993652254237,0.0088668197300338,0.0071894319602915,0.0089628306203252,0.0005010565690728,0.0107168622093747,0.0,-0.0339918624663542,402.6370544433594,398.0213916015625,380.8033940124512,1.0846036522973332,0.0111753775566238,0.0416879721120295,0.0015083053886163,0.9933232940374279,0.0066767059625719265,0
408,2023-06-07 00:00:00-04:00,413.416360399151,414.5549755483885,411.1680474977833,411.5926208496094,85373300,-0.0034637627243735,0.0041214465034117,0.0015672299343477,0.0011234605367693,0.032911828621302,0.0707780138164696,65.21494058995165,0.9541781164845258,0.0078311354500584,0.0072733773428004,0.0089818831740905,0.0005720332472589,0.0104023967307178,-0.0034577708184447,-0.0259658513666319,403.3906707763672,398.6015106201172,380.849951171875,1.0807212120761451,0.0116356803150751,0.0431289545755204,0.0014094495118916,0.9904486518931844,0.009551348106815554,1
409,2023-06-08 00:00:00-04:00,411.66018977227344,414.5357040524195,410.8882542548616,414.0821838378906,61952800,0.0060303899760081,0.0034362499703639,0.0020636782246367,0.0015147707961898,0.0433372427173715,0.0954305601599602,63.83449641352915,0.9589953819414498,0.0069831062138432,0.007201513745595,0.008638197007192,0.0006316385772869,0.0101367862114863,0.0,-0.0259658513666319,404.1761291503906,399.2485955810547,380.9508387756348,1.0869701328621273,0.01189989273063,0.0441887082313672,0.0015626969384194,0.987845607246337,0.012154392753663066,1
410,2023-06-09 00:00:00-04:00,414.88305848527847,416.84187353554825,413.8312838471978,414.8251647949219,85742800,0.0017926760022875,0.000923279036998,0.0019270642105895,0.0017739337183213,0.0404683484223808,0.1117578242542473,65.69276649891367,0.9286557949194848,0.0068454358393923,0.0071769369245444,0.0083902858925899,0.000676831223083,0.0100770926660018,0.0,-0.0259658513666319,405.0334732055664,399.79957397460936,381.0602058410644,1.0886079376337197,0.012617120838232,0.0451741353319516,0.0013282183442922,0.9889925361402555,0.011007463859744467,1
411,2023-06-12 00:00:00-04:00,415.80933294952047,418.6655290743698,415.0856325178986,418.58831787109375,76104300,0.0090307601919566,0.0031130694766715,0.0024402169538326,0.0019399184260944,0.0512445560304856,0.1222148608439489,68.91844165286778,1.068494759717014,0.0063592798058119,0.0072856495483556,0.0084293000071002,0.0007034626273335,0.0101412630753184,0.0,-0.0259658513666319,406.1050277709961,400.3804632568359,381.18209915161134,1.0981321494444167,0.0136758821729064,0.0458645482579779,0.0013877340991762,0.9889084087347687,0.011091591265231238,1
412,2023-06-13 00:00:00-04:00,420.0550450473256,421.9945422203873,419.38923828050775,421.3480529785156,95899700,0.0065713192907328,0.0039922765473223,0.0028155705870693,0.0017839852323549,0.0591269823284565,0.1123910696383624,79.83064011149094,1.241196647991104,0.0063526187860934,0.0072857692268437,0.0082464631273303,0.0007344711810833,0.009816385802188,0.0,-0.0259658513666319,407.2460601806641,400.90673583984375,381.289965057373,1.1050593815526066,0.0150453391109975,0.0465571648991836,0.0012490210392277,0.9873593135105722,0.012640686489427814,1
413,2023-06-14 00:00:00-04:00,421.6858312205728,423.6639342094121,418.3857438705528,421.849853515625,100612100,0.0011902320735959,0.0049230755069162,0.0027082470311055,0.0019024669607822,0.0568731876532163,0.1198554185292795,86.90219613379534,1.278518014120392,0.0055497247901303,0.0072926454302044,0.0081821922096574,0.0007600392825739,0.0100105747980946,0.0,-0.0259658513666319,408.5453414916992,401.412939453125,381.4679998779297,1.1058590855605648,0.0169074422549492,0.0472797119851472,0.0011999615717834,0.988296038427099,0.011703961572900821,1
414,2023-06-15 00:00:00-04:00,421.0296483104209,428.3342059147727,420.9331784663069,427.0798034667969,110303100,0.0123214357623232,0.0061812846641792,0.0036142665253824,0.0018219640477328,0.0758995970330312,0.1147837350071726,87.5569143316598,1.5278544926573074,0.0058959102379181,0.0072464471439881,0.0080512261300596,0.0007820797883366,0.0103075835776912,0.0,-0.0259658513666319,409.865852355957,402.0677429199219,381.6849537658691,1.1189327723114115,0.0182591388605464,0.0477259495499356,0.0015332110333515,0.9800331470417449,0.01996685295825524,0
415,2023-06-16 00:00:00-04:00,429.072983957888,429.6444062311506,425.1504965071728,425.62506103515625,114165800,-0.0034120688260844,0.0051403356985048,0.0028772241553089,0.0019544969753397,0.060421707261489,0.1231333094464023,81.59488023793085,1.4669235653693775,0.0053508381121991,0.0071300514724898,0.0078911476895157,0.0007882199054381,0.0101059365964458,-0.0034062543342762,-0.0259658513666319,410.92064056396487,402.71410217285154,381.9156945800781,1.1144476832855408,0.0192811447031674,0.0488655614925256,0.0015186118302283,0.989011568385843,0.010988431614156847,0
416,2023-06-20 00:00:00-04:00,423.6784195399035,424.5694399868162,421.3345918208117,423.4169006347656,76160400,-0.0052015459276609,0.0022938744745813,0.0021730053867648,0.0017200329427556,0.0456331131220624,0.1083620753936034,76.24857139291197,1.163292348703413,0.0057724517024332,0.0071644366897845,0.0078806701306054,0.0007670504113528,0.0102573482704665,-0.0085766238588147,-0.0259658513666319,411.8944519042969,403.2856134033203,382.1498318481445,1.107986620292481,0.0203318254138429,0.049917189237109,0.0013497600818767,0.9924976240740253,0.007502375925974855,0
417,2023-06-21 00:00:00-04:00,422.4289996662733,423.2328569537705,420.6565943972341,421.2474060058594,76982300,-0.0051369505793338,-4.777949943200726e-05,0.001997728741906,0.0014314312702735,0.0419523035800268,0.0901801700272311,76.42455494804489,0.7232743232790693,0.0062869985224016,0.0073013788223551,0.0077916670395316,0.0007350367038538,0.0101302908402852,-0.0136564581457454,-0.0259658513666319,412.7515869140625,403.8056292724609,382.36721298217776,1.1016828632362206,0.021236825471341,0.0508926962745141,0.0012344666381954,0.9925093619512786,0.0074906380487213915,1
418,2023-06-22 00:00:00-04:00,420.2885397836048,422.874467164617,419.9495524578209,422.7679443359375,70637200,0.0036031097644888,0.0004347960387465,0.0021499722086877,0.0017615349789396,0.0451494163824431,0.1109767036731951,74.71406912176525,0.4546789547310466,0.0059986348002672,0.0072998614808184,0.0074216233888202,0.0006914085096584,0.0095886588688606,-0.0100961438491309,-0.0259658513666319,413.91150817871096,404.3539331054688,382.6121139526367,1.1049518008420185,0.0226071422899736,0.0514273124159944,0.0012969380492389,0.9932117924795772,0.0067882075204227154,0
419,2023-06-23 00:00:00-04:00,419.3005934195541,421.36354199428746,418.8550833062674,419.57177734375,92074500,-0.0075888201610353,-0.0035472551459251,0.0023260403908423,0.0015982230844236,0.04884684820769,0.1006880543186932,61.41762039001729,0.0055627796631219,0.0066624891358558,0.0069979300828377,0.0075132775990377,0.0005993690380492,0.0091910795257629,-0.017579913782157,-0.0259658513666319,415.05636138916014,404.870541381836,382.8480857849121,1.095922359082839,0.0242767043860985,0.0524879336173298,0.001231275086322,0.9900188082811695,0.009981191718830652,0
420,2023-06-26 00:00:00-04:00,419.0003884627084,420.92773045025166,417.6154143667033,417.8575439453125,72823600,-0.0040940429221665,-0.0036836499651415,0.0024773327635185,0.0014294176844341,0.0520239880338888,0.0900533141193543,59.53290297442808,-0.4385960664499766,0.0068725444019507,0.0068119402875587,0.0075199066322094,0.0005613967411356,0.0092589187701074,-0.0215937617434099,-0.0259658513666319,415.9437454223633,405.2482659912109,383.0420375061035,1.090892129401474,0.0255959945826708,0.0531430598941482,0.0009039554624492,0.983607075125584,0.01639292487441582,1
421,2023-06-27 00:00:00-04:00,418.73888224503673,423.05846547704135,418.2836774733641,422.4386291503906,72813700,0.0109036093184024,-0.0004626189159288,0.0025859529618219,0.0015728407010676,0.0543050121982615,0.0990889641672638,63.94838728339897,-0.4536120387440876,0.0071440881273843,0.006931958071009,0.0076139831095656,0.0004810874366715,0.0096153396284106,-0.0108672296810379,-0.0259658513666319,416.8010986328125,405.7371057128906,383.2465063476562,1.1022634835637142,0.0261907698691613,0.0532399212886083,0.001157185181343,0.9910607224769827,0.0089392775230172,1
422,2023-06-28 00:00:00-04:00,421.35392323417744,423.6686964256791,420.7340868201754,422.6517639160156,75636000,0.0005044070359635,0.0006656526071305,0.0019972316811874,0.0016165149514328,0.0419418653049358,0.1018404419402679,66.99067727155939,-0.4765809286517122,0.0068624863500643,0.0065283379250773,0.0075995961941993,0.0004799187985147,0.0095340485361787,-0.0103681783002541,-0.0259658513666319,417.66138916015626,406.2016455078125,383.4224040222168,1.102313687156178,0.0271139141740833,0.053896004773618,0.0010991076687288,0.9943688993377675,0.005631100662232315,1
423,2023-06-29 00:00:00-04:00,422.23531808406807,424.4822881035631,421.8285568648382,424.317626953125,67882300,0.0039337081202851,0.0007317722782898,0.0021664149621326,0.0014499054745117,0.045494714204786,0.0913440448942383,66.13352446280912,-0.4095345372958707,0.0069558376057429,0.006530390951979,0.0074272514282773,0.0004807586286466,0.0093293379359294,-0.0064675887064901,-0.0259658513666319,418.7173889160157,406.6942919921875,383.5858088684082,1.1061869786186227,0.0283351342487507,0.0544603421020077,0.0011610323330485,0.9943736001653599,0.005626399834640196,1
424,2023-06-30 00:00:00-04:00,427.5427284266672,430.3126766273395,427.2231008300768,429.3247985839844,104964000,0.0117314437700693,0.0045958250645107,0.0029898521622329,0.0015434490455099,0.062786895406891,0.0972372898671239,70.14664626803396,-0.0754150735558951,0.0068468609334077,0.0065972039017111,0.0075199450823173,0.0004534775376216,0.009717067965915,0.0,-0.0259658513666319,419.8322036743164,407.2884326171875,383.8593960571289,1.1184428543207758,0.0292174388679649,0.0545718221666513,0.0013838954259329,0.9912681008489734,0.00873189915102662,1
425,2023-07-03 00:00:00-04:00,428.9761803468744,430.09963567460966,428.6953017365227,429.81878662109375,32793400,0.00114995467592,0.0056446245841281,0.0025943084495982,0.0013395362438747,0.0544804774415639,0.0843907833641111,67.16353867393008,0.1207365763680341,0.0067059750919127,0.0064371801694103,0.0073490523308722,0.0004456062709025,0.0093010733930006,0.0,-0.0259658513666319,420.6774139404297,407.9360681152344,384.12830627441406,1.1189458824053422,0.0296435293705005,0.0553902309109816,0.0015067640554711,0.9942301771164918,0.005769822883508085,0
426,2023-07-05 00:00:00-04:00,427.9980022271676,429.9156794454101,427.9883075842431,429.1795959472656,58418400,-0.0014882235048936,0.0031662580194688,0.0018397487270263,0.0012555456538473,0.0386347232675537,0.0790993761923855,62.798512598822605,0.1475380787585569,0.0064224349760857,0.0058952645104744,0.0073506786917279,0.0004464717441813,0.0090687996266044,-0.0014871166494441,-0.0259658513666319,421.5302291870117,408.5647436523437,384.4153665161133,1.1164475547292565,0.0302099299619572,0.056268698149382,0.001464830907727,0.9966021414491214,0.0033978585508784858,0
427,2023-07-06 00:00:00-04:00,425.5863516723805,426.2449370649579,423.3006329683059,425.81878662109375,80658300,-0.0078615976454776,0.0014930570831806,0.0015567294108803,0.0012190687121677,0.032691317628487,0.0768013288665702,55.93183232108356,-0.1072344028305796,0.0067763443739655,0.0062184997276389,0.0073906566936229,0.0004147925231283,0.0092411519043899,-0.0093062474803508,-0.0259658513666319,422.1701309204101,409.1179052734375,384.6998040771484,1.1068858941651534,0.0306520662240929,0.0573438795175023,0.0012990540541509,0.9965014644154946,0.003498535584505301,0
428,2023-07-07 00:00:00-04:00,424.8212419223924,428.705010268812,424.50161428998615,424.7437438964844,86134200,-0.0025278407136356,0.0002007473163965,0.0013327710941605,0.0012205603806455,0.027988192977372,0.0768953039806688,46.01349873449364,-0.3790197146675567,0.0067999448788709,0.0062795006838618,0.0073898784207143,0.0004347725370418,0.0087268003268824,-0.0118074008921421,-0.0259658513666319,422.8276870727539,409.7759716796875,384.96456100463865,1.103332064614037,0.0307284464588778,0.0584150114782989,0.0015493257186393,0.9966208901557815,0.0033791098442185175,1
429,2023-07-10 00:00:00-04:00,424.3853688047475,425.9931128326287,423.8139465179375,425.81878662109375,62443500,0.0025278407136356,-0.0016399732948902,0.0016180855435895,0.0011988866853427,0.0339797964153812,0.0755298611765951,50.33493449044372,-0.5091436107852187,0.0061939430379326,0.0061860914172818,0.007383913125988,0.0004523871064727,0.0083164837705464,-0.0093062474803508,-0.0259658513666319,423.4145172119141,410.4887329101563,385.2560313415527,1.105287787807739,0.0303551292424764,0.0592569007319452,0.0016738604609829,0.9960337164171467,0.003966283582853536,1
430,2023-07-11 00:00:00-04:00,426.5839377782571,429.02459348677553,425.605724743693,428.5306396484375,64463800,0.0063483676623642,-0.0006002906976013,0.0016332273381779,0.0012833703850878,0.0342977741017375,0.0808523342605319,58.68985524081759,-0.4380377154023023,0.0060282146431539,0.0061978095494514,0.0074122961214177,0.0004659411770596,0.008118574332196,-0.0029969536296509,-0.0259658513666319,424.0997909545898,411.1003759765625,385.5931159973144,1.1113544870739396,0.0303348553762502,0.059522604965129,0.0014273029973025,0.9967188049099492,0.0032811950900509188,1
431,2023-07-12 00:00:00-04:00,432.3369227617404,433.3926042220803,430.9035049555948,431.9785461425781,91924500,0.0080136853919912,0.0013000910817756,0.0019294658805448,0.0014063097485159,0.0405187834914411,0.0885975141565065,67.47627340354896,-0.1965607844534247,0.0056384333778721,0.0063525537485791,0.0074592736143603,0.0004673017109071,0.0084012882968287,0.0,-0.0259658513666319,424.76930236816406,411.713046875,385.9626066589356,1.1192238281370754,0.0302243146326409,0.05961046085739,0.0014182901070167,0.9966730114140866,0.003326988585913238,1
432,2023-07-13 00:00:00-04:00,433.7993604938544,436.2012966281413,433.3635449730267,435.4071044921875,72425200,0.0079055405250535,0.0044535187158818,0.0018758839916446,0.0015966223783089,0.039393563824538,0.1005872098334639,69.37924283572563,0.1382560396154533,0.0058673938900231,0.0062941384574698,0.0074698753091145,0.000461646653854,0.008548043477967,0.0,-0.0259658513666319,425.4722549438477,412.4023944091797,386.37923828125,1.1268905297008984,0.0300175637921922,0.059767412748766,0.0015832252782914,0.9970225282374231,0.0029774717625770837,0
433,2023-07-14 00:00:00-04:00,436.2981897406341,437.15046112495,434.3708179806255,435.1359558105469,69815800,-0.0006229414781957,0.0048344985629698,0.0015333001455052,0.0013772858110204,0.0321993030556095,0.0867690060942864,76.21553603867099,0.2776030761967014,0.0059607135360215,0.0062211572757505,0.0073252848469348,0.0004540304969609,0.0083673497363951,-0.0006227474904362,-0.0259658513666319,426.1365600585938,413.1764440917969,386.8119287109375,1.124928999115024,0.0297840612657611,0.0605891446772057,0.0017788685864291,0.997480195899221,0.0025198041007791867,1
434,2023-07-17 00:00:00-04:00,434.9906619251845,437.7025015489115,434.9422182723966,436.6468200683594,52680200,0.003466151918274,0.0050221608038974,0.001641677280966,0.0014711286591541,0.0344752229002876,0.0926811055267134,81.86604282364875,0.4002198240668608,0.0050436391261758,0.0062346913299404,0.0073133758607614,0.0004390752737909,0.0082480935273855,0.0,-0.0259658513666319,426.6149108886719,414.0351318359375,387.2566232299805,1.1275386755852783,0.028809963738577,0.0613276162225679,0.0019665498628986,0.9973642800195265,0.0026357199804735313,1
435,2023-07-18 00:00:00-04:00,436.3175222997564,440.5402481729128,435.881677213904,439.891357421875,80668200,0.0074031052044441,0.0052331083123134,0.0014074710639242,0.0015317830785392,0.0295568923424084,0.0965023339479726,81.00490209366349,0.6156493634106779,0.0053475717736024,0.0058966618798091,0.0073469329079107,0.0004403855897089,0.0080991918200375,0.0,-0.0259658513666319,427.32822570800784,415.01448425292966,387.6833323669434,1.1346666743091152,0.0279926878473967,0.0621315955061479,0.0022263506669737,0.9977383609934315,0.0022616390065686286,1
436,2023-07-19 00:00:00-04:00,440.6855775235812,442.0608571337114,439.8138872965887,440.8695983886719,65891700,0.0022213549830912,0.0040746422305334,0.0016757293405516,0.0015566927326587,0.0351903161515841,0.0980716421575004,81.50760558622656,0.7319260595836985,0.0051803734936854,0.0057936847351914,0.0073465624153768,0.0004485439140338,0.0079698109605777,0.0,-0.0259658513666319,428.2008605957032,415.868662109375,388.1519635009765,1.1358169991263298,0.0279724402213282,0.062868246551134,0.0019374841439901,0.9976142808447285,0.002385719155271699,0
437,2023-07-20 00:00:00-04:00,439.87198216766114,440.7726971193373,437.2279164909502,437.9446105957031,70591600,-0.0066566939040326,0.0011621953447162,0.001606436579772,0.0014537132376007,0.0337351681752125,0.0915839339688499,72.58415782494039,0.5291971096781127,0.0049149665582612,0.0058879843198131,0.0074162815339739,0.000438137954428,0.0081841748360877,-0.0066345871968927,-0.0259658513666319,429.0357208251953,416.66221740722654,388.6328099060058,1.126885325769648,0.0282535807465195,0.064002174756973,0.0018119992315286,0.9975851640593786,0.0024148359406211766,0
438,2023-07-21 00:00:00-04:00,439.66857203779847,439.87198216766114,437.9349455110671,437.9446105957031,71275600,0.0,0.0012867836403553,0.001851053274026,0.0015405711444344,0.0388721187545464,0.0970559820993695,67.12851449459924,0.3226087279085536,0.0046688977909382,0.0056974466704186,0.0073657316742908,0.0004167364125497,0.0075223147157111,-0.0066345871968927,-0.0259658513666319,429.7945541381836,417.4907037353516,389.0685401916504,1.125623290898763,0.0280945354849691,0.0648989914615929,0.0018917605287986,0.9971923693102416,0.0028076306897582507,1
439,2023-07-24 00:00:00-04:00,439.09717520084894,440.7146139077843,438.0608534359134,439.9010620117188,54023400,0.0044574000108753,0.0014850332588756,0.0018917337619491,0.0015989950285382,0.0397264090009328,0.1007366867979069,68.93411092618828,0.2485519015547037,0.0046842786534544,0.0057136090156229,0.0073741675695753,0.0003773129727634,0.0077106088034136,-0.0021968772183271,-0.0259658513666319,430.811018371582,418.3212646484375,389.4597021484375,1.129516249267957,0.0283921881570993,0.0656092130535277,0.001888062986908,0.9971950315584208,0.002804968441579377,1
440,2023-07-25 00:00:00-04:00,439.6298221120076,442.3610211452945,439.5813784648505,441.1019592285156,55191200,0.0027262062254495,0.0005496534630766,0.0023829254946389,0.0016257197170259,0.0500414353874178,0.1024203421726361,71.92712063418654,0.2126612638407881,0.0045566889658707,0.0052851459090092,0.0073751692327581,0.00039706499058,0.0078276267339839,0.0,-0.0259658513666319,431.9732391357422,419.1897381591797,389.8610786437988,1.1314336911059892,0.0289808301892849,0.0664895244779155,0.0019688724853119,0.9960176447621958,0.003982355237804059,1
441,2023-07-26 00:00:00-04:00,440.1625324522216,442.6031880357151,439.1068510053474,441.1697998046875,71052900,0.0001537861222712,0.0001361396909126,0.0025852030681836,0.0018821454078614,0.0542892644318555,0.1185751606952706,82.12399960150101,0.1297801744848028,0.0042419773821641,0.0051030091490587,0.0070249500089283,0.0004364107133999,0.0074406587263372,0.0,-0.0259658513666319,432.909797668457,420.0699896240234,390.2814056396484,1.130388979412524,0.0291040049661558,0.067521811324263,0.0019952668229635,0.9950051863875895,0.004994813612410544,0
442,2023-07-27 00:00:00-04:00,444.5692968966643,444.9760876219577,437.3344634035933,438.244873046875,92194400,-0.0066520098733428,0.0001370764970506,0.00174922120191,0.0018439332629107,0.0367336452401101,0.116167795563379,76.22265293904962,-0.1694960708197221,0.0045191869479763,0.0051101276334132,0.0070652459961934,0.0004455537189406,0.0080507083347703,-0.0066299342319157,-0.0259658513666319,433.689453125,420.8643389892578,390.7369131469727,1.1215855433705404,0.0292647214480257,0.0687456435778147,0.0018125696707224,0.9969490119851177,0.0030509880148824197,1
443,2023-07-28 00:00:00-04:00,441.5281635177411,443.3683425271831,438.2448720243851,442.5354309082031,80011800,0.009742706053792,0.002085617707809,0.0021891402027589,0.0016856819923889,0.0459719442579386,0.1061979655205013,78.86283473545217,-0.1278543647557883,0.0053137898420205,0.0053877185481961,0.0067637832600063,0.0004502321662753,0.0084478865035598,0.0,-0.0259658513666319,434.60034332275393,421.7977630615234,391.2271263122559,1.131147103933166,0.028930068344937,0.0690806534666124,0.0021092640432201,0.9968197308089745,0.0031802691910253382,1
444,2023-07-31 00:00:00-04:00,443.0100405246931,443.7364293831208,441.69284002518833,443.3780822753906,62040400,0.0019023338255222,0.0015746044707384,0.0020924080934845,0.0015809754814289,0.0439405699631759,0.0996014553300222,77.40435364003105,-0.0944607500520966,0.0052784803870808,0.0053730459920348,0.0067074350067998,0.0004487308430869,0.008210272446573,0.0,-0.0249812889990122,435.3030075073242,422.6519329833984,391.7324604797364,1.131839015159495,0.0285333782378262,0.069736132072621,0.0019265046154095,0.9970157029794284,0.0029842970205717434,0
445,2023-08-01 00:00:00-04:00,441.9058733052999,442.85503196396667,441.15043014655225,442.1092834472656,55291500,-0.0028657657818429,0.0004562100692799,0.0013973028767268,0.0015515236175501,0.0293433604112637,0.0977459879056594,70.33430278855177,-0.2025199512593447,0.0050004655071788,0.0049945888096234,0.0067230520523908,0.0004625272474002,0.0078082270762878,-0.0028616633948471,-0.0215937617434099,435.9175323486328,423.4035327148438,392.2370964050293,1.1271480629938624,0.0283052179683118,0.0704948696548507,0.0017000315523458,0.9975142079183449,0.0024857920816552157,0
446,2023-08-02 00:00:00-04:00,438.9809399885829,439.2424293013425,435.2037243534402,435.9591674804688,93933400,-0.0140085127396645,-0.0023762497031071,0.0006754710950323,0.001508576957984,0.0141848929956792,0.0950403483529951,50.99895521102308,-0.7046270674052479,0.0067192102732082,0.0060218537746933,0.0068145096713722,0.0004440548201767,0.0083579360999647,-0.0167327053174311,-0.0215937617434099,436.25651092529296,424.0439025878906,392.6659609985352,1.110254544019656,0.0280131930886611,0.0719744965353003,0.0014688758049239,0.9974112478140165,0.0025887521859835998,0
447,2023-08-03 00:00:00-04:00,433.9349445023742,436.5983698095404,433.2860242407128,434.7097473144531,64276100,-0.0028700255686457,-0.0016198528421677,0.0006096709967584,0.0015723457753171,0.0128030909319271,0.0990577838449794,49.25514825568372,-1.113037553232079,0.0064747734515126,0.0060541411745786,0.0067531953325362,0.000446810371424,0.0084694881122854,-0.0195506618560216,-0.0215937617434099,436.70105895996096,424.6560034179688,393.1284799194336,1.1057701731595255,0.0277082711312641,0.0725254579482187,0.0014080678748511,0.9971407382549696,0.0028592617450305287,0
448,2023-08-04 00:00:00-04:00,436.5306239523306,438.6419870167452,432.2207051555838,432.7437133789063,100128900,-0.0045328940190909,-0.0044749728567443,0.000768180693253,0.00161322496788,0.0161317945583137,0.1016331729764448,43.285661637707015,-1.484507032749721,0.0065749978333647,0.005861776428551,0.0067074410784956,0.0004377504560453,0.0091122500782004,-0.0239848772900758,-0.0239848772900758,437.101057434082,425.3194873046875,393.5372003173828,1.0996259388690672,0.0272252831529378,0.073443671172356,0.0015332028316211,0.9964864270230803,0.0035135729769197157,1
449,2023-08-07 00:00:00-04:00,434.5838374265156,436.6758404980112,433.8865030693504,436.5208740234375,58357500,0.0086905286878983,-0.0031173338842691,0.0013023887599927,0.0014600077599925,0.0273501639598477,0.0919804888795334,44.30624722901008,-1.4434488084751615,0.0070950276215727,0.0060544006935863,0.006423347357702,0.0004282546518134,0.0089145338102694,-0.0154658259532413,-0.0239848772900758,437.6361618041992,426.1164105224609,393.9441864013672,1.1080779691433025,0.0263899207741433,0.0737014563004983,0.001825624535267,0.9968351209937877,0.0031648790062120753,0
450,2023-08-08 00:00:00-04:00,433.9736993143693,436.5112422778829,431.2521650523819,434.6226196289063,71361300,-0.0043580820216303,-0.0034157971322266,0.000974487677361,0.0013866010517661,0.0204642412245815,0.0873558662612649,39.76512399289212,-1.504880368589677,0.0070605915492812,0.006170075569347,0.006463506221323,0.0004275393862899,0.0094500801717218,-0.0197471706349394,-0.0239848772900758,437.9407608032226,426.8066656494141,394.3542639160156,1.1021121346908185,0.0256178455767332,0.0746679999331541,0.0015881711990566,0.9968346154570312,0.0031653845429690146,0
451,2023-08-09 00:00:00-04:00,434.89381066417457,435.0584717951736,430.95193373062347,431.7170715332031,78789600,-0.0067076667948988,-0.0019556279432735,0.0003527717508246,0.0013498924378798,0.0074082067673186,0.0850432235864275,39.790470091456704,-1.6881834001312166,0.0072158906433562,0.0062586596700573,0.0065033163675879,0.0004305975744749,0.0095905927397054,-0.0263003770559515,-0.0263003770559515,437.9276870727539,427.33517578125,394.7645977783203,1.093606351640563,0.0245357712028518,0.0754442669761894,0.0012242048477697,0.9969944780252425,0.0030055219747573856,1
452,2023-08-10 00:00:00-04:00,434.0802298731548,437.47973864760297,430.7001103815545,431.87200927734375,93005500,0.0003588228458322,-0.0013098582603779,-1.1745513278121112e-05,0.0012815948592854,-0.0002466557788405,0.0807404761349812,40.09479748759777,-1.7391032932139363,0.0070707229747318,0.0060080634423995,0.0064905574287547,0.0004146992286468,0.0103880823858799,-0.0259509286949827,-0.0263003770559515,437.7509323120117,427.8636968994141,395.1332206726074,1.0929782328658637,0.0228939018973286,0.0757874451775073,0.0012237910927555,0.9970624067234034,0.0029375932765965014,0
453,2023-08-11 00:00:00-04:00,429.9931049607352,432.6371707700478,429.3926282961701,431.6202087402344,68690900,-0.0005832143914966,-0.000519922334859,-0.0004159719378757,0.0013000430025338,-0.0087354106953908,0.081902709159633,35.69748650378084,-1.726372013566703,0.0059110207914036,0.0057277757723865,0.0064834627137954,0.0003977994353149,0.01047267383549,-0.0265188425075401,-0.0265188425075401,437.5751449584961,428.4321484375,395.4786726379394,1.09138681451827,0.0211829667282763,0.0763483153296773,0.001317017893451,0.9969195916530188,0.003080408346981097,1
454,2023-08-14 00:00:00-04:00,430.70015528144,434.0027770996094,430.390222291899,434.0027770996094,47867400,0.0055048777933639,-0.0011570525137659,-0.0001241710201824,0.001408233237464,-0.002607591423831,0.0887186939602351,38.21932099015517,-1.5023587870613255,0.0063055778124723,0.0058710042915891,0.0064960447164964,0.0003843972146665,0.0105522628701236,-0.0211451705678993,-0.0265188425075401,437.4429428100586,428.9716339111328,395.8070918273926,1.0965007602462908,0.0195190200291771,0.0764155066135176,0.0012430461326494,0.9974864384734553,0.002513561526544469,0
455,2023-08-15 00:00:00-04:00,432.2206802844034,432.57905690734094,428.3756611915116,428.9471130371094,75707500,-0.0117173012322779,-0.0026288963558954,-0.0008471925987801,0.0011675772377638,-0.0177910445743828,0.0735573659791211,32.5979069502703,-1.628927709499794,0.0070020273879923,0.0063241841880352,0.0066971341328551,0.000390620595642,0.0110314529175437,-0.0325477731425566,-0.0325477731425566,436.89573059082034,429.2922845458984,396.1241076660156,1.0828604084828075,0.0177258356888955,0.0773246301741943,0.000747529532243,0.997270140416853,0.0027298595831467816,0
456,2023-08-16 00:00:00-04:00,428.5306378687395,430.1964906791122,425.6928860842807,425.7994384765625,80107200,-0.0073651979854371,-0.0027604025940031,-0.0015504451316316,0.0011570974858916,-0.0325593477642641,0.0728971416111755,32.39244944130701,-1.8431236905804236,0.0061010621881143,0.0061803610195452,0.0067101557885953,0.0004009829391478,0.0105865936293608,-0.0396470743628452,-0.0396470743628452,436.1422225952148,429.5658074951172,396.4351448059082,1.0740708639367251,0.0154448656006379,0.0778081408649689,0.0006423750820277,0.9970627820056605,0.002937217994339797,0
457,2023-08-17 00:00:00-04:00,427.2715810031936,427.5330703308015,422.0318929109953,422.5549011230469,95711300,-0.0076490518674369,-0.0043619775366569,-0.0020204645054663,0.0008441629967981,-0.0424297546147923,0.0531822687982808,20.86975788941648,-2.102994812571134,0.0063285564697313,0.0062540566522997,0.006652676370372,0.0004154622522714,0.0107317290042306,-0.0469648410347223,-0.0469648410347223,435.372737121582,429.7564904785156,396.6867088317871,1.0652106352830415,0.0132911643626421,0.0782615029640815,0.0004512620322036,0.9968359779928918,0.003164022007107863,1
458,2023-08-18 00:00:00-04:00,419.7268333226135,423.7946226099103,419.3781808700758,422.75830078125,98852000,0.0004812409451796,-0.0041490864693216,-0.00168056284598,0.0006996263735189,-0.0352918197655801,0.0440764615316949,19.36677859012711,-2.153038918730051,0.0063776110366372,0.0061830502319996,0.0065579057522213,0.0004242624183646,0.0111274790711827,-0.0465060911182643,-0.0469648410347223,434.61342163085936,429.97980407714846,396.95273391723634,1.06500916773984,0.0109604413329036,0.0781228188751791,0.0005282299560296,0.9971157055836541,0.0028842944163458392,1
459,2023-08-21 00:00:00-04:00,423.77522436133023,426.2546291608359,421.6154471933943,425.5088806152344,68719000,0.0064851960197727,-0.0039530228240399,-0.0013717439878955,0.0008256793426788,-0.0288066237458072,0.052017798588766,26.37807106528446,-1.901481822299698,0.0059797316410437,0.0064282765146408,0.0065920337809604,0.0004455502078234,0.0114603631030923,-0.0403024018879159,-0.0469648410347223,433.89381256103513,430.2083380126953,397.2405973815918,1.071161616964562,0.0086613340314097,0.077478384430981,0.00053708382118,0.9976385966019353,0.002361403398064585,0
460,2023-08-22 00:00:00-04:00,427.29093275792906,427.29093275792906,423.7945955855288,424.3563232421875,64994200,-0.0027123314954051,-0.0021520288766653,-0.0017131597739089,0.000776182065576,-0.0359763552520878,0.0488994701312882,30.75183874155556,-1.7188292101553295,0.005947152796092,0.0062921585110469,0.0066069262526828,0.0004559599771476,0.0109176420148839,-0.0429018929749178,-0.0469648410347223,433.0565307617188,430.39896118164063,397.5688673400879,1.0673781528249926,0.0062625897966445,0.0773644506831492,0.0004492054401096,0.9971821897662866,0.002817810233713502,1
461,2023-08-23 00:00:00-04:00,425.4216740348195,429.70253803409815,425.2764021975119,429.0826721191406,68441000,0.0110761219531135,0.0015362351110447,-0.0013155447392582,0.0011311403820743,-0.0276264395244237,0.0712618440706839,41.6306269994299,-1.2098439234759628,0.0070663676921185,0.0068277480883096,0.0065488735245881,0.0004831083317808,0.011135958423558,-0.0322420316378445,-0.0469648410347223,432.4521743774414,430.6088482666016,397.9392364501953,1.0782617867661388,0.0042959695895806,0.076138268774776,0.0004891530201496,0.9975097325034751,0.002490267496524715,0
462,2023-08-24 00:00:00-04:00,430.69047958543786,431.2037931908301,423.106963434698,423.1360473632813,88517300,-0.0139558569561173,0.0002748740933086,-0.0019874325048958,0.0010250344422687,-0.0417360826028124,0.0645771698629317,37.22305194805195,-1.2013682525043956,0.0082058555614683,0.0073501746317535,0.0067386096565412,0.000537112246288,0.0115753049639865,-0.045654117154886,-0.0469648410347223,431.69673309326174,430.64460815429686,398.2543240356445,1.0624769696798315,0.0024864932815841,0.0765481558956943,8.451156056810866e-05,0.9944293345224448,0.005570665477555085,1
463,2023-08-25 00:00:00-04:00,424.8696216104319,427.4071349519244,421.30548118508113,426.1190185546875,102325100,0.007024941218551,0.0015836141479829,-0.0013361491195675,0.0009996750147214,-0.0280591315109184,0.0629795259274532,35.868375490059506,-0.9344425074041858,0.0086944501159677,0.0075201674497388,0.006712512288174,0.0005849761971562,0.0118579428718024,-0.0389262897979318,-0.0469648410347223,430.875912475586,430.7299914550781,398.5671026611328,1.0691274209777912,0.0003424419332485,0.075478651253435,0.0002003743016935,0.9956117140429019,0.0043882859570978545,1
464,2023-08-28 00:00:00-04:00,428.31754904739176,429.4410338891343,426.1190230158921,428.8211975097656,61595400,0.0063213494989049,0.0015508448438093,-0.0014990708602764,0.0008957670078899,-0.0314804880658055,0.0564333214970691,42.28685916552452,-0.535307672530053,0.0087687888324698,0.007302044950616,0.0065750976711758,0.0006089661547595,0.0114589611280259,-0.0328317644636828,-0.0469648410347223,430.1480682373047,430.7648193359375,398.8835841369629,1.0750535107569712,-0.0014382476944105,0.0743462202524364,8.121772212202425e-05,0.9955744948066859,0.004425505193313909,1
465,2023-08-29 00:00:00-04:00,428.71462023709375,435.300562421232,428.5305993952666,435.0196838378906,83081900,0.0143512372411661,0.0049635585911236,-0.0009062659357219,0.001117519039965,-0.0190315846501619,0.0704036995178002,54.03739082032678,0.1501161939191204,0.0091612237159543,0.0080581640310939,0.0067895376955011,0.0006936525554232,0.0117330094772011,-0.0188516274746942,-0.0469648410347223,429.793588256836,430.9527117919922,399.2687110900879,1.0895411329632994,-0.0026645312343801,0.0728334874927437,0.0004319171362478,0.9913405258610357,0.008659474138964106,1
466,2023-08-30 00:00:00-04:00,435.3587153203285,437.4507186105633,434.6516862480655,436.8114929199219,69053900,0.0041104554474361,0.0035704252899881,-0.0005740649248039,0.0012710300380519,-0.0120553634208828,0.0800748923972719,55.8060750764604,0.6974834351153638,0.0086446430399542,0.0081169282893372,0.006745295727175,0.00071857330743,0.0110339628707928,-0.0148103607687808,-0.0469648410347223,429.8362045288086,431.2206036376953,399.5644306945801,1.0932191640797295,-0.0031693284891213,0.0724710165740043,0.0006132893709191,0.9913235372944839,0.008676462705516036,0
467,2023-08-31 00:00:00-04:00,437.4313032327457,438.5741477826128,435.9882203614193,436.1722412109375,66084600,-0.0014645217276073,0.0060686923356901,2.3267980532108557e-05,0.0010976825083875,0.0004886275911742,0.0691539980284175,55.30235220094486,0.9728912368229355,0.008033252921761,0.0075183312101708,0.0066714717576182,0.000740832526817,0.010942277869011,-0.0162521363876923,-0.0469648410347223,429.9093292236328,431.5191003417969,399.8386779785157,1.0908705566357793,-0.0036906775949218,0.0726328256821833,0.0006843551145594,0.9962565100722622,0.0037434899277378093,1
468,2023-09-01 00:00:00-04:00,438.9034863550366,439.3877455440276,435.523337117232,436.9858093261719,58944100,0.0018635076437101,0.005036405620722,0.0002486743239776,0.0008993646825874,0.0052221608035302,0.056659975003011,53.6065593126034,1.1539009497389574,0.0079936076800874,0.0074981812786829,0.0064530741898696,0.00075560972578,0.010963073180081,-0.0144172055515554,-0.0469648410347223,430.1214340209961,431.8034576416016,400.13321197509765,1.092100821046986,-0.0038491492966307,0.0724743115007306,0.0006507243341451,0.9963324512014404,0.003667548798559504,0
469,2023-09-05 00:00:00-04:00,436.5402803885754,436.8598784345676,435.0293941483985,435.09716796875,55166200,-0.0043313408454228,0.0029058675518564,0.0002582720941522,0.0008610607327618,0.0054237139771983,0.0542468261639989,58.05220698996696,1.0911762717742957,0.0082441127862631,0.0074918811337049,0.0064771852016864,0.0007535150744787,0.0104080532588438,-0.0186768688793624,-0.0469648410347223,430.05024871826174,432.1139654541016,400.4021794128418,1.0866503489236388,-0.0047431169121929,0.0728843770445717,0.0007136516515371,0.9963532516987511,0.0036467483012490383,0
470,2023-09-06 00:00:00-04:00,434.2836346985003,434.3901870896137,429.838138891174,432.1722717285156,70758500,-0.0067450948821115,-0.001313398872799,-0.0004767575996576,0.0007194674181652,-0.0100119095928116,0.045326447344408,58.3928492482306,0.8103533536055986,0.0086034532604476,0.0073795806605331,0.0065451371989513,0.0007491414244426,0.0106033489152079,-0.0252737133269363,-0.0469648410347223,429.9277313232422,432.4002600097657,400.6710667419434,1.0786211124320113,-0.0057211645639233,0.0734179292459422,0.0006624547070524,0.9959885375332564,0.004011462466743661,0
471,2023-09-07 00:00:00-04:00,429.1601559057676,431.5233430664757,428.81150348377855,430.8453979492188,70355400,-0.003074965603668,-0.0027504830830199,-0.0004156568178499,0.0007256388010335,-0.0087287931748493,0.0457152444651136,61.49918686247436,0.5076869861250142,0.0080593493661581,0.0073510945465744,0.0065413114094166,0.0007439469099909,0.010281151986425,-0.0282663596311636,-0.0469648410347223,429.88414764404297,432.5683953857422,400.9391088867188,1.0745906009157855,-0.0062301877993265,0.0734121488811895,0.0003902452637926,0.9959102215633698,0.0040897784366301015,1
472,2023-09-08 00:00:00-04:00,430.8937860779607,433.03420324663375,430.5354390357885,431.4942626953125,61659700,0.001504893948786,-0.0021565999477412,-2.4582496722108997e-05,0.0006538055307601,-0.0005162324311645,0.0411897484378915,61.96915265122626,0.3321257345785894,0.0062848704414908,0.007216852585206,0.0065068754946588,0.0007349126355292,0.0099482436354951,-0.0268029026583611,-0.0469648410347223,429.8652603149414,432.7452453613281,401.2018315124512,1.0755042195811142,-0.0066744457467336,0.0731027422052895,0.0004098547556142,0.9963233523931749,0.003676647606825095,1
473,2023-09-11 00:00:00-04:00,434.1286516350834,434.64196517344953,432.41438481227607,434.3320617675781,60180100,0.0065551465779043,-0.0012182721609024,0.0002704805381384,0.0007294003018017,0.0056800913009078,0.0459522190135083,62.05982904556838,0.3843704113869477,0.0062443959326011,0.0073585893814145,0.0065478553025528,0.000711681862358,0.0096379617621122,-0.0204024981600101,-0.0469648410347223,430.00085296630857,432.9455340576172,401.4856323242187,1.081812216425305,-0.0067797921233924,0.072432833084824,0.0004611418633797,0.9966757155885528,0.0033242844114473205,0
474,2023-09-12 00:00:00-04:00,432.8792923136263,434.4095383156122,431.36840603835697,431.9494934082031,67565400,-0.0055006928237309,-0.001452142556564,3.63148985082623e-05,0.0004987423174257,0.0007626128686736,0.0314207659978208,60.0409850950817,0.2426329667906383,0.0064324917757787,0.0074645927422155,0.0065065265628131,0.0006598267639886,0.0096158491476284,-0.0257761700996509,-0.0469648410347223,429.8981887817383,432.9980279541016,401.73211547851565,1.0752177303367807,-0.0071763926562448,0.072383259970718,0.0001215278575053,0.9965099285812531,0.0034900714187469212,1
475,2023-09-13 00:00:00-04:00,432.1722464109757,433.61532925118615,431.0681213376737,432.453125,60199300,0.0011652709930763,0.0001299306184735,-0.0001703330443625,0.0004129320269867,-0.0035769939316141,0.0260147177001642,55.01732210205731,0.1703789261952132,0.0043406886073855,0.0073650372947224,0.0064606341761333,0.0006049486242017,0.0091423367683261,-0.0246402736448413,-0.0469648410347223,430.0734893798828,433.0507147216797,401.969059753418,1.075836844918567,-0.0068845041686238,0.0718728878841185,0.0001218323201574,0.9969873527548178,0.0030126472451822667,1
476,2023-09-14 00:00:00-04:00,434.9325478772583,436.8792496860528,433.6250421773107,436.1819152832031,83430800,0.0085854542226642,0.00246201458374,0.0007964648344441,0.0005303165055433,0.016725761523328,0.0334099398492329,70.79332219782614,0.3508971784023749,0.0050517525681191,0.007101331433182,0.0065416593839956,0.0005770777855565,0.0084630718437212,-0.0162303173744114,-0.0469648410347223,430.5926132202149,433.1907611083984,402.2250791931152,1.0844224735021673,-0.0059565694888946,0.070992585502262,0.0003210733453444,0.9970990007385913,0.0029009992614088334,0
477,2023-09-15 00:00:00-04:00,434.5908481408062,434.9213023430874,430.48928297200206,430.9266357421875,111848900,-0.0121215362987279,-0.0002632714657627,0.0005699725338113,0.0001423328220346,0.0119694232100373,0.0089669677881816,57.14512491813331,0.1062430282470909,0.0063248824800605,0.0074423212164016,0.0065558893450515,0.000534637230057,0.0084984838809187,-0.02808313498336,-0.0469648410347223,431.0111999511719,433.2929180908203,402.4855375671387,1.0706636525301347,-0.0052949108975791,0.0714910102287408,0.0002370635137137,0.9960331883758192,0.003966811624180733,1
478,2023-09-18 00:00:00-04:00,430.6156436055034,432.4817712224652,430.13940510883424,431.1793823242188,55752200,0.0005863468853619,-0.0014570314042712,0.0009621343791826,0.0002057997380893,0.0202048219628362,0.0129653834996279,53.7799653471788,-0.0408085618604687,0.0062685698230772,0.0072006291343216,0.0065402600406779,0.0004873584733183,0.0083312149667406,-0.027513087450261,-0.0469648410347223,431.4322540283203,433.421630859375,402.7505133056641,1.070586797730482,-0.0046138032396892,0.0711330801310166,0.0002985132727378,0.9949018799422065,0.005098120057793555,0
479,2023-09-19 00:00:00-04:00,430.2560604296138,430.8489560404354,427.5929687530916,430.28521728515625,66514600,-0.0020759189886164,-0.0007720766372483,0.0008403648585257,0.0002554128641059,0.0176476620290399,0.0160910104386724,40.8561792799239,-0.1920762801577178,0.0061889586283288,0.0072307272256398,0.0065103662597732,0.000420619888589,0.0078200495823873,-0.0295297975106088,-0.0469648410347223,431.6710708618164,433.5109594726562,402.9514527893066,1.0678338899305118,-0.0042759744860592,0.0710215119082219,0.0002076032587055,0.9947975778932671,0.005202422106732987,0
480,2023-09-20 00:00:00-04:00,431.5487216802687,431.9666464690887,426.1253096194747,426.3294372558594,82562600,-0.0092359105181384,-0.0028523129394913,9.17407376728054e-05,0.0001903500079344,0.0019265554911287,0.0119920504998679,31.317311332454334,-0.5330042176633898,0.0064839466895787,0.0074282108589444,0.0065851774094401,0.0003692484418444,0.0084023266611868,-0.0384517090516486,-0.0469648410347223,431.7697265625,433.4669354248047,403.134048614502,1.0575376570673594,-0.003980979763511,0.0711489382613252,0.0001032629792935,0.9952473019073137,0.004752698092686144,0
481,2023-09-21 00:00:00-04:00,423.47193386836017,423.7343455427682,419.12738484772433,419.2828979492188,104095800,-0.0166665081000943,-0.007902705404043,-0.0005727438625504,-0.00013138995817,-0.0120276211135603,-0.0082775673647153,25.49438092792178,-1.1709657124741968,0.0081049832619994,0.008268222538298,0.0069032344029975,0.0003342187348426,0.0093299355389649,-0.0543445544320025,-0.0543445544320025,431.2797378540039,433.2130224609375,403.2836604309082,1.0396724169315843,-0.0046109312266005,0.0713822628502587,0.000605588649356,0.993823673097205,0.006176326902795258,0
482,2023-09-22 00:00:00-04:00,420.31317519118926,421.9168615227911,417.9221944600517,418.3401489257813,100829700,-0.0022510111798726,-0.0059286003802719,-0.0012073692498355,-4.666283148496103e-05,-0.0253547542465465,-0.0029397583835525,23.0470883333054,-1.569460586740488,0.0079733843904543,0.0078292172285213,0.0068427207325698,0.0003113679502633,0.0093732017087224,-0.0564708413666191,-0.0564708413666191,431.0399429321289,432.8716833496094,403.46357971191406,1.0368721489669266,-0.0043785910154309,0.0702971104093398,0.0008159367734715,0.9941329386535506,0.005867061346449257,1
483,2023-09-25 00:00:00-04:00,417.12521698798207,420.1381907477608,416.6878345203537,420.0993347167969,70874500,0.00419633952559,-0.0052066018522263,-0.0003429789411828,8.4930540701652e-05,-0.007202557764839,0.0053506240642039,28.23869689624604,-1.620964376905884,0.0076858543835717,0.0073379779068908,0.0068433463087654,0.000311671900818,0.0095879625146931,-0.0525031536045457,-0.0564708413666191,430.7389587402344,432.5709509277344,403.6798533630371,1.040674512777811,-0.0043608547695868,0.0687720621699477,0.0007158602669003,0.9920163405859076,0.007983659414092237,0
484,2023-09-26 00:00:00-04:00,417.0474533249522,417.7569763279254,413.09167201085535,413.9275512695313,96168400,-0.0148002329654458,-0.0077514646475922,-0.0013822729499445,-0.0003230669558673,-0.0290277319488359,-0.0203532182196442,25.807093863181123,-1.9547223869992725,0.0084972127658717,0.0077748362327209,0.006953281052288,0.000317435850369,0.0100326713285972,-0.0664230646105034,-0.0664230646105034,429.9942764282226,432.1165655517578,403.8684735107422,1.0249068160021195,-0.0051271994749467,0.068244048878548,0.0010977413186992,0.9909488986788564,0.009051101321143706,1
485,2023-09-27 00:00:00-04:00,415.10353266200207,415.66727132378986,410.43825858234544,414.09271240234375,104705800,0.0003989301765888,-0.0058244965086467,-0.0016642929176738,-0.0003247411917304,-0.034950151271152,-0.0204586950790189,27.07940155723385,-2.039031521010344,0.0084461315700189,0.0075865611911787,0.006953091292518,0.0003141179126859,0.0103509310423525,-0.0660505583017456,-0.0664230646105034,428.9479278564453,431.6005926513672,404.0431834411621,1.0248724130811753,-0.0064059683145172,0.0665488872053115,0.001246032313385,0.9915596458872954,0.0084403541127047,1
486,2023-09-28 00:00:00-04:00,413.53877864718345,418.1748963964089,412.94588306815257,416.4934387207031,92258300,0.0057808163564966,-0.0013350316173285,-0.0020724081978962,-0.0002954220133778,-0.0435205721558214,-0.0186115868428074,30.415096504697942,-1.8152553952579416,0.0080043054548364,0.0068795092131076,0.0069751967888825,0.0003192959941999,0.0107595042051149,-0.0606359326936439,-0.0664230646105034,427.9320251464844,431.1130694580078,404.2440588378906,1.0303019416488808,-0.0076376816914435,0.0645124463488494,0.0011705423136,0.993876735886918,0.006123264113081582,0
487,2023-09-29 00:00:00-04:00,419.55504406068815,419.7299851792948,413.9566909765415,415.4826354980469,115111300,-0.0024298865107386,-0.0013708066835017,-0.0023838530530474,-0.0005202050337081,-0.0500609141139963,-0.0327729171236153,24.157563809259216,-1.6236866226919395,0.0075698889102811,0.0067320723863392,0.0068075339746946,0.0003217000704094,0.0112370644943214,-0.0629157098478705,-0.0664230646105034,426.89754486083984,430.6638299560547,404.4127526855469,1.0273727342646573,-0.0090648435660858,0.0631821285119176,0.0010812473580625,0.9929315836978055,0.007068416302194757,0
488,2023-10-02 00:00:00-04:00,414.6467455474316,416.5711867855962,412.5473631951858,415.3173828125,83798600,-0.0003978158018395,-0.0022896377489877,-0.0023330575327727,-0.0005447728190694,-0.0489942081882284,-0.034320687601375,25.72138536639258,-1.404685376584033,0.0075148945145095,0.0067433706790187,0.0068042013669521,0.0003508913960181,0.0114105443309981,-0.0632884226457129,-0.0664230646105034,425.8141235351562,430.2112854003906,404.5661715698242,1.0265746668856623,-0.010587473694111,0.061748231333106,0.0010896354797371,0.9925811741023892,0.007418825897611104,0
489,2023-10-03 00:00:00-04:00,413.1306106041516,415.37577765670255,408.387563955285,409.7579956054688,103760600,-0.0134762749898641,-0.0020248461538713,-0.0030635233724667,-0.0007350593505769,-0.0643339908218029,-0.0463087390863456,21.1319228356531,-1.5210098960862912,0.0080767615361946,0.0070880741781756,0.0069959391117923,0.0003545457756425,0.0123395081032672,-0.0758271281642645,-0.0758271281642645,424.5471649169922,429.6084240722656,404.7040898132324,1.012487903926468,-0.0123518252469845,0.0607781532663784,0.001471261902368,0.9880332981332682,0.011966701866731776,1
490,2023-10-04 00:00:00-04:00,410.2244228100976,413.4901086621517,408.7567921474305,412.7417297363281,87453000,0.0072553148103577,-0.0006535692271176,-0.0025117778650486,-0.0004951083592144,-0.0527473351660222,-0.0311918266305102,19.608164337684254,-1.2927434508871043,0.0087462470372925,0.007427294548491,0.0070068024372852,0.0003534976553546,0.0123034673132581,-0.069097580064938,-0.0758271281642645,423.5756378173828,429.04121948242187,404.9036692810059,1.0193578400246173,-0.01324213490245,0.0584810026765061,0.0013742361117837,0.9915032978664247,0.008496702133575323,0
491,2023-10-05 00:00:00-04:00,412.4502186078416,413.43188220244974,409.3497740259949,412.5863037109375,70142700,-0.0003766406105916,-0.0018850606205352,-0.0022085181378334,-0.0004609623258327,-0.0463788808945023,-0.0290406265274663,22.596463389054563,-1.0578476128007557,0.0073773810105733,0.0073756376965797,0.0070019766372021,0.0003534783830953,0.0120292818685265,-0.0694481297010251,-0.0758271281642645,422.6626831054688,428.46954956054685,405.12448013305664,1.018418594638937,-0.0140743073699955,0.0565822694973559,0.0013855765853912,0.9910115103531101,0.008988489646890255,1
492,2023-10-06 00:00:00-04:00,410.1272800819624,419.0302053529861,408.795734309722,417.4848327636719,113273300,0.0118028099127645,0.0009614786641653,-0.0015000526370509,-0.0003137405925132,-0.0315011053780699,-0.0197656573283375,32.03249936136801,-0.5061675728494821,0.0084955847170672,0.0079781790543732,0.0071615208920388,0.0003797137694536,0.0132384179960115,-0.0583999312253688,-0.0758271281642645,421.9622116088867,428.0543487548828,405.3854040527344,1.0298467300252467,-0.0145924753856739,0.0542988461451024,0.0009945290776564,0.9928410650741339,0.007158934925865895,1
493,2023-10-09 00:00:00-04:00,415.5797898954653,420.7310611548999,415.02580970699125,420.1576232910156,80374400,0.0063817195012026,0.0023173857247738,-0.0012678228488406,-0.000313211198246,-0.0266242798256531,-0.019732305489499,37.30491299075395,0.0742589137249716,0.0086481126022768,0.0081393700750218,0.0071620225270242,0.0004126982130538,0.0135144145220347,-0.0523716888873012,-0.0758271281642645,421.2534896850586,427.6067926025391,405.6571926879883,1.0357455281562833,-0.0151212368056451,0.0522413463371762,0.0010652101200452,0.9932626507856077,0.006737349214392399,1
494,2023-10-10 00:00:00-04:00,420.7894114868797,424.94929081738496,420.3909147004576,422.3445129394531,78607300,0.0051914279286648,0.0060509263084796,-0.0013327618321377,-0.0003580089357591,-0.0279879984748926,-0.0225545629528256,44.77304132154654,0.6110978905719979,0.006995961642175,0.0080790513546318,0.0071177884255046,0.0004368603030238,0.0132669129912887,-0.0474393529513106,-0.0758271281642645,420.7732406616211,427.1861212158203,405.9125675964356,1.040481489499863,-0.0151840034799233,0.050370143254198,0.0009960384800336,0.9941127132350395,0.005887286764960461,1
495,2023-10-11 00:00:00-04:00,423.4136154975306,424.3272067594706,421.02263495712657,424.0745239257813,62451700,0.0040878414120728,0.0054174316288226,-0.0008761649637661,-0.0004186073343778,-0.0183994642390889,-0.0263722620658063,57.30376696716812,1.0619253299324902,0.0069986503213588,0.0081026372616935,0.0070623359672948,0.0004594521032334,0.0125563223755588,-0.0435374663775544,-0.0758271281642645,420.3543106079102,426.8254260253906,406.20307556152346,1.0439963393668372,-0.0152593826141109,0.0486290717795544,0.0008505467083724,0.9940750556978863,0.005924944302113496,0
496,2023-10-12 00:00:00-04:00,424.6868701788092,425.0659092801415,419.1274026242268,421.48919677734375,81154200,-0.0061150570712195,0.004269748336697,-0.0012228472525421,-0.0005057837723623,-0.0256797923033848,-0.03186437765883,54.57112379440309,1.1573941436122008,0.0073584808654107,0.0081664226587991,0.0070987022230717,0.0004820265724974,0.0129627571968037,-0.0493684428100604,-0.0758271281642645,419.6196746826172,426.5360266113281,406.4701310729981,1.03694998612739,-0.0164093219508175,0.0476071408039671,0.0006866117003122,0.9935261803038231,0.0064738196961768345,0
497,2023-10-13 00:00:00-04:00,422.9956702679193,424.2008894021696,417.8152716398533,419.3898010253906,95143100,-0.0049933465327254,0.000910517047599,-0.0018694568123225,-0.0006400615255528,-0.0392585930587747,-0.0403238761098295,48.98012180635562,1.0534994933172297,0.0075410745318719,0.0078836631252784,0.0071023662181163,0.0004783009914992,0.013527567058706,-0.0541034440107944,-0.0758271281642645,419.04283294677737,426.22962768554686,406.7339469909668,1.031115804638517,-0.0171363126170404,0.0464858245167477,0.0007305826823449,0.9937252726055394,0.006274727394460689,1
498,2023-10-16 00:00:00-04:00,421.64467218152936,424.8715021483969,421.4016885333211,423.8023681640625,75433200,0.0104664335877677,0.0017274598649121,-0.0007938391986799,-0.0005914372655,-0.0166706231722789,-0.0372605477265057,64.9500644984827,1.243271135461996,0.0080901668760659,0.007955551286236,0.00716849774624,0.0004852181419991,0.0131295311663533,-0.0441512895966049,-0.0758271281642645,418.6739822387696,426.05080078125,407.0426077270508,1.0411744621296508,-0.0174062702255234,0.0448515498781752,0.0004219582468864,0.9942445536923608,0.005755446307639406,0
499,2023-10-17 00:00:00-04:00,420.6630265965554,425.8434548063301,420.313144365616,423.7829284667969,75324700,-4.587077512155167e-05,0.0006800001241548,-0.0008239448015601,-0.0006274249759479,-0.0173028408327623,-0.0395277734847185,64.73560474503466,1.3214849886834488,0.0061018014669265,0.0079512622746356,0.0071598348404588,0.0004834185423838,0.0131809171398833,-0.0441951341122514,-0.0758271281642645,418.34886779785154,425.7960418701172,407.3185845947266,1.0404212930486636,-0.0175730865309009,0.0436012308052146,0.0006011542561531,0.9941959954668502,0.005804004533149541,0
500,2023-10-18 00:00:00-04:00,422.004296810028,422.96650259633606,417.0474242949097,418.135986328125,93559800,-0.0134146572103597,-0.0028204996003317,-0.0013638847168812,-0.0007346942347785,-0.0286415790545057,-0.0462857367910457,52.27332819166865,0.963530491076254,0.0078796823966767,0.0084121572662475,0.0073008581788306,0.0005044986160266,0.0136162739883882,-0.0569313120254493,-0.0758271281642645,417.93919525146487,425.4663092041016,407.5711811828613,1.0259213743096416,-0.0180015932585384,0.0427973879464116,0.0007885775843193,0.9905385027796114,0.009461497220388517,0
501,2023-10-19 00:00:00-04:00,418.8552917318818,420.6728049658076,413.7817911582514,414.4621276855469,121323000,-0.0088251040323229,-0.0033625089925523,-0.0013443225032709,-0.0008747752511645,-0.0282307725686902,-0.0551108408233686,48.68455835148097,0.4746801857576415,0.0085071707460161,0.0083933925340557,0.0073708619825391,0.000524618090851,0.0139295990712514,-0.0652173748450729,-0.0758271281642645,417.6981567382812,425.1212103271485,407.8131463623047,1.0163039896642645,-0.01791008898767,0.0417603028327245,0.0008326427287342,0.9860274668342867,0.013972533165713483,0
502,2023-10-20 00:00:00-04:00,414.02474657512494,414.5690276242348,409.2622429037748,409.3691711425781,123919900,-0.012364233871392,-0.0048366864602857,-0.0011394523019041,-0.0011417853127878,-0.0239284983399879,-0.071932474705636,43.19695195971873,-0.1622321400623434,0.0083562101772181,0.0080460189905475,0.0074784848555286,0.0005151477092216,0.0143267538520936,-0.0767040873068888,-0.0767040873068888,417.2496078491211,424.6711535644531,408.0155160522461,1.0033176559152197,-0.018129224764576,0.0406861060536629,0.0010993909517885,0.9643487665007112,0.03565123349928876,0
503,2023-10-23 00:00:00-04:00,407.8335175166416,412.5377077081286,406.0743180295289,408.65966796875,92035100,-0.0017346658646183,-0.0072769063507629,-0.0011148644297492,-0.001212592806281,-0.0234121530247337,-0.076393346795704,48.58708266135681,-0.5784473619918344,0.0078334403077583,0.0080432408024952,0.0074623721701575,0.0005197482167813,0.0142598949104996,-0.0783043088834426,-0.0783043088834426,416.6776245117188,424.2119427490234,408.2353903198242,1.0010392965896304,-0.0184366572672907,0.0390950066313393,0.0011236998691654,0.9578945569788666,0.04210544302113318,1
504,2023-10-24 00:00:00-04:00,410.7881854768129,412.897296777682,408.931786683621,411.7406921386719,78564200,0.0075110611956259,-0.0057655199566134,-0.0009570205406998,-0.0010958106622595,-0.0200974313546977,-0.0690360717223492,48.71545448991772,-0.5912942268585537,0.008124481594917,0.0081839750397293,0.0075412519823279,0.0005215326328054,0.0140671975475867,-0.0713553317167991,-0.0783043088834426,416.56828155517576,423.7667010498047,408.4288545227051,1.0081087258632524,-0.017482895502115,0.0372512283093309,0.001081364333717,0.9733199821946322,0.02668001780536788,0
505,2023-10-25 00:00:00-04:00,410.0495212857847,410.0786781386675,405.31617465313394,405.831298828125,94223200,-0.0144562100672612,-0.0059738305279937,-0.0009406384979291,-0.0012196868558137,-0.0197534084565131,-0.0768402719162677,42.44721361595261,-0.9230439273767748,0.0085481774969531,0.0081551729008581,0.0076964927271619,0.0005286596641812,0.014684310013919,-0.0846834450060718,-0.0846834450060718,416.1552108764648,423.304384765625,408.59382919311525,0.993238932730713,-0.0176161225361475,0.0362479572546223,0.0011391834131932,0.920407298161034,0.07959270183896605,0
506,2023-10-26 00:00:00-04:00,404.7621566218401,405.61743411350494,400.04826810570256,400.9715881347656,115156800,-0.0120469808568983,-0.0066182058929088,-0.0015333009280952,-0.0015655549020152,-0.0321993194900003,-0.098629958826958,31.520462164325693,-1.3681927834132526,0.008880013785085,0.0084979911547963,0.00768550363451,0.0005492329833053,0.0140693075254256,-0.0956440921098249,-0.0956440921098249,415.379118347168,422.8078277587891,408.7214320373535,0.9810388120242258,-0.0185267725480947,0.0351306579774454,0.0012383845178303,0.8930479578997235,0.10695204210027659,0
507,2023-10-27 00:00:00-04:00,402.5656754293613,402.96417225495503,397.7254294684742,399.1541748046875,107367700,-0.0045428269899443,-0.0050539245166192,-0.0020249029922114,-0.0016678590419432,-0.0425229628364415,-0.1050751196424248,26.036827690612853,-1.6638118961411372,0.0088811396991062,0.0083510564733625,0.0076814926613773,0.0005160208537123,0.0140498857062577,-0.0971594812659069,-0.0971594812659069,414.5626953125,422.3398132324219,408.8162045288086,0.9763658347759054,-0.0194839949343567,0.0338806645583265,0.0011725156741657,0.8887145395843195,0.1112854604156808,1
508,2023-10-30 00:00:00-04:00,401.9533043501809,404.9857358094935,400.65091543681416,403.9263305664063,86562700,0.0118847659754903,-0.0023300381485975,-0.0013432528738196,-0.0014337236172236,-0.0282083103502124,-0.0903245878850916,30.156968291366184,-1.4258887513897402,0.009161515029047,0.0088835808630433,0.0078669536175773,0.000487254252576,0.0140677846695857,-0.0756534378330111,-0.0865740573585682,413.99314270019534,421.963173828125,408.9279168701172,0.9877690270158308,-0.0197313978436455,0.0322713722072266,0.0009324457847765,0.9242151711874141,0.07578482881258546,1
509,2023-10-31 00:00:00-04:00,404.4997467967024,406.7837991071731,402.5850343910429,406.4630737304688,79665200,0.0062605740800636,-0.0025801355717099,-0.001026186688967,-0.0011119920804025,-0.0215499204683093,-0.0700555010653636,31.35029485750924,-1.0054329012377066,0.0097251189274187,0.0090365185824382,0.0077581083107862,0.0004485749767645,0.0141371256937544,-0.0698483450590052,-0.0865740573585682,413.8283966064453,421.5822576904297,409.04491104125975,0.9936881324248268,-0.0190764219067192,0.030844983122584,0.0009371481994644,0.936773405467077,0.06322659453292312,1
510,2023-11-01 00:00:00-04:00,407.4350269329694,411.6143341639396,406.9004450659712,410.79791259765625,98068100,0.0106083114007536,0.002432768721893,0.0001206983772528,-0.0008980502237454,0.0025346659223086,-0.0565771640959641,39.08293840634808,-0.3755682259678305,0.0101464925783514,0.0089047963380897,0.007893507350722,0.0004172669288553,0.0138510628113599,-0.0599284831900997,-0.0865740573585682,413.7312057495117,421.31108947753904,409.1870881652832,1.0039366453120395,-0.0184516120836553,0.0295132982433878,0.000660101243397,0.9002939239610486,0.09970607603895175,1
511,2023-11-02 00:00:00-04:00,414.6079139684955,418.82613689914,414.5884859514256,418.6706237792969,94938900,0.0189831132864927,0.0086387875505712,0.0006791649713544,-0.0005247802665139,0.0142624643984435,-0.0330611567903804,49.34308823791768,0.5791660388332573,0.0116913018705157,0.0097063028938588,0.0082660724851151,0.0004978634174717,0.0138708483443514,-0.0419125407644629,-0.0865740573585682,414.03542175292966,421.1028485107422,409.39881256103513,1.0226473818042143,-0.0168806368452976,0.0279552356553128,0.0004973861431142,0.9212657862126188,0.07873421378738128,1
512,2023-11-03 00:00:00-04:00,420.9838084956757,424.0453968560964,420.8574522394109,422.49029541015625,100167800,0.0090819670725001,0.0113637463630601,0.0011295748610255,-0.0005185669588218,0.0237210720815353,-0.0326697184057785,48.7884017521592,1.4274979687510552,0.0109059563123443,0.0098728881909697,0.0082732550168642,0.0005609266692195,0.0137273662237877,-0.033171589572594,-0.0865740573585682,414.2856948852539,421.0899334716797,409.6433334350586,1.0313613354021158,-0.0161050766380803,0.0270931667803366,3.0568841942265454e-05,0.900582883230518,0.09941711676948202,1
513,2023-11-06 00:00:00-05:00,423.2483924241886,423.909300881896,421.5086210577569,423.4622192382813,67831700,0.0022978222511089,0.0094463576181838,0.0006769564009466,-0.0004129176846514,0.01421608441988,-0.0260138141330391,49.70896919875556,1.9796778464151203,0.0107788862111084,0.009572416484995,0.0082659283111566,0.0006048247936746,0.0131679609507565,-0.0309474353612165,-0.0865740573585682,414.4509246826172,421.03679748535154,409.85791610717774,1.0331927299594867,-0.0155524448310428,0.0263987691706765,0.0001254798749784,0.9486060219953404,0.05139397800465971,1
514,2023-11-07 00:00:00-05:00,423.462169040648,425.3088387646738,422.3152933833265,424.6673583984375,64256100,0.0028418770032745,0.008762618202826,0.0005083924724739,-0.0002613376243629,0.0106762419219519,-0.0164642703348657,56.446657389167015,2.327660344921133,0.0106893872314679,0.0094978129500185,0.0082361395729882,0.0006369847167789,0.0125011990945548,-0.0281895902906534,-0.0865740573585682,414.5670669555664,420.953720703125,410.0556942749024,1.0356333647539582,-0.015039191548992,0.0256625008084509,0.0001956278969494,0.9594688507597455,0.040531149240254645,1
515,2023-11-08 00:00:00-05:00,425.2700231402192,425.7948761919887,422.6652452198862,424.97845458984375,61746000,0.0007322962122638,0.006787415165128,0.000296052866931,-0.0002554094756894,0.0062171102055508,-0.016090796968434,61.11796889669809,2.4670531221645016,0.0088377315724873,0.0094375353726537,0.0082367275341596,0.000654757946751,0.0118598506332033,-0.0274776765745399,-0.0865740573585682,414.6122634887696,420.7528961181641,410.2570945739746,1.035883255184548,-0.0144492798707195,0.0246972556628058,0.0004725523912847,0.9665762104393474,0.03342378956065272,0
516,2023-11-09 00:00:00-05:00,426.1252691634106,426.1641548515672,421.23643943112415,421.6640930175781,83174400,-0.0078294635973977,0.0014248997883499,-0.0002714378478056,-0.0003704293043545,-0.0057001948039195,-0.023337046174335,63.50624690738861,2.231407545609876,0.0080170319855768,0.0095556916958043,0.0082917891437725,0.0006736732610339,0.0118888582125097,-0.0350622742926588,-0.0865740573585682,414.6210083007812,420.4499481201172,410.4412022399902,1.0273434799341263,-0.0138236570669843,0.02373630111234,0.0007184581354292,0.9689322533276418,0.031067746672358256,1
517,2023-11-10 00:00:00-05:00,423.7441078089631,428.555166852525,421.6544244424177,428.244140625,89462200,0.015484446014766,0.0027053955768031,0.0007571099181936,-0.0002120234595703,0.0158993082820659,-0.0133574779529329,69.0561483860546,2.3994003746438293,0.0078593795901058,0.0100451698485443,0.0084985867730808,0.0007234591521121,0.0117791316155605,-0.0200044681420008,-0.0865740573585682,415.0637252807617,420.29138610839846,410.6370622253418,1.0428774702026191,-0.0122071975579332,0.0225439719244416,0.0003702607850917,0.927291417494895,0.07270858250510483,0
518,2023-11-13 00:00:00-05:00,426.9028884941221,428.943927633025,426.1156237608668,427.8359375,52236100,-0.0009536564776301,0.0020550998310553,0.0009494761112933,-4.1171955528333625e-05,0.0199389983371613,-0.0025938331982853,66.52034373255668,2.3601369201145053,0.0080258852396889,0.0099679251055373,0.0083707923476131,0.0007371402593839,0.0115550789351398,-0.0209386017369325,-0.0865740573585682,415.2654037475586,420.108388671875,410.8264114379882,1.0414031950927265,-0.0113197244546956,0.0216951789700619,0.0004277280622866,0.9262513900975602,0.07374860990243985,1
519,2023-11-14 00:00:00-05:00,433.7939251946129,437.4289516718833,433.5703695238838,436.1362915039063,97176900,0.0192149911973868,0.0053297226698777,0.0013660740927038,0.0003807358092783,0.0286875559467802,0.0239863559845387,79.65009900942799,2.7434080391773183,0.0090919881354107,0.0105513092754001,0.0086605280649398,0.0007901799938854,0.0118540908465939,-0.0019440398386747,-0.0865740573585682,415.88307189941406,420.1291711425781,411.0817265319824,1.060947892729974,-0.0097357163938879,0.0207445351071286,4.765132163494553e-05,0.7633727196555783,0.23662728034442213,1
520,2023-11-15 00:00:00-05:00,437.4775256439409,438.7119017300807,436.2042935247165,437.0596008300781,77327600,0.0021147824408885,0.0056062199156027,0.0014689623410852,0.0005357173062359,0.0308482091627903,0.0337501902928639,88.25478778467908,2.894385398658682,0.0091189300674925,0.0105473864501093,0.0086016788388289,0.0008199062462223,0.011304860361338,0.0,-0.0865740573585682,416.8292526245117,420.2269177246094,411.31334884643553,1.0625952258924982,-0.0077739170896709,0.0203944012698609,0.0002236458868438,0.7476152489842957,0.2523847510157041,1
521,2023-11-16 00:00:00-05:00,436.6124832436495,437.9148721110953,435.5433491998981,437.5941467285156,66665800,0.0012223030347303,0.0074165732420283,0.0021659604479943,0.0005474801965462,0.0454851694078804,0.0344912523824148,91.88720392826906,2.860444183716832,0.0080146100463937,0.009983195868154,0.0086021098347185,0.0008231088052178,0.0108230340207026,0.0,-0.0865740573585682,417.9858535766601,420.3618927001953,411.52688064575193,1.0633428028853424,-0.005429778120431,0.020189968537044,0.0003084478542389,0.8104435885753125,0.18955641142468757,1
522,2023-11-17 00:00:00-05:00,437.6038154016392,438.7507207474031,436.6804953481496,438.1383972167969,83133200,0.0012429606781526,0.0045682761747056,0.0026453921008741,0.0004642701117586,0.055553234118356,0.0292490170407946,91.06381357676756,2.706478636716163,0.0078904439714461,0.0096656750309994,0.0085690376814948,0.0008073188425135,0.0101963889417445,0.0,-0.0865740573585682,419.4243148803711,420.494775390625,411.7143916320801,1.0641804273102264,-0.0024432017760914,0.0200402060497799,0.0003032893060134,0.7881969584537039,0.21180304154629653,1
523,2023-11-20 00:00:00-05:00,437.8857506768845,442.3566563462381,437.8760218380799,441.5110778808594,69936200,0.0076682753445508,0.0062926625391418,0.003599321111157,0.0006290416489008,0.0755857433342989,0.0396296238807505,91.23960888097298,2.6596904858408434,0.0079715279774644,0.0090811242934456,0.0086066906512059,0.0007595392860747,0.0101641007207511,0.0,-0.0865740573585682,421.0668853759765,420.6383557128906,411.9400579833985,1.071784764128602,0.0009705977597271,0.0197011992796235,0.0003252020831612,0.606463045752216,0.39353695424778384,0
524,2023-11-21 00:00:00-05:00,440.4613270503416,441.3846768102291,439.27556561921335,440.5487976074219,49244600,-0.0021818941818715,0.0020132854632901,0.0035780245246212,0.0004185969483454,0.0751385150170458,0.0263716077457655,88.02460092534302,2.3998227102789444,0.0082192534288056,0.0090947728872968,0.0085086554413261,0.0007044113860704,0.0097135558230778,-0.0021795155810273,-0.0865740573585682,422.5072906494141,420.810341796875,412.1730253601074,1.068844321441276,0.0038518975917198,0.0196058109423427,0.0003903905422472,0.5642560941891196,0.43574390581088074,1
525,2023-11-22 00:00:00-05:00,442.2108387941116,443.57154137515226,441.1514335824053,442.2496948242188,59394900,0.0038534259767808,0.0023610141704686,0.0034038514189619,0.0007012839790264,0.0714808797982008,0.0441808906786639,85.78142294137534,2.184511536575465,0.0081542432717383,0.0090506018701773,0.0083170696530836,0.0006556741143632,0.0088677529016018,0.0,-0.0865740573585682,424.3282104492188,421.0062731933594,412.3887350463867,1.0724097368335563,0.0075114517765348,0.0194856847790429,0.0004430334238269,0.6176503966880088,0.3823496033119917,1
526,2023-11-24 00:00:00-05:00,442.2983550934631,442.7162799185215,441.96790083682896,442.5218811035156,29737400,0.000615269059922,0.0022396073755069,0.0041215409012087,0.0005995431511116,0.0865523589253839,0.0377712185200346,84.06584452695135,1.9122586072472885,0.0071731807059724,0.008112476925943,0.0082775763793734,0.0006597895437661,0.0081155406182812,0.0,-0.0865740573585682,426.4057250976563,421.1330725097656,412.6276266479492,1.0724485044746457,0.0119150098854824,0.0192203961544373,0.0002865379585073,0.4333435785931287,0.5666564214068714,0
527,2023-11-27 00:00:00-05:00,441.8900657895949,442.7064873050388,441.3360559416218,441.724853515625,50506000,-0.0018027271632141,0.0016304698072336,0.0046093625056699,0.0004705895533002,0.0967966126190682,0.0296471418579157,81.24340861865531,1.545994481769327,0.0063562382370064,0.0073652023918645,0.0082502365462485,0.0007737529239428,0.0079635888649029,-0.0018011032265863,-0.0865740573585682,428.5342590332031,421.3490368652344,412.8796432495117,1.069863483796612,0.0162662845678312,0.0191734595604389,0.0004889114881128,0.2820814717456048,0.7179185282543952,1
528,2023-11-28 00:00:00-05:00,441.3360810451993,443.4646203412509,440.7723719885752,442.1622314453125,62115000,0.0009896693205011,0.0002947486024236,0.0048728147109292,0.0002585011736071,0.1023291089295136,0.0162855739372507,80.73739024505325,1.2152593727134668,0.0062473285928051,0.0071162004725137,0.008057134907166,0.0008912183583322,0.0079070387740854,-0.0008127274007474,-0.0865740573585682,430.44605407714846,421.5686938476563,413.1292805480957,1.0702757036700448,0.0200771562973038,0.019086689679429,0.0004967791611325,0.23677413032652153,0.763225869673478,0
529,2023-11-29 00:00:00-05:00,444.319979977374,445.4571567240108,441.4527901650775,441.8512573242188,63146000,-0.0007035506536305,0.0005904173080718,0.0042733710619234,0.0001820883783521,0.0897407923003928,0.011471567836184,79.64457903676887,0.8736029422440694,0.0028689510528134,0.0070256266161374,0.0080428292655622,0.0010167572072321,0.0080540113054562,-0.0015154590268497,-0.0865740573585682,432.215463256836,421.8000146484375,413.3543409729004,1.068940648558924,0.0235722959610271,0.0191142913719037,0.0005235264061079,0.6633614473021859,0.33663855269781373,1
530,2023-11-30 00:00:00-05:00,442.69677916732206,443.9408542601143,440.6168249006515,443.5909423828125,79752700,0.0039295332834648,0.0006056387694086,0.0041623691192282,0.0002677082991628,0.087409751503794,0.0168656228472561,90.78075531626271,0.6718885940562753,0.002981283177953,0.0070110594260541,0.0080537213806693,0.0011234650649626,0.0077641937388598,0.0,-0.0865740573585682,433.85511474609376,422.1452447509766,413.5890130615234,1.0725404408091137,0.0263979014815224,0.0192885626642693,0.0007782622897677,0.8102038120680923,0.18979618793190806,1
531,2023-12-01 00:00:00-05:00,442.9786509211559,446.7497621614447,442.385785013724,446.2152099609375,89183400,0.0058985323488362,0.0016622914271915,0.0039380939262798,0.0003317563103552,0.0826999724518766,0.0209006475523822,89.19015687349761,0.6233820511985906,0.0032868702124906,0.0068684310063169,0.0080826094770479,0.0012247539338661,0.0073124546763148,0.0,-0.084890590785898,435.23234405517576,422.6838909912109,413.8303659057617,1.0782563260777014,0.0281219751900956,0.0198413789754595,0.0012071445083225,0.9264083416578703,0.07359165834212929,0
532,2023-12-04 00:00:00-05:00,442.8133976086151,446.23459662926416,441.5887505544848,443.872802734375,72430900,-0.0052633281219809,0.0009701712354381,0.0027835014782572,0.000316962861521,0.058453531043403,0.0199686602758243,82.25144411466503,0.3550635889541018,0.0040075347770058,0.0062202318758632,0.0080921292074653,0.0013544880137589,0.0076435251740268,-0.0052495010799106,-0.084890590785898,436.30146942138674,423.1945440673828,414.0874026489258,1.0719302251044378,0.029528561500641,0.0205174576192878,0.0011504491219694,0.9895619866652153,0.010438013334784836,0
533,2023-12-05 00:00:00-05:00,442.482980993305,444.74757569096187,442.1039122401313,443.7853698730469,69793500,-0.0001969966915396,0.00073283803303,0.002341646060922,0.000420900928038,0.049174567279363,0.0265167584663963,72.97114001081448,0.1061349054854243,0.0033341311492817,0.0060783979463425,0.0080418555424025,0.0014588986430961,0.0065265124630712,-0.0054454443363849,-0.084890590785898,437.317626953125,423.6682647705078,414.3489047241211,1.0710427005195655,0.0307566745305773,0.0209997009343788,0.0010674545293381,0.9942162476272763,0.0057837523727235765,0
534,2023-12-06 00:00:00-05:00,445.9333635200893,445.96252037505,441.5596573094173,441.9970397949219,69124700,-0.0040378596106585,6.597624162441064e-05,0.0020399469246474,0.000405616896181,0.0428388854175956,0.0255538644594058,64.09541565750727,-0.2263805770548472,0.0035457991922085,0.0062358765792149,0.0080495181791823,0.0015342379352042,0.0068482105870456,-0.0094532191459472,-0.084890590785898,438.1841110229492,424.2296545410156,414.6407328796387,1.065975927462062,0.0315713799540561,0.0216945381937988,0.0012701211093366,0.9927145606536045,0.007285439346395318,1
535,2023-12-07 00:00:00-05:00,444.0866984690036,446.0208390789402,443.48410368567227,445.3696594238281,66995400,0.0076014479055578,0.0008003591660429,0.0022665931580894,0.0005023875939075,0.0475984563198788,0.0316504184161776,69.10218500902673,-0.2639799143469705,0.0041126147596221,0.0063518957670757,0.0080994381196497,0.0015847503370499,0.007061344395015,-0.0018949388506577,-0.084890590785898,439.2036712646485,424.8551934814453,414.9520678710937,1.0733038678630795,0.0322170077812791,0.0222357437261514,0.001404538740333,0.9935137640725543,0.006486235927446138,1
536,2023-12-08 00:00:00-05:00,444.6212111977086,447.81888446185815,444.3782275382068,447.2843322753906,83194400,0.0042898498312816,0.000478622662532,0.0024360004732808,0.0004664305026913,0.0511560099388967,0.029385121669555,71.05142635576148,-0.2072015995599896,0.0042652334786386,0.0063563685448386,0.0080771313898877,0.0016213121639805,0.0072499666997369,0.0,-0.084890590785898,440.4846832275391,425.4710113525391,415.2627865600586,1.0771115225146737,0.033566281650474,0.0228226746520495,0.0013767928511177,0.9934463926761589,0.006553607323840953,1
537,2023-12-11 00:00:00-05:00,446.7886101783695,449.1990186186745,446.57478338397874,449.0240478515625,65002200,0.0038819625019338,0.002307680787315,0.0029936874303918,0.0006153615396066,0.0628674360382282,0.0387677769952197,68.69839967796082,-0.1049387241569972,0.0042183166130104,0.0059086722940667,0.0080517931501243,0.0016640517980464,0.0069265701493883,0.0,-0.084890590785898,441.5236785888672,426.1418395996094,415.6027752685547,1.0804163845186348,0.0342561585796017,0.0234710465541451,0.0014939695329905,0.9916074963037713,0.008392503696228659,1
538,2023-12-12 00:00:00-05:00,448.67421029484495,451.17208953676845,447.6731187626275,451.0748901367188,68327600,0.0045569342380546,0.0032584669732338,0.0024733297267389,0.0006691974641301,0.0519399242615168,0.0421594402401979,74.85096725386362,0.0405667600456789,0.0043072091413958,0.0051912746084522,0.0080668538491019,0.0017067573725823,0.0070951491044933,0.0,-0.084890590785898,442.6856262207031,426.85698974609375,415.9465295410157,1.0844540297871128,0.0350909279605694,0.0241876913205503,0.0015854355055489,0.9981225720477246,0.001877427952275639,1
539,2023-12-13 00:00:00-05:00,451.4539508974767,457.5480006059729,451.0943397950226,457.2952880859375,93278000,0.0136959476052921,0.006805228416424,0.0031709299211637,0.0007503164067115,0.0665895283444393,0.0472699336228258,79.27393209590652,0.4715470775632981,0.0055361951241584,0.0056699646919262,0.0081727425252064,0.0016913198199869,0.0075375768283878,0.0,-0.0742735131418004,443.7435760498047,427.8077355957032,416.3284506225586,1.0984002832429995,0.0348480311721619,0.0251025656118007,0.0020790632975661,0.9935131215170466,0.00648687848295342,1
540,2023-12-14 00:00:00-05:00,459.2391168995005,460.4346071833905,456.0803293229431,458.7628784179688,119026000,0.0032041449796188,0.0059257678312362,0.0024085086726986,0.0009935811889075,0.0505786821266713,0.0625956149011726,80.19520199355227,0.7544769597530916,0.0055337559474405,0.0043206028734216,0.0080098922185191,0.0016932073435237,0.0080748960736856,0.0,-0.0742735131418004,444.8287399291992,428.728158569336,416.72501541137694,1.1008767447403978,0.0350956498821039,0.0261641552153293,0.0020063152816698,0.9991699160468371,0.0008300839531631668,0
541,2023-12-15 00:00:00-05:00,458.1636814623305,459.3445120086127,456.1533807426548,458.0075378417969,141553700,-0.0016478296718405,0.0047382319306117,0.0022293366673305,0.0009581180689519,0.0468160700139424,0.0603614383439702,80.31970450348061,0.7861981823531892,0.0056626238919332,0.0044104740941584,0.0080166672430592,0.0016328375731356,0.0083721603727254,-0.0016464727459567,-0.0723497838872715,445.84940948486326,429.63658325195314,417.1030484008789,1.098068066387289,0.0353986013184575,0.0273653462345493,0.0019834273621299,0.9989801150869576,0.0010198849130428058,1
542,2023-12-18 00:00:00-05:00,459.617724843022,461.5694752957874,458.5540244200266,460.5838317871094,70375300,0.0056092421188455,0.0050836878539941,0.0024382385284789,0.0010801047531973,0.0512030090980574,0.0680465994514322,81.77171110874845,0.8696290321037852,0.0049867252886185,0.0044639603441867,0.0080282175895778,0.0015726845321232,0.0084602040712181,0.0,-0.0637424021810222,446.9716812133789,430.4985632324219,417.4632983398437,1.103291795036225,0.0357657321948097,0.02830161198234,0.0018714942231562,0.997752731761083,0.002247268238916885,1
543,2023-12-19 00:00:00-05:00,461.1303435293572,463.4626997368389,461.0522866109777,463.3846130371094,55761800,0.0060625226847353,0.0053848055433302,0.0026677414811733,0.0013229370262588,0.0560225711046403,0.0833450326543059,84.20123522973702,0.993441086233278,0.0048343408379141,0.0045229386569134,0.0079420589060097,0.0014931836284464,0.0082355787042861,0.0,-0.0587640796961789,448.0653579711914,431.36310302734375,417.8362065124512,1.1090101954180482,0.0360440430561083,0.0291915098911782,0.0018657067382007,0.9971443551145256,0.002855644885474575,0
544,2023-12-20 00:00:00-05:00,462.5258502644597,464.41905073476056,456.5339913904281,456.96337890625,102921000,-0.0139541529532187,-0.0001452145683719,0.0016381020384224,0.0013659902825584,0.0344001428068705,0.0860573878011817,68.48966288986745,0.5452811340013133,0.0071850746133056,0.0056487087574501,0.0078497823535582,0.001379838493832,0.0090642456229171,-0.0138572450405148,-0.0587640796961789,448.8860870361328,432.0554803466797,418.20680755615234,1.092673219684244,0.0368314124640304,0.0303058700757912,0.0015151702549844,0.9959335539017335,0.004066446098266497,1
545,2023-12-21 00:00:00-05:00,459.9592904756651,461.5695085402511,457.5293705169891,461.2962646484375,86667500,0.0094372390866163,0.0011014042530275,0.0021913940988265,0.0015515180645662,0.0460192760753586,0.0977456380676707,69.91132542858571,0.4471734950759236,0.0073283599688087,0.005822214380788,0.0079008748070365,0.0012290686597718,0.0090166021968922,-0.0045067279532318,-0.0587640796961789,449.8384155273437,432.7999151611328,418.5959490966797,1.10200842995233,0.0369361333961728,0.0307914179085716,0.0016137889497553,0.997144944935926,0.002855055064073999,1
546,2023-12-22 00:00:00-05:00,462.4282531099421,463.9116026187795,460.3203886798005,462.2233276367188,67160400,0.0020076743523856,0.0018325050578728,0.0021035011643315,0.0015167773475312,0.0441735244509633,0.0955569728944664,75.16859707809712,0.3552439786579899,0.0073370300572376,0.0058097882077249,0.0078938665151123,0.0010392272379091,0.0088355429123088,-0.0025060940042427,-0.0587640796961789,450.82348785400393,433.61459777832033,419.0251005554199,1.1030922181607723,0.0372306827603664,0.0315637406218643,0.0017625302932089,0.9979707158748703,0.0020292841251297097,1
547,2023-12-26 00:00:00-05:00,462.6331790630877,465.0826056476979,462.5550923668575,464.175048828125,55387000,0.0042135740489059,0.0015533714438849,0.0022748490209498,0.0018185838080764,0.0477718294399473,0.1145707799088181,76.60484226135723,0.3365875067437125,0.0073407745206495,0.0058167593697293,0.007618635225889,0.0009228082746269,0.0088315714012731,0.0,-0.0587640796961789,451.9459976196289,434.510302734375,419.4911663818359,1.1065192452839787,0.0375627576908167,0.0323566214738534,0.0019296706238648,0.9979079755005338,0.002092024499466066,1
548,2023-12-27 00:00:00-05:00,463.9701495554804,465.1607185987264,463.4334300593357,465.0143432617188,68000300,0.0018065093488799,0.0007021687767138,0.0024467174262876,0.0018409263346207,0.0513810659520414,0.1159783590811092,80.79612593962705,0.2930755348113285,0.0073407448215915,0.0057431097503601,0.0076164684139083,0.0008611797946494,0.0084046496132598,0.0,-0.0587640796961789,453.0886032104492,435.3345422363281,419.964072265625,1.107271726252811,0.0381795986110664,0.0330537545635496,0.0017725033945656,0.9975283618168386,0.002471638183161582,1
549,2023-12-28 00:00:00-05:00,465.3754211322304,466.0292409103148,464.770383206952,465.1900024414063,77158100,0.0003776786951963,0.0035685351063968,0.0024175750155588,0.0017551622447588,0.0507690753267366,0.1105752214198087,78.99958653220182,0.1932459565092177,0.0063322174751946,0.005752418140659,0.0076017947936865,0.0008098415509461,0.0079769272202546,0.0,-0.0587640796961789,454.2555404663086,436.1626837158203,420.4072396850586,1.1065223396007546,0.0388934771932619,0.0338688362778093,0.0017802220063758,0.9973982053459071,0.0026017946540930277,0
550,2023-12-29 00:00:00-05:00,464.9948179571429,465.5217989644832,461.8817733288709,463.8432922363281,122283100,-0.0028991665983771,0.0011012539693981,0.0023130218753328,0.0017477133544788,0.0485734593819899,0.1101059413321702,74.63725474170576,-0.0342436791847244,0.0064651198832768,0.0058313936872088,0.0076061904558785,0.0007577205474129,0.0080307885824728,-0.0028949680732825,-0.0587640796961789,455.2681579589844,437.0768298339844,420.8554493713379,1.102143961612483,0.039218693962985,0.0349716827518154,0.0019708081014962,0.9970049273837772,0.002995072616222668,0
551,2024-01-02 00:00:00-05:00,460.7692671751978,462.2428483505155,459.1395423842336,461.2474365234375,123623700,-0.0056121252660533,-0.0004227059542896,0.0018586571824986,0.0016649465375866,0.0390318008324716,0.1048916318679564,67.73475966136516,-0.4094622828589749,0.0067669212402986,0.0060661458193337,0.0076581062037504,0.0007030498991718,0.0083980177818005,-0.0084751733641682,-0.0587640796961789,456.0197692871094,438.01253601074217,421.25785247802736,1.094928993750914,0.0390402891170371,0.0363247190249987,0.002028642552055,0.997264652657423,0.0027353473425769342,0
552,2024-01-03 00:00:00-05:00,459.0809802037512,459.8226549132717,456.87552242132506,457.4805603027344,103585900,-0.0082002449952911,-0.002905469763129,0.0011872868327782,0.0017486930454369,0.0249330234883442,0.1101676618625294,58.85306346591354,-0.9314035081764532,0.007057697433815,0.0063692932206603,0.0075174122440148,0.0006681102690717,0.0086034634258213,-0.016572673742366,-0.0587640796961789,456.70015716552734,438.9747637939453,421.6636822509765,1.0849418139607276,0.0387456755754875,0.0378400374685064,0.0021033194996666,0.997608683311577,0.002391316688423001,0
553,2024-01-04 00:00:00-05:00,457.0023705654277,459.59820232067887,455.7825264951791,456.0069885253906,84232200,-0.0032262575607131,-0.0039120231450477,0.0012842901928386,0.0015823188808168,0.026970094049612,0.0996860894914586,47.95058290539038,-1.3694704197557217,0.0066730544909119,0.0062810399646262,0.0075095590393987,0.0006708443276762,0.0082150067928445,-0.0197403509701872,-0.0587640796961789,457.3112380981445,439.9217102050781,422.04405166625975,1.0804724926818488,0.0381343451540067,0.0392047906911034,0.0020766050410651,0.996891180913146,0.0031088190868538952,1
554,2024-01-05 00:00:00-05:00,456.21194277640495,459.0907868763805,455.1775173220721,456.631591796875,86118900,0.0013687858095673,-0.0037138017221735,0.0013588512643199,0.0016100240620891,0.0285358765507189,0.1014315159116176,46.51612684375199,-1.5949804150243443,0.0050949566870844,0.0062718635308776,0.0075054338257987,0.0006783076532633,0.0081347852004892,-0.0183976667589911,-0.0587640796961789,458.0429656982422,440.8195281982422,422.4026007080078,1.081034044372583,0.0377184535836091,0.0403321360612886,0.0019661758172077,0.9967633137911993,0.003236686208800698,1
555,2024-01-08 00:00:00-05:00,457.1292273454669,463.2967659533917,457.0023588004112,463.150390625,74879100,0.0141748981888516,-0.0002989887647277,0.0022261254452489,0.0016476762569476,0.0467486343502292,0.1038036041877048,57.07381285989048,-1.2956531729652907,0.0061818479096584,0.0067307375483661,0.0075631205719545,0.0007073163121738,0.0085560671349789,-0.0043844704436939,-0.0587640796961789,458.9320022583008,441.9659100341797,422.8265515136719,1.09536732962245,0.0366319289965968,0.0413242845259833,0.0024751827033773,0.9949026941862772,0.005097305813722805,0
556,2024-01-09 00:00:00-05:00,460.4862351844952,463.47241097446175,459.9787907915039,462.44775390625,65931400,-0.0015182330644633,0.0005197896755902,0.001791854922867,0.0015222801844768,0.0376289533802078,0.0959036516220387,52.70308426973751,-1.140961437326146,0.0061805876928434,0.0066604139487642,0.0075488413403772,0.0007248934553355,0.0085585149830954,-0.0058948999779969,-0.0587640796961789,459.6901733398437,443.1954333496094,423.2418746948242,1.0926323257586337,0.0356683319378349,0.0431477036837988,0.0026587291321972,0.9966108194878043,0.0033891805121957007,1
557,2024-01-10 00:00:00-05:00,462.7210156897323,465.9316536258223,462.4380035262674,465.0631103515625,67310600,0.0056395315197452,0.0032877449785975,0.0018561254794605,0.0015293929398907,0.0389786350686714,0.096351755213119,52.447340856767305,-0.8706865772518926,0.0063026036491841,0.0066921602312565,0.0075525644781964,0.0007436148790483,0.008604808578307,-0.0002727747569332,-0.0587640796961789,460.49212646484375,444.5136120605469,423.6578268432617,1.0977328421306831,0.0343577334960367,0.0448450645795562,0.0028344082374991,0.996820800091168,0.00317919990883194,0
558,2024-01-11 00:00:00-05:00,466.0682912006048,466.5855039297226,460.8668888410367,464.8582153320313,77940700,-0.0004406717368189,0.0038448621433763,0.0016502857538056,0.0014575117787972,0.0346560008299187,0.0918232420642273,64.05979617214064,-0.7201320978054389,0.0062786241391899,0.0066932117222657,0.0075493711057193,0.000773035010205,0.0082757126716563,-0.0007132292345788,-0.0581596404620211,461.18129272460936,445.73224975585936,424.0691845703125,1.0961848496561903,0.0332338817712736,0.0466014463573021,0.0026215255643961,0.9972438172165151,0.00275618278348491,1
559,2024-01-12 00:00:00-05:00,466.31225575267183,467.0539305202065,463.7652354820875,465.1802368164063,58026400,0.0006924907169154,0.003709603124846,0.0014662646337513,0.0015655680928946,0.0307915573087793,0.0986307898523622,58.0697318163142,-0.6172404411344754,0.0062817038060013,0.0066623542756223,0.0074877018669657,0.0007863281565542,0.0080676913054102,-2.099276628635209e-05,-0.0581596404620211,461.5755401611328,446.9065930175781,424.48644607543946,1.0958659366328385,0.0315339001586693,0.0481966884396838,0.002524490872088,0.9976192421005905,0.0023807578994095254,0
560,2024-01-16 00:00:00-05:00,463.7944981490244,465.1119059605971,461.64756060638337,463.4724426269531,85014900,-0.0036780082639579,0.000139021834284,0.0006389334018823,0.0015864464781131,0.0134176014395291,0.0999461281211297,52.5137352345461,-0.6777479475238621,0.0063262844344057,0.0061248006972799,0.007470933334636,0.0007882237638629,0.0080883973692385,-0.0036921683730068,-0.0581596404620211,461.811018371582,447.9600836181641,424.8674270629882,1.090863674419177,0.0298851311955272,0.0498253066013742,0.0022730382730303,0.9987557716672453,0.0012442283327547628,0
561,2024-01-17 00:00:00-05:00,460.43751659166446,461.3841168761338,458.53454773915473,460.8961791992188,68843900,-0.0055741184576076,-0.0006721552443447,0.0002209208572525,0.0013318345408849,0.0046393380023026,0.0839055760757542,43.56335638596138,-0.8913779335006842,0.0063226019139745,0.006239454905524,0.0074366743632988,0.0007103399930528,0.0084557479441207,-0.0092302569265304,-0.0581164365237969,461.9554504394531,448.8045947265625,425.2241886901856,1.0838898431881625,0.0285332278860272,0.0511620774929109,0.0018323239517102,0.9986631647761456,0.001336835223854515,1
562,2024-01-18 00:00:00-05:00,462.5746603285912,465.5510680800572,461.02302217587135,464.9948120117188,91856200,0.008853438738315,-2.937380063079871e-05,0.0007209812577361,0.0014730934220506,0.0151406064124582,0.0928048855891909,49.966008578584976,-0.7617753714410407,0.0061862984400698,0.0064976642661092,0.007494379762557,0.0006277320012965,0.0088309291281229,-0.0004195929161484,-0.0453962637612871,462.1759994506836,449.65468505859377,425.5739906311035,1.0926297711994952,0.0269278582655977,0.0517870174149026,0.0018281716485254,0.9979144259880235,0.00208557401197652,1
563,2024-01-19 00:00:00-05:00,466.1267910466401,471.0744855401383,465.04358385174015,470.7914733886719,110834500,0.0123890157618783,0.0025365636991086,0.00104382762169,0.001882675532721,0.0219203800554913,0.1186085585614292,58.15336313069528,-0.313734822011015,0.006767959946872,0.0069081543409798,0.0073717186865155,0.0005430814346614,0.0094536126266034,0.0,-0.0369345034402601,462.54634246826174,450.6012701416016,425.94524963378905,1.1052863573274732,0.0253723208720874,0.0523714253581164,0.0020106249507758,0.9974902979754884,0.002509702024511621,1
564,2024-01-22 00:00:00-05:00,472.333383502758,473.5141842020312,471.1330462386604,471.7868957519531,75844900,0.0021121272584343,0.0028204910074124,0.0008557135537709,0.0020562823786061,0.0179699846291904,0.1295457898521866,61.68197958516891,0.0047206706194842,0.0067497836143338,0.0068178543802302,0.0072431457956174,0.0004152006830617,0.0092947849325728,0.0,-0.0305690391411332,463.2875183105469,451.5436608886719,426.3324859619141,1.1066172794397369,0.0248922925321127,0.053437632867219,0.0019974924177753,0.9976905829248008,0.002309417075199286,1
565,2024-01-23 00:00:00-05:00,472.333402154428,473.4068411336017,471.2404266096584,473.1628723144531,49945300,0.0029122765706955,0.0041385479743431,0.0016588768644335,0.0022987666713376,0.0348364141531046,0.1448223002942742,68.1751277093134,0.2495361175681125,0.005562285106901,0.0059203613703587,0.0070043685750024,0.0003991569121483,0.0088847196985938,0.0,-0.0305690391411332,463.88084869384767,452.5073492431641,426.731764831543,1.1088063071687184,0.0240371764484619,0.0544750780752113,0.0020366947849867,0.9966529016447254,0.0033470983552747195,1
566,2024-01-24 00:00:00-05:00,476.0417469073494,476.97857889434994,473.1824393105692,473.6801452636719,81765000,0.0010926267418717,0.005471897014239,0.0012615143718266,0.0023436443317581,0.0264918018083599,0.1476495929007643,77.4291159072213,0.3799925784614739,0.0054312894732295,0.0056458633506905,0.0069871453624214,0.0004107779407515,0.0087911440350699,0.0,-0.0305690391411332,464.4536895751953,453.547670288086,427.1259588623047,1.108994045984396,0.0230240160922062,0.0557796472788061,0.002196252165779,0.9974413576125265,0.0025586423874734954,1
567,2024-01-25 00:00:00-05:00,475.817252905647,476.529652576822,473.6801134548218,476.2564086914063,72525000,0.0054240880263023,0.0047860268718364,0.0014242007372512,0.0023105177735149,0.0299082154822766,0.1455626197314407,83.05207672283166,0.5624661813587677,0.0054174204068156,0.0057172105098656,0.0069671698118918,0.0004163503249808,0.0085986887405511,0.0,-0.0197403509701872,465.05775756835936,454.5079156494141,427.5310078430176,1.1139692793143086,0.0221516009578384,0.0566436636107849,0.0020162360942639,0.9964308613325967,0.0035691386674031518,0
568,2024-01-26 00:00:00-05:00,475.8270481167824,477.32013617897184,474.80239093382255,475.6513977050781,76641600,-0.0012711547562256,0.0020539927682156,0.0011630231751021,0.0025198043657535,0.0244234866771449,0.1587476750424763,81.0649100263476,0.5636740780664997,0.0054715322555588,0.0057086853563164,0.0066460223150693,0.0004227114092557,0.0084000600660704,-0.0012703471812389,-0.0197403509701872,465.5896102905273,455.4642248535157,427.9325010681152,1.1115103351997266,0.0212874081435787,0.0578821462908243,0.0020105253736571,0.9966132073776539,0.0033867926223461516,1
569,2024-01-29 00:00:00-05:00,475.963636023537,479.5646180000114,475.4171482779632,479.418212890625,61322800,0.0078880841255145,0.0032091841416317,0.0014526219739895,0.002836233968649,0.0305050614537797,0.1786827400248894,79.1945889698231,0.7289198275560702,0.0057054737896796,0.0058942044566196,0.006411727074878,0.0004147922867608,0.0079589472773536,0.0,-0.0197403509701872,466.3010208129882,456.32986328125,428.3608853149414,1.119192319667901,0.0207984537583954,0.0583394147620534,0.0018056018825715,0.9970318571359101,0.0029681428640901063,0
570,2024-01-30 00:00:00-05:00,478.72536880060346,479.7597942015554,478.2862130177268,479.0474243164063,58618400,-0.0007737128558856,0.0024719862563154,0.0013977938048903,0.0028960611771261,0.0293536699026978,0.182451854158948,80.14923354573229,0.7226053085003974,0.0053922507797645,0.0059100374726397,0.0063591321341795,0.0004064679960259,0.0076639088196763,-0.0007734136172739,-0.0197403509701872,467.0612274169922,457.16961975097655,428.76126586914063,1.1172824190294586,0.0206484935810496,0.0593017568612841,0.0017529714744314,0.9969972320516365,0.0030027679483634866,0
571,2024-01-31 00:00:00-05:00,476.8321663361625,477.2810606184533,471.2111152901412,471.2306518554688,126011100,-0.0164519185849245,-0.0010369228090437,0.0007524246626738,0.00244627253331,0.0158009179161503,0.1541151695985331,59.42167762532214,0.132258894177931,0.007897661829282,0.0070355266125847,0.0067057904696289,0.0004261480251336,0.0084492926933356,-0.0170781184673602,-0.0197403509701872,467.5603881835938,457.8423498535156,429.127435913086,1.098113549539886,0.0206226787069419,0.0609360062367861,0.0014276025973484,0.9968659823542653,0.003134017645734578,1
572,2024-02-01 00:00:00-05:00,472.93843623390336,477.427468426182,472.1284430833285,477.398193359375,91891600,0.0130032487157301,0.0004789093288417,0.0016388710427587,0.0025532991148285,0.0344162918979338,0.1608578442341996,66.20435365565108,0.0989443395762412,0.0083794210122588,0.0073588258493843,0.0068204767658171,0.000477050708947,0.0084116844348664,-0.0042134810003783,-0.0197403509701872,468.55626983642577,458.6275457763672,429.5173030090332,1.1114760453534855,0.0207975735940509,0.0609768599300509,0.0016447400383446,0.9964202613271065,0.0035797386728936595,1
573,2024-02-02 00:00:00-05:00,477.8373244708508,484.08292030102734,477.4957621668845,482.4239501953125,99228200,0.0104723626163251,0.0028276128033519,0.002528042833788,0.0025511411976154,0.0530888995095501,0.1607218954497709,69.86741507926685,0.343421422892157,0.0081502463243487,0.0072376293447792,0.0068179081739684,0.0005117542106628,0.0088268765636235,0.0,-0.0197403509701872,469.8771179199219,459.44580322265625,429.9309962463379,1.1220962303422704,0.0216227131614059,0.0611802274003376,0.0016961376937396,0.9945404785129376,0.005459521487062604,0
574,2024-02-05 00:00:00-05:00,481.78966938702735,482.453257473618,478.4033807510974,480.6673889160156,75757100,-0.0036477604059315,0.0005204438970626,0.00250797126973,0.0021919209802753,0.0526673966643316,0.1380910217573467,69.78899011681406,0.3155826061775721,0.0083764456787049,0.0072549489421098,0.0065282108190229,0.0005409744935282,0.0089359911916346,-0.0036411154101816,-0.0197403509701872,471.0789077758789,460.2481750488281,430.336244354248,1.1169577167205456,0.0225326971972779,0.0622299980908553,0.0016692870052643,0.9941280977545534,0.005871902245446858,1
575,2024-02-06 00:00:00-05:00,481.6139421538367,482.3946602218278,480.1794043465866,482.0628662109375,55918600,0.002899001594297,0.0012549867870992,0.0025808386880505,0.0020937786710975,0.0541976124490611,0.1319080562791434,75.04047112578326,0.3189572772076881,0.0083762622822928,0.0072506183921814,0.0064691671700407,0.0005642305051642,0.00850670239446,-0.0007484785617065,-0.0197403509701872,472.02453155517577,461.0444384765625,430.75937362670896,1.119100118825708,0.0227773053023517,0.0628238907673955,0.0016517833742165,0.9938130371340468,0.006186962865953148,1
576,2024-02-07 00:00:00-05:00,484.3171033582362,486.5030542401489,483.4095168033821,486.08343505859375,70556500,0.0083057528718137,0.0062065210784468,0.0023013555777153,0.0021891426492039,0.0483284671320233,0.1379159868998481,74.99428521824679,0.5085192938685399,0.0086098237203838,0.0068852793737651,0.0065163339803657,0.0005680846492197,0.0084047907591588,0.0,-0.0197403509701872,473.206315612793,461.91566955566407,431.201061706543,1.1272779179504928,0.023227794330757,0.0631879336629084,0.0017923488361551,0.9952456487425013,0.004754351257498583,1
577,2024-02-08 00:00:00-05:00,486.08349349833503,486.6787631370362,485.26376181906494,486.2981872558594,52343600,0.0004417035366135,0.0036942120426235,0.0023946858920523,0.0021510446576696,0.0502884037331002,0.1355158134331871,71.18115304067123,0.5608054316927067,0.0085713376518424,0.0068440761535629,0.0065194717889569,0.0005716069873434,0.0077159216080145,0.0,-0.0197403509701872,474.2680694580078,462.8071362304688,431.6417491149903,1.1266245404966806,0.0235677070733332,0.0640869901065069,0.0018331688214491,0.9949949239551167,0.005005076044883068,1
578,2024-02-09 00:00:00-05:00,486.8055920858739,489.5477990767194,486.4640298019624,489.1086730957031,63979400,0.0057627103762058,0.0027522815945997,0.0024005515518838,0.0022308925015417,0.050411582589561,0.1405462275971293,72.54263083145611,0.6886842503384791,0.0085537695391791,0.006847048309923,0.0065326072743073,0.0005746860205281,0.0077485325566783,0.0,-0.0197403509701872,475.4805923461914,463.7460650634766,432.1280903625489,1.131860399737838,0.0239916565135592,0.0646440687727103,0.0019196732437089,0.9950150030819076,0.0049849969180922405,0
579,2024-02-12 00:00:00-05:00,489.0794006092278,491.3531767842972,488.1718140143117,488.89398193359375,56502300,-0.0004390400464742,0.0033940256664911,0.002400629251424,0.0023482008118738,0.0504132142799059,0.1479366511480528,71.11061966835805,0.662610098254012,0.0084063733677125,0.0068470144651184,0.0064143214265281,0.0005776361733485,0.0079002215679741,-0.000438943682496,-0.0197403509701872,476.6662796020508,464.6869195556641,432.6216566467285,1.1300728348253175,0.024502981196471,0.0655873545060142,0.0019244550494697,0.9950059736023967,0.00499402639760336,0
580,2024-02-13 00:00:00-05:00,482.5996477744385,485.0978863507238,478.8815649799923,482.1604919433594,113099200,-0.0138686306423534,4.049921916109145e-05,0.0017072425200303,0.0018822789601735,0.035852092920637,0.1185835744909332,59.75313564342814,0.1238833222636612,0.0097857962431729,0.0077113770936334,0.0065100996536769,0.0006305270017009,0.0089285476973103,-0.0142058023800044,-0.0197403509701872,477.6006820678711,465.458310546875,433.0427166748047,1.113424780921647,0.0251832568696285,0.0672298838534415,0.001599863539424,0.994784102000638,0.005215897999362105,1
581,2024-02-14 00:00:00-05:00,484.80505756219736,487.0300518664836,482.4727014977024,486.5421142578125,68387800,0.0090464342065082,0.0001886354860999,0.0023131683519572,0.0020410105583344,0.0485765353911032,0.1285836651750717,61.35780652483647,0.0011349063478371,0.0079929083916247,0.0077667865743143,0.0065615472030415,0.0006689401810739,0.0091446968716002,-0.0052474204181376,-0.0197403509701872,478.8829788208008,466.2648486328125,433.4687022399903,1.1224388560086584,0.0259343021255957,0.0674065932459939,0.0016576942926468,0.9929375544230714,0.007062445576928565,1
582,2024-02-15 00:00:00-05:00,487.2447879089923,490.0845886117762,486.7665887596598,489.899169921875,61683000,0.0068761305888444,0.0014755208965461,0.0029060373541692,0.0018451556280401,0.0610267844375553,0.1162448045665293,64.8314246231555,0.0801603057465456,0.0073681422185926,0.0076081845345931,0.0062156904130757,0.0006901241895783,0.0092314405987262,0.0,-0.0197403509701872,480.1281967163086,467.1853759765625,433.9134994506836,1.1290249566839172,0.0264193563377747,0.0679157642401901,0.0018790138874838,0.9905401185478303,0.009459881452169536,0
583,2024-02-16 00:00:00-05:00,489.5966419107854,490.7383993155453,486.7177979103545,487.45947265625,75532900,-0.0049924402909705,-0.0006755092368891,0.0022467097813461,0.0017323425688042,0.0471809054082696,0.1091375818346703,58.60851599346069,-0.0886069496961905,0.0071483692558609,0.0076667295319487,0.006274932572686,0.0007157607190568,0.0092590529408979,-0.0049799987740621,-0.0197403509701872,480.9615966796875,468.05885803222657,434.3686294555664,1.1222253164719265,0.0264693566772878,0.0691139068301952,0.0017919070295306,0.9925347215865602,0.007465278413439735,0
584,2024-02-20 00:00:00-05:00,485.7126498093255,486.3860061409344,482.5215483370468,484.77581787109375,71736700,-0.0055206010872481,-0.0016918214450439,0.0013938708837687,0.0016253123446458,0.029271288559143,0.1023946777126919,55.84313788968675,-0.4192056280526053,0.007307547377611,0.0074758463198426,0.0063409316018267,0.0007305485524392,0.0098207583164359,-0.0104579725080944,-0.0197403509701872,481.6110427856445,468.91443359375,434.8239463806152,1.1148783821734465,0.0261906818035025,0.0703221694573052,0.0017648891095284,0.9936931566960455,0.006306843303954592,1
585,2024-02-21 00:00:00-05:00,483.4681704173984,485.3711094473026,481.6530268123209,485.2149658203125,59293400,0.0009054683541452,0.0012629983542558,0.0013364109359454,0.0016199553236299,0.0280646296548538,0.1020571853886844,66.79172077779309,-0.6336611485936228,0.0072725808043325,0.0074746868637141,0.0063414023793982,0.0007439950541968,0.0092056252005011,-0.009561567745276,-0.0197403509701872,482.2136474609375,469.7113397216797,435.2954025268554,1.1146797393302983,0.0257665336396234,0.0709292573790259,0.0016423774699166,0.9934121207919685,0.006587879208031609,1
586,2024-02-22 00:00:00-05:00,491.8509186062906,496.2228208824332,490.8847818096944,495.2567138671875,76402500,0.0204842207718611,0.0035505556673264,0.0021731701836199,0.0018233830288253,0.0456365738560195,0.1148731308159946,69.6184054723466,-0.1498185283834274,0.0094040507966143,0.0085640838868359,0.0067320861862436,0.0007987019072888,0.0097128470727503,0.0,-0.0197403509701872,483.29247589111327,470.6707873535156,435.7808825683594,1.1364810474206573,0.0254851437329174,0.0704481207588689,0.001937273347279,0.9750572326488773,0.024942767351122597,1
587,2024-02-23 00:00:00-05:00,496.98399282076,497.8232610473495,494.8663601420095,495.5982666015625,61321800,0.0006894101652319,0.0023132115826039,0.0021539693942561,0.0018689592883031,0.0452333572793796,0.1177444351630981,66.13293331360143,0.1276376718158243,0.0094001972115106,0.0085670790938376,0.0067142287761042,0.0008079713560611,0.0091688767727068,0.0,-0.0197403509701872,484.2595687866211,471.6022717285156,436.2675396728516,1.1359961985097535,0.0255394296370317,0.0712971259927176,0.001879514997878,0.9747565272576613,0.02524347274233904,0
588,2024-02-26 00:00:00-05:00,496.0374423463736,496.4765981786797,493.6563040433622,493.7831726074219,50386700,-0.0036691531871225,0.0025778690033735,0.0017209579079026,0.0017495532698284,0.0361401160659547,0.1102218559991948,66.03826392765768,0.123267081866019,0.0094420220619299,0.0086231504881855,0.0067451872449605,0.0008036347472012,0.0090247143985248,-0.0036624300697965,-0.0197403509701872,485.1661575317383,472.45643737792966,436.7538540649414,1.1305754213997177,0.0257394760673899,0.0723041717368795,0.0017298395263321,0.9769232577645026,0.023076742235497195,1
589,2024-02-27 00:00:00-05:00,494.47594619544657,494.9248404218368,492.5729777566567,494.7003784179688,48854500,0.0018557841915093,0.004053146059125,0.0018698597625566,0.0017692439862028,0.0392670550136896,0.1114623711307821,65.63631832530321,0.1165700730609957,0.009432361559104,0.0085958545816024,0.0067436330997636,0.0007706431791401,0.0090277063254214,-0.0018117258354247,-0.0197403509701872,485.9302658081055,473.2045391845703,437.2354908752441,1.13142777460195,0.0257241093371132,0.0727087543865515,0.0015122321293406,0.9800311584010384,0.019968841598961402,0
590,2024-02-28 00:00:00-05:00,493.13904421133424,494.6321322047559,492.7779751212326,494.046630859375,56506600,-0.0013223759924952,0.0036075771897969,0.0014312664236038,0.0017768686079603,0.0300565948956797,0.1119427223015009,60.74830951941581,0.0082457174943186,0.0079216169302971,0.0085079551536711,0.006739799809804,0.0007248419535657,0.0086756344464312,-0.0031308336746765,-0.0197403509701872,486.6802261352539,473.9102142333985,437.717332611084,1.1286887542521422,0.0258477866343153,0.0732580274039281,0.0014283571726835,0.9836178684935607,0.01638213150643931,1
591,2024-02-29 00:00:00-05:00,495.8130154036928,497.442710623684,493.1586331577478,495.82275390625,83924800,0.0035886046791587,0.0002284539712564,0.0016389958300344,0.0018181215501612,0.0344189124307243,0.1145416576601588,62.33582262400802,-0.0030482766953019,0.0075968723499176,0.0085046810964058,0.0067428568926917,0.0006533412609867,0.0090578779291863,0.0,-0.0197403509701872,487.90983123779296,474.6665185546875,438.2106602478027,1.1314712280752557,0.0267097719472742,0.0735259889137275,0.001525352185495,0.9858728520554683,0.014127147944531774,1
592,2024-03-01 00:00:00-05:00,496.7010579863145,500.9070486793677,496.29117722592895,500.4776611328125,76844800,0.0093444527935335,0.0019594624969167,0.0028673944671039,0.0019776136683701,0.0602152838091825,0.1245896611073228,64.05322843366477,0.2307907582957513,0.00781389628796,0.007572967272594,0.0068008344324344,0.0006384690996785,0.0092354786649974,0.0,-0.0197403509701872,489.0638046264648,475.4643951416016,438.720411529541,1.1407667570969924,0.0271728601314222,0.0734178295368706,0.0015942301702499,0.9898564721729317,0.010143527827068498,0
593,2024-03-04 00:00:00-05:00,499.6774416316755,501.7950742838469,499.6481367835651,499.9408874511719,49799300,-0.0010730983225172,0.0024786734698378,0.0021970922271873,0.0018982068174815,0.0461389367709349,0.1195870295013408,63.54723127279641,0.2741692326758169,0.0075089403140366,0.007246906931104,0.0068068789291084,0.0006416949612387,0.0090976020497615,-0.0010725227584097,-0.0197403509701872,489.9396514892578,476.1955206298828,439.2407948303223,1.1381932036715714,0.0274915119054297,0.0739181905844215,0.0014624238717675,0.9934073929239386,0.006592607076061246,0
594,2024-03-05 00:00:00-05:00,497.9306035256283,498.3795276061861,492.7292012805933,494.9444274902344,72855600,-0.0100443777656932,9.864107839731538e-05,0.0012201045899484,0.0016451447521715,0.0256221963889167,0.1036441193868111,66.37505355361459,-0.0893349006518864,0.0081561044858951,0.0074554747911359,0.0069505992121036,0.0006361061229426,0.0087852510345392,-0.0110559053326253,-0.0197403509701872,490.6535034179688,476.9551416015625,439.7121690368653,1.125610029338848,0.0276765653992064,0.075246776195762,0.001534760125559,0.9944463093867568,0.005553690613243014,1
595,2024-03-06 00:00:00-05:00,498.2330808403037,499.7164302323308,496.1544916414496,497.452392578125,68382400,0.0050543701397445,0.0013739903048452,0.0016344917587901,0.0018089177404529,0.0343243269345929,0.1139618176485366,64.67969016897484,-0.2096911953134812,0.0081953811677458,0.007413101640588,0.0069066091340179,0.0006317489450658,0.0087269510376167,-0.0060447624132512,-0.0197403509701872,491.4229797363281,477.6782641601562,440.17678451538086,1.1301195566817603,0.0276302130238789,0.0753870726209961,0.0014536517853417,0.9943167089735647,0.005683291026435333,1
596,2024-03-07 00:00:00-05:00,500.7606553023125,503.444312321391,497.5109739434722,502.3903503417969,58652100,0.0098775491378611,0.0026317791965857,0.0019668035465788,0.0019688311663164,0.0413028744781571,0.1240363634779374,66.12096582982736,-0.0157834750974297,0.0060002669480006,0.0076259801825535,0.0069757015464596,0.0006240453402081,0.0089894303412719,0.0,-0.0197403509701872,492.23832550048826,478.4816046142578,440.6690328979492,1.140062751943228,0.027382534073099,0.07526532245411,0.0015990363938221,0.991223866289408,0.008776133710592084,0
597,2024-03-08 00:00:00-05:00,503.02473305199794,505.7180990051288,498.7991760778728,499.37493896484375,86532500,-0.0060202135498699,-0.0004411540720949,0.0012846146693558,0.0019373652307734,0.0269769080564734,0.122054009538726,65.15278290917783,-0.1425955860745675,0.0064505443275,0.0076712079345325,0.0070076314078723,0.0005953357576256,0.0094582760484083,-0.0060021283746823,-0.0197403509701872,492.8921630859375,479.1856024169922,441.1453840637207,1.1319962919360664,0.0274474339808835,0.0761756655873144,0.0014097579750271,0.9929503756839438,0.007049624316056344,0
598,2024-03-11 00:00:00-04:00,498.1648377894375,499.53105726392937,496.2325939589306,498.9455261230469,62557200,-0.0008602705910508,-0.0003985885258016,0.0012226159013718,0.0018030522387637,0.0256749339288089,0.1135922910421171,69.11544450089214,-0.2984235841290843,0.006295583524405,0.0076836122244275,0.0069783491066078,0.0005590803707245,0.009231712531867,-0.0068568678048978,-0.0197403509701872,493.3840057373047,479.8642260742188,441.6422640991211,1.129750403623202,0.0270967048610267,0.0766054809070912,0.0013601157274616,0.9938406786752131,0.006159321324786886,1
599,2024-03-12 00:00:00-04:00,501.0631847838215,504.89836756595776,498.5356415487977,504.3128662109375,73114400,0.0106999180608279,0.0037502706395025,0.0014577210292109,0.0019047993535184,0.0306121416134311,0.1200023592716634,72.74009000104653,-0.0936540195070065,0.0070042466377616,0.0079019110721546,0.0070614285552901,0.0005166186863777,0.0095080357576095,0.0,-0.0197403509701872,494.1549499511719,480.64668334960936,442.18045486450194,1.1405136990179154,0.0267854887444264,0.0762745332557473,0.001551531455601,0.9892274539626441,0.01077254603735573,0
600,2024-03-13 00:00:00-04:00,504.6348509797468,504.8105013823562,502.078062515044,503.5223388671875,55104100,-0.0015687634285685,0.0024256439258399,0.0014039246776826,0.0018182798943041,0.0294824182313367,0.1145516333411612,62.62294470750531,-0.0663705046095692,0.0070173580966187,0.0079192963779731,0.0070701996269175,0.0004647194728317,0.0083490309836937,-0.0015675335624281,-0.0197403509701872,495.2230422973633,481.44026428222656,442.6975172424316,1.1373958950654035,0.0273727240109046,0.0769434522546853,0.0015760590372267,0.9913092265967891,0.008690773403210984,0
601,2024-03-14 00:00:00-04:00,504.4981744262601,504.6543478136396,499.4724528751871,502.5269470214844,110171800,-0.0019788139298342,5.4371312300876415e-05,0.0019701064258978,0.0017145378598932,0.0413722349438558,0.1080158851732723,60.37404102296976,-0.1646847562465758,0.0070889741638199,0.0071615825056845,0.0070773132243449,0.00048972466687,0.0086818264757052,-0.0035412921404748,-0.0197403509701872,496.02228393554685,482.2658544921875,443.183694152832,1.1339021576190658,0.0273745110086031,0.0777712729058579,0.0016428774911559,0.9954569116913221,0.004543088308677773,0
602,2024-03-15 00:00:00-04:00,499.4483445785384,500.9069369432788,497.4024316630392,499.0763549804688,107646300,-0.0068901643701255,-0.0001196188517502,0.0012112207793915,0.0013877741777437,0.025435636367222,0.0874297731978544,57.55525296269483,-0.492877249984625,0.0069096543168495,0.0072183835015909,0.0069898987033019,0.000509043354718,0.009071635909914,-0.0103834575346298,-0.0197403509701872,496.48114318847655,483.0977703857422,443.6518461608887,1.1249279345937413,0.0268162830580465,0.079037854290647,0.0016669110552978,0.9962544075707143,0.0037455924292856754,1
603,2024-03-18 00:00:00-04:00,503.15838817484575,504.6071519631464,501.631295067572,502.04241943359375,88893300,0.0059255169467757,0.001237538655815,0.0011659534631025,0.0014309705581747,0.0244850227251534,0.0901511451650113,59.90062502366266,-0.537329185627808,0.0071699735662043,0.0071839806548911,0.0070096854122031,0.0005264613545579,0.0094703266826695,-0.0045020599898676,-0.0197403509701872,497.2102905273438,484.01847900390624,444.146070098877,1.1303542983546555,0.0262762886417458,0.0794203982803155,0.001833925944351,0.9956535913855221,0.004346408614477917,1
604,2024-03-19 00:00:00-04:00,501.3474286120831,505.11619805115,500.33912535177535,504.8323364257813,60755300,0.0055417500856821,0.0002059050607859,0.0016675815762764,0.0015450908717862,0.0350192131018062,0.0973407249225343,63.75207005179799,-0.4116244300452738,0.0062816260779229,0.0070997503385911,0.0070172733586832,0.0005483234848201,0.0098218959447623,0.0,-0.0197403509701872,498.2131164550781,484.9824938964844,444.635089263916,1.1353857322900909,0.0262079538174332,0.0799223855552289,0.0019095743735501,0.9952887339921488,0.004711266007850982,1
605,2024-03-20 00:00:00-04:00,504.89106308633967,509.63873983527566,504.21561462485215,509.5016784667969,69594600,0.0092067799273186,0.0023610137319633,0.0023688854341129,0.0016021946465239,0.0497465941163731,0.1009382627310073,66.24264293950486,-0.0649797166146139,0.0066348881039084,0.0070815615158569,0.0070653521874711,0.0005658781801037,0.0098915694375506,0.0,-0.0197403509701872,499.4274520874024,485.90951965332033,445.1180247497559,1.144644004819255,0.0265316739971504,0.0800615515660617,0.0018194753737133,0.9932813757514486,0.00671862424855129,1
606,2024-03-21 00:00:00-04:00,512.3502657547417,513.0550502763369,510.9014424363148,511.1853637695313,60256100,0.0032991245312156,0.0034166014241733,0.0024828690615925,0.0015583311837696,0.0521402502934435,0.0981748645774877,63.67982495812657,0.2115846573154289,0.0061162352849992,0.0070760906850858,0.0070457655181279,0.0005825556862351,0.0096450719059911,0.0,-0.0197403509701872,500.22388458251953,486.884271850586,445.6133351135254,1.1471500592308366,0.0260954512342958,0.0807357558767422,0.0019068468433401,0.9924593930313558,0.007540606968644304,0
607,2024-03-22 00:00:00-04:00,511.0972281974307,511.5866818015916,509.9812596404828,510.21624755859375,79070800,-0.0018976208594191,0.0044151101263146,0.0014170670791506,0.001749704709068,0.0297584086621633,0.1102313966712873,62.98404368954877,0.2599482312381509,0.005657090108017,0.0057995974215506,0.0067762077450279,0.0006908324172534,0.0095875816326327,-0.0018958215152936,-0.0197403509701872,500.9547836303711,487.7873345947266,446.0993125915528,1.1437279394011224,0.0258075847224609,0.0817065748153901,0.0017699607734207,0.9966477400908309,0.0033522599091691525,0
608,2024-03-25 00:00:00-04:00,508.83600729301406,509.9617745975222,508.6500125143848,508.8066711425781,48512100,-0.0027665272079425,0.0026767012953709,0.0012524986328089,0.0015559941329639,0.0263024712889887,0.0980276303767282,69.2625870602883,0.1340430503445269,0.00580002443434,0.0058698843403068,0.0067271568484628,0.0007528707925921,0.0088216088139289,-0.0046532878199258,-0.0197403509701872,501.7059585571289,488.6663037109375,446.5853828430176,1.139326746216932,0.0256279164282762,0.0827051280075059,0.0017275109900526,0.996188105894933,0.003811894105067194,0
609,2024-03-26 00:00:00-04:00,510.2358212067432,510.5784746025735,507.4655566293988,507.8668823242188,65463700,-0.0018487528918778,0.0011986006998589,0.0013391843611539,0.0014947810021026,0.0281228715842334,0.0941712031324647,65.13112739229676,-0.0648150165431653,0.0050007086898503,0.0058066692045821,0.006740512876119,0.0007901723573203,0.0086045920927453,-0.006491737988822,-0.0197403509701872,502.3642837524414,489.52003662109377,447.0543063354492,1.1360295049772735,0.0252905782565832,0.0836158681804629,0.0016810170930012,0.9959949931078855,0.004005006892114627,1
610,2024-03-27 00:00:00-04:00,510.7057822180554,512.174143263585,508.53257680183424,512.1349487304688,82999800,0.008368791479334,0.001031003010262,0.001649327565336,0.0015607368343316,0.034635878872058,0.0983264205628928,64.4389096443891,0.0335268098925887,0.0054651073575592,0.0060061496856597,0.0067877094588246,0.0007884580771671,0.008297919520317,0.0,-0.0197403509701872,503.2686996459961,490.4932867431641,447.5408552551269,1.1443311660083393,0.0249454034224788,0.0838693621564236,0.0019003782586657,0.9954682794163099,0.004531720583689992,0
611,2024-03-28 00:00:00-04:00,512.1741707527357,513.5446052867917,511.7532477334906,512.037109375,96294900,-0.000191060388715,0.0003329660262759,0.0017031997369446,0.0015290293781793,0.0357671944758382,0.0963288508252978,70.5376942328101,0.0342942101582677,0.0053597646005028,0.0059831920422481,0.0067912075898544,0.0007760653132529,0.0075842157676404,-0.0001910421378413,-0.0197403509701872,504.0794174194336,491.5161053466797,448.00809921264647,1.1429193139027656,0.0245359405455765,0.0849704158886838,0.0019975478042287,0.9956982198533647,0.004301780146635145,0
612,2024-04-01 00:00:00-04:00,512.7809666965774,513.3193536979879,509.9812467432874,511.1461486816406,62477500,-0.0017415471012316,0.0003641807779133,0.0014493829854975,0.0014953908734741,0.0304370426954476,0.0942096250288697,69.4971577719429,-0.0768296923087046,0.0046205626967247,0.0060121975494066,0.0068022420488991,0.0007417243129641,0.0076029754265521,-0.0019307412065496,-0.0170781184673602,504.612841796875,492.4391320800781,448.4570896911621,1.1397883107024809,0.0238164950439234,0.086045923465051,0.0018057980790408,0.9955287457439677,0.004471254256032326,0
613,2024-04-02 00:00:00-04:00,507.30901247448907,508.0333944637519,505.58612571744646,507.8963928222656,74230300,-0.0063780789194811,-0.0003581295643943,0.0007006909991634,0.0014401700429804,0.0147145109824329,0.0907307127077658,56.14235512829767,-0.4026172835525798,0.0051787938644561,0.0059585908005313,0.0068524284488289,0.0007616715406935,0.0075387337448338,-0.0082762481230974,-0.0170781184673602,505.0106170654297,493.18123046875,448.8873223876953,1.1314563087250775,0.0232909443025307,0.0872105191275793,0.0014611215971592,0.994911430718983,0.005088569281016736,1
614,2024-04-03 00:00:00-04:00,506.7998678758743,509.9617791407422,506.7509344595381,508.4542236328125,59155800,0.0010977134416603,0.0002311637023132,0.0008040629879338,0.0015466754192933,0.0168853227466105,0.0974405514154795,58.52148933073765,-0.6019646600356907,0.0049464016704347,0.0059450945480133,0.0067929349725656,0.0007857410553727,0.0075976702321343,-0.0071870219104952,-0.0170781184673602,505.6861068725586,493.9145770263672,449.29419448852536,1.131673255230094,0.0231516020500055,0.0877569316251074,0.0014423059609526,0.9946968904393261,0.00530310956067404,0
615,2024-04-04 00:00:00-04:00,512.4776104224978,512.8202041062084,501.944557459695,502.2480163574219,96858100,-0.0122811349071144,-0.0038988215749764,0.0006975507431042,0.0014818993889469,0.0146485656051892,0.0933596615036561,49.59159453290748,-1.14190474997256,0.0054854665623321,0.0061651377877534,0.006905896732993,0.0007865683953286,0.008501305989898,-0.0193053264526382,-0.0193053264526382,505.9258880615234,494.49627990722655,449.6773092651367,1.116907626889594,0.0227569005392807,0.0892367300266143,0.0011581984635364,0.9942835727455062,0.005716427254494032,1
616,2024-04-05 00:00:00-04:00,503.6086399846567,509.4624861580763,503.16811977729344,507.494873046875,74546500,0.0103925543193296,-0.0017820986333674,0.0009517499897511,0.0016980710060904,0.0199867497847745,0.106978473383699,61.710274518060935,-1.1335067849024032,0.0065255484936252,0.0064569061303804,0.0069690056094217,0.0007762832635498,0.0087075688144408,-0.0090602597910883,-0.0193053264526382,506.1811141967773,495.1725744628906,450.0976991271973,1.1275215892704604,0.021691923048984,0.0888183856224494,0.0013326135722391,0.994599787332105,0.005400212667895082,1
617,2024-04-08 00:00:00-04:00,508.1997913461109,509.2080348808952,506.9663584849502,507.77880859375,48401800,0.000559328109084,-0.0013219235913043,0.000508025178857,0.0016852224711621,0.0106685287559971,0.1061690156832155,58.62280931925818,-1.0959999270162326,0.0065227270739591,0.0061244677898044,0.0069703685464149,0.0007599764221195,0.0082400235583924,-0.0085058443043521,-0.0193053264526382,506.60130767822267,495.8030224609375,450.5303561401368,1.1270690235927323,0.0212657264039633,0.0891582428305338,0.0012415799702095,0.9949886784727796,0.005011321527220408,1
618,2024-04-09 00:00:00-04:00,509.5213145288516,509.76604138501335,503.5010099681644,508.3662109375,68049200,0.0011561389327097,0.0001849199791338,0.000849756249456,0.0014785754988424,0.0178448812385768,0.0931502564270737,55.688720418634176,-1.020349802958977,0.0064877223799361,0.0059394102488751,0.006784626809323,0.0007398961680558,0.0084395697796019,-0.0073588764100381,-0.0193053264526382,507.0723419189453,496.45731872558594,450.95834747314456,1.1273019199800358,0.0208806623354918,0.089500384316524,0.0012870569494416,0.9959372099264274,0.004062790073572447,0
619,2024-04-10 00:00:00-04:00,502.6493028576708,505.2727672601493,501.2886671147105,503.27581787109375,82652800,-0.0100637100546487,-0.0020473647201279,0.0004114972273799,0.0013429330069347,0.0086414417749791,0.0846047794368884,40.1118475197827,-1.2847759782469232,0.0072149827633521,0.0063940517150136,0.0069293861651879,0.0006968705647854,0.0087597391177538,-0.0172984305822828,-0.0193053264526382,507.02048950195314,496.9344708251953,451.3768676757812,1.1149791978985306,0.0200407377398394,0.0905221382225898,0.0009480926415812,0.9951917269670763,0.004808273032923651,1
620,2024-04-11 00:00:00-04:00,504.8029632958508,508.5227994842304,501.2789205379683,507.0740356445313,70099000,0.0075186543612132,0.0019125931335375,0.0002600084797792,0.0013727603536246,0.0054601780753643,0.0864839022783565,43.8812141647712,-1.1783150898183723,0.0070975816370151,0.0061719368933528,0.0069521858584506,0.0006249730730042,0.0092139849272883,-0.0098819912573492,-0.0193053264526382,507.1980743408203,497.4950030517578,451.8229501342773,1.1222848142039572,0.0191354133854026,0.0900697919967992,0.0011054248239115,0.9962517408468338,0.0037482591531662014,0
621,2024-04-12 00:00:00-04:00,503.52057224225,504.93999985889445,498.3421439610696,500.0748291015625,92561100,-0.0138992744149368,-0.0029457726133157,-0.0003271587100478,0.0011591317396863,-0.0068703329110037,0.0730252996002388,37.20359254689765,-1.531351007501351,0.0081684702313044,0.0068983944299577,0.0072107787110654,0.0005383783995374,0.0103608615295984,-0.0235487143746039,-0.0235487143746039,507.0754684448242,498.0718865966797,452.2111311340332,1.1058436970525227,0.0180044691797833,0.0917077861028122,0.0011535944449719,0.996153628430717,0.0038463715692831726,0
622,2024-04-15 00:00:00-04:00,504.2645375653604,504.4309350820484,492.9581399821633,493.809814453125,92101400,-0.0126072933533553,-0.0055790969058035,-0.0008332767778345,0.0009480240560312,-0.0174988123345249,0.0597255155299679,33.142581929226,-2.1035392249440363,0.0087765325931548,0.0073974704820256,0.0074164153760068,0.0005572419137319,0.0119252743038913,-0.0357818468018437,-0.0357818468018437,506.812141418457,498.4001190185547,452.5669213867188,1.0911310374607872,0.0170349437246773,0.092815485416373,0.0006646940021605,0.9958534586204998,0.004146541379500236,0
623,2024-04-16 00:00:00-04:00,494.2895037381496,495.81659688850766,491.6170757880816,492.90924072265625,73484000,-0.0018253908765783,-0.0061754028676612,-0.0005920970876656,0.0009774306812277,-0.0124340388409776,0.0615781329173475,33.17182637452585,-2.435952327867432,0.0087257306414035,0.0072716169908286,0.0074014347257429,0.0005612148831982,0.012104524540155,-0.0375403163862788,-0.0375403163862788,506.3554824829101,498.6098248291016,452.9098794555664,1.0883163805461082,0.0157141660449551,0.0927147263592265,0.0004254450783666,0.9967218817710025,0.003278118228997576,0
624,2024-04-17 00:00:00-04:00,495.3760558913513,495.5424832864925,488.5922350793865,489.9920654296875,75910300,-0.0059358632247848,-0.0053498335016884,-0.0011569247148827,0.0009716887007963,-0.0242954190125383,0.0612163881501704,24.307055575778776,-2.723796162556305,0.0086422298673596,0.0072003652054413,0.0074067377688525,0.0005623526941742,0.0125618703638342,-0.043236423047619,-0.043236423047619,505.6134689331055,498.796318359375,453.2132157897949,1.0811513176547594,0.0139127774809013,0.0930282463443709,0.0003806052045146,0.9965113002718866,0.0034886997281134893,0
625,2024-04-18 00:00:00-04:00,491.39192878796825,493.4965736434476,488.0440524623093,488.9837951660156,74548100,-0.0020598477669583,-0.0072655339273227,-0.0015189055650085,0.0007984619308713,-0.0318970168651791,0.0503031016448968,23.80412400449144,-2.8405856520708714,0.0081019294541247,0.0070359667954582,0.0073468043828556,0.0005586139569757,0.0131225790228063,-0.0452051819971328,-0.0452051819971328,504.5875747680664,498.9347369384766,453.50904083251953,1.0782228161722511,0.0115603786576825,0.0928981625874422,0.0002830739596485,0.9963548375536349,0.003645162446365219,0
626,2024-04-19 00:00:00-04:00,488.9055122549044,489.9039870442404,483.4431922557745,484.7157897949219,102212600,-0.0087666314566804,-0.0062390053356714,-0.0023747822975799,0.0004626580067672,-0.0498704282491781,0.0291474544263379,22.10742603912375,-3.045593703805321,0.0068341833833677,0.0067535277879336,0.0072917641032558,0.0005432498076174,0.0136982903460401,-0.0535389334461868,-0.0535389334461868,503.264096069336,498.90738403320313,453.7867218017578,1.0681577192703222,0.0089881784911032,0.093086842189596,5.643081131116641e-05,0.9959218417726542,0.00407815822734566,1
627,2024-04-22 00:00:00-04:00,487.3294466640699,491.78349315664354,484.98007493251976,489.1795959472656,67961000,0.009166975173577,-0.0018841516302849,-0.0020953608384198,0.000574639719706,-0.0440025776068168,0.0362023023414803,30.74122083135505,-2.7309632439968574,0.0079980922496749,0.0071118988149451,0.0073712425598282,0.0005455502657463,0.0137934393355496,-0.0448228593656948,-0.0535389334461868,502.2122634887695,498.9650122070312,454.1035258483887,1.077242452661748,0.0066381576595609,0.0917075992750087,0.000117805759491,0.9953873364041782,0.004612663595821653,1
628,2024-04-23 00:00:00-04:00,491.19613039401867,495.4152186955436,488.9935888497658,494.9844970703125,64633600,0.0117967491055002,0.0008402763661307,-0.0014432479829474,0.0007156630932743,-0.0303082076418973,0.0450867748762852,37.49095921842301,-2.0153169151914683,0.0093192942552619,0.007731763828433,0.0075005394655784,0.0006002405978456,0.0140950088733097,-0.033488149368971,-0.0535389334461868,501.5211547851562,499.08252868652346,454.4547296142578,1.0891832889283746,0.004926671669651,0.090159993568296,0.0002374144648726,0.9922761335052417,0.007723866494758491,0
629,2024-04-24 00:00:00-04:00,495.8752796569127,496.6681921802562,492.51763478656846,494.7495422363281,55928100,-0.0004747837885066,0.0019324922533863,-0.0013341173439267,0.0006907835610461,-0.0280164642224615,0.0435193643459068,42.16766694590331,-1.4666931538390986,0.0089601199909945,0.0077283251534148,0.007501868355215,0.0006403125604274,0.0131307799314641,-0.0339469246089088,-0.0535389334461868,500.8652877807617,499.19963989257815,454.799383392334,1.0878412775013175,0.0033666486696574,0.0897428955660061,0.0002367080634887,0.9929705609945769,0.007029439005423101,0
630,2024-04-25 00:00:00-04:00,488.6509678289955,493.6336026966789,486.9966120039557,492.87005615234375,69122400,-0.0038060977241899,0.00158324226194,-0.0014273242407035,0.0005442726761176,-0.0299738090547737,0.0342891785954144,33.568117293686825,-1.153122918200446,0.0083598539683686,0.007746623757333,0.007498067744885,0.0006633178911772,0.0132588878917131,-0.0376168285837175,-0.0535389334461868,499.9020431518555,499.4138311767578,455.1210804748535,1.0829427097468318,0.0009905490686712,0.0898669946551056,0.0004345796250065,0.9931317059804076,0.006868294019592257,1
631,2024-04-26 00:00:00-04:00,495.66974260530816,499.1252843555603,495.0334588026384,497.5394592285156,64306100,0.0094293069699005,0.0052224299472562,-0.0013768235030574,0.000714121274945,-0.0289132935642071,0.0449896403215405,39.52749289447745,-0.5827545414526929,0.0081842936208346,0.0078168171079464,0.0075770598534757,0.0006900923886336,0.0137106534268293,-0.0284993038224278,-0.0535389334461868,499.1771606445312,499.6337780761719,455.4488850402832,1.0924155828913922,-0.000917751191732,0.0888068116333964,0.0004420692576929,0.989260532895945,0.010739467104055366,1
632,2024-04-29 00:00:00-04:00,499.33084917999474,499.976931619229,496.55075587636594,499.3014831542969,46415400,0.0035352194838308,0.004096078809307,-0.0011993816043648,0.0006450281853945,-0.0251870136916611,0.0406367756798568,40.94639581617556,-0.0655436473935928,0.0070454863323753,0.0078870575246657,0.0075302893024704,0.000708514314052,0.013256150661832,-0.0250587576731186,-0.0535389334461868,498.5849273681641,499.8218243408203,455.76835693359374,1.0955159031083108,-0.0024772547536654,0.0882301953699843,0.0003766186782791,0.9880750114843235,0.011924988515676629,0
633,2024-04-30 00:00:00-04:00,497.83310375268974,498.8120110716739,491.3919067382813,491.3919067382813,77483600,-0.0159680978220171,-0.0014568905761964,-0.0018768364005927,0.0004038474716464,-0.0394135644124465,0.0254423907137253,38.76345227817304,-0.2258334353303637,0.0088799337900529,0.0085214339116715,0.0078144246993545,0.000769943917572,0.0135904692248881,-0.0405030784241681,-0.0535389334461868,497.7597030639648,499.9004730224609,456.0496366882324,1.0774965424963374,-0.0043565429734199,0.0892380109092512,0.0001600528632282,0.9702291439063706,0.029770856093628947,0
634,2024-05-01 00:00:00-04:00,490.8045685345999,497.4709251521688,489.3264088866621,489.7962951660156,80242800,-0.0032524096309404,-0.0020124157446832,-0.0017279950059002,0.000613363486789,-0.0362878951239059,0.0386418996677094,32.95341430323789,-0.3989076639873632,0.0087302620332609,0.008465998189055,0.0075268662114189,0.0007999677453679,0.0137660857983607,-0.0436186860901182,-0.0535389334461868,496.826806640625,500.0008825683594,456.3153840637207,1.0733723040501733,-0.0064804000337701,0.0891911574991222,0.000205002665168,0.9777922471196536,0.02220775288034641,1
635,2024-05-02 00:00:00-04:00,493.516150718059,495.2194698771777,489.0131707855575,494.3775939941406,62550200,0.0093100050089357,0.0006108048019419,-0.0013369335026966,0.0005547405708081,-0.0280756035566305,0.034948655960915,44.0973651610896,-0.1758169127332656,0.0091674051828734,0.0087866484274537,0.0074427233752039,0.0008371471070932,0.0132736160211309,-0.0346731945951879,-0.0535389334461868,496.43328552246095,500.184135131836,456.587815246582,1.0827656312447806,-0.0075870137622366,0.0881842551419728,0.0003706732782852,0.9639713764111407,0.03602862358885924,1
636,2024-05-03 00:00:00-04:00,500.3782914621552,501.73895716286734,497.83312634253,500.5055541992188,72756700,0.0123191104694593,0.0011887655018536,-0.0001654932466693,0.0005840540287944,-0.0034753581800567,0.0367954038140493,56.956895064734766,0.3829926252197102,0.0090710440065803,0.0088938126992877,0.0074859256914354,0.0008761948972936,0.0125243458142828,-0.0227076760921669,-0.0535389334461868,496.0838195800781,500.2891119384765,456.8859950256348,1.0954714297406656,-0.0084020892937475,0.0867185519694868,0.0002097415418467,0.969829696545411,0.030170303454589174,1
637,2024-05-06 00:00:00-04:00,502.9136076423856,505.7132680822078,502.47308742336617,505.6741333007813,47264700,0.0102737604976934,0.0025364737046261,-0.0001711500953187,0.0008050305510741,-0.0035941520016928,0.0507169247176744,62.18232124654144,1.0608320969518643,0.0091581958488095,0.0088867965683222,0.0075640586936984,0.000912165144886,0.0125387438181892,-0.0126154550586778,-0.0535389334461868,495.9785858154297,500.4906292724609,457.22464263916015,1.105964303196705,-0.0089228282799021,0.0855610041804642,0.0003985122447711,0.9384381763821328,0.06156182361786714,1
638,2024-05-07 00:00:00-04:00,506.6432715629709,507.6319775185714,505.5566987742017,506.2321472167969,52561300,0.0011028965494578,0.0059506725789211,-0.0001452658838723,0.0007765209471878,-0.003050583561319,0.0489208196728352,66.22973018308025,1.4810904100450966,0.0086692159237424,0.0088898216842082,0.0075594224543922,0.0009085704671109,0.0118370718679309,-0.0115258713124428,-0.0535389334461868,495.8718826293945,500.7396087646485,457.5660803222656,1.1063585545070465,-0.0096156005935539,0.0852840513581479,0.0004918286868117,0.9384608477691995,0.06153915223080087,1
639,2024-05-08 00:00:00-04:00,504.3917525789641,506.8194234078402,504.2742884903253,506.2810363769531,42047200,9.656992320977408e-05,0.0066204684897512,-0.0001957215509913,0.0006462164559401,-0.0041101525708192,0.0407116367242311,67.62416604892513,1.6820043507144746,0.008651149346655,0.0088850716382596,0.0074980482545821,0.0008663250295394,0.0114257407357315,-0.0114304098324609,-0.0535389334461868,496.0221435546875,500.9712219238281,457.8979801940918,1.1056633972535823,-0.0097753579801392,0.0850777308152344,0.0004574794284952,0.9447466271779721,0.05525337282202762,1
640,2024-05-09 00:00:00-04:00,506.4670817147218,509.237406201886,505.8112305297066,509.1982116699219,43643700,0.005745431673241,0.0059075538226122,0.0005570947217652,0.000730402616839,0.0116989891570705,0.0460153648608585,75.65125749483292,1.9141189393976756,0.0084259384426011,0.0086744126190611,0.0075254394178063,0.000831815478235,0.0109345972258906,-0.0057343031711207,-0.0535389334461868,496.128352355957,501.2742535400391,458.2384614562988,1.1112079288405234,-0.0101058901350144,0.0845167777447682,0.0005951152405212,0.9693969831133487,0.030603016886651402,1
641,2024-05-10 00:00:00-04:00,510.8036679931926,511.6161778645498,508.63052224416674,509.8541564941406,52233200,0.0012873625248369,0.0037012042336877,0.0002603665390806,0.0006593653493569,0.005467697320694,0.0415400170094895,73.53992583573783,2.0049525493907887,0.0081524121034734,0.008529741098834,0.0074982438257861,0.0007496975377357,0.0103486505834693,-0.0044534985202278,-0.0535389334461868,496.617318725586,501.55488159179686,458.5818832397461,1.111806146575549,-0.0096842652027445,0.0842848838333332,0.0005504084809025,0.9728948524499765,0.02710514755002353,1
642,2024-05-13 00:00:00-04:00,511.5378284675566,511.645493937865,508.77730253822216,509.922607421875,36716400,0.0001342468866899,0.0016733015114871,0.0009286294582057,0.0006684651419468,0.0195012186223206,0.0421133039426535,69.56409133202663,1.960410150675985,0.0081727912067505,0.007890728916178,0.0074972371119486,0.0007097963359221,0.0098495054134073,-0.0043198405304655,-0.0535389334461868,497.4229583740234,501.7437805175781,458.9402719116211,1.1110870817631615,-0.0084734861342986,0.0839411863348594,0.000370446265829,0.9922988876843978,0.007701112315602334,1
643,2024-05-14 00:00:00-04:00,510.1184583131571,512.7811177054134,509.580071153197,512.2622680664062,57535900,0.0045777721554315,0.0023682766326818,0.0017469659110051,0.0009612651863561,0.0366862841311075,0.0605597067404384,71.7376168877461,1.9738268053980632,0.0051469486461852,0.0072845862170982,0.0072773238249724,0.0007150357871334,0.0096721222469893,0.0,-0.0535389334461868,498.3906097412109,501.9902081298828,459.2889060974121,1.1153377781734597,-0.0070268661446781,0.0833582808932068,0.0004810575122678,0.9951654775608767,0.00483452243912351,1
644,2024-05-15 00:00:00-04:00,514.7388340623975,518.8991900209113,514.1025204284623,518.6055297851562,59504900,0.0123067997523765,0.0048103225985152,0.0024199273695268,0.0010130170204175,0.0508184747600625,0.0638200722863069,78.75738627993387,2.273869465611234,0.005007258095782,0.0075846617103486,0.0073470071522743,0.000702247440436,0.0094001087961544,0.0,-0.0535389334461868,499.8212829589844,502.4634301757813,459.66504333496096,1.1282248613524544,-0.005094714701348,0.0825258975903139,0.0009124893945779,0.9863038319991182,0.013696168000881618,0
645,2024-05-16 00:00:00-04:00,518.7034152838155,520.3088376274046,517.3916531865508,517.5385131835938,50244800,-0.0020595919765913,0.0032493178685487,0.0026045117146788,0.0008711801542995,0.0546947460082561,0.0548843497208712,74.30404787459325,2.259745762042831,0.0053774853987262,0.0074164453187994,0.0073181890986381,0.0006912173258497,0.0089587858426903,-0.0020574724723905,-0.0535389334461868,501.24901885986327,502.8651525878906,460.0421894836426,1.1249805452940866,-0.0031227313269612,0.0827435292512363,0.0007762174251308,0.9887577841002011,0.011242215899798989,1
646,2024-05-17 00:00:00-04:00,517.6560166666146,518.3510624255979,516.1974542090975,518.2825317382812,59187600,0.0014365776526574,0.0032791608941128,0.002771008163232,0.0009732280581666,0.0581911714278719,0.0613133676644991,73.65212715550516,2.1598746710215933,0.004694753811347,0.0073454029893503,0.0072798294536168,0.0006721167301788,0.008770542602036,-0.0006228202908071,-0.0535389334461868,502.9273559570312,503.1829962158203,460.4538063049316,1.1255907208095768,-0.0004932449834488,0.0824438164403846,0.0006132632463294,0.9877851220306665,0.012214877969333394,1
647,2024-05-20 00:00:00-04:00,518.400105577207,520.3481221441008,518.0085186375854,518.8797607421875,37764200,0.0011516598207358,0.003482643480922,0.0032433077478708,0.0010791369614679,0.0681094627052882,0.0679856285724832,91.88547460054689,1.997203628891688,0.0040756309273373,0.0068699332519459,0.007232210895687,0.0006613740078019,0.007993689734106,0.0,-0.0535389334461868,504.4123641967773,503.5730926513672,460.8746563720703,1.1258587417818195,0.0016174682631862,0.0822896545785915,0.00075180507135,0.9875023337792235,0.012497666220776651,1
648,2024-05-21 00:00:00-04:00,518.1160765100145,520.3088192688843,517.9104844709608,520.1521606445312,33437000,0.0024492039411011,0.0030569298380559,0.0029234138796577,0.0011036407009434,0.0613916914728125,0.0695293641594391,96.71585124959024,1.8422340772266732,0.0040436010496098,0.006735396977848,0.0072342279061795,0.000692316782656,0.0071850557703162,0.0,-0.0535389334461868,505.6707473754883,503.9972253417969,461.3116986083984,1.1275503357353218,0.0032173701472617,0.0820635382548558,0.0008154011893445,0.9922623723681203,0.007737627631879815,0
649,2024-05-22 00:00:00-04:00,519.4573134085813,520.1718967981822,516.4715975937705,518.6546020507812,48390000,-0.0028832304235297,1.8923802874676493e-05,0.0022243672354182,0.0007327287772071,0.0467117119437824,0.0461619129640482,91.27878196020885,1.5192443263554498,0.0043555607889065,0.0065269843671881,0.0068112008106099,0.0007642096670506,0.0068606781416153,-0.0028790779065386,-0.0535389334461868,506.8660003662109,504.28406005859375,461.7223672485352,1.1233040433832844,0.0049781498079995,0.0820617278662292,0.0005530360969761,0.9967899804164774,0.0032100195835225533,0
650,2024-05-23 00:00:00-04:00,521.7185015997201,521.8261670726438,513.6522545564001,514.8661499023438,57211200,-0.0073311911913209,-0.0010353960400712,0.001897871644808,0.0006054176445634,0.0398553045409682,0.0381413116074953,76.52820998511703,0.9582122863235112,0.0051372819726797,0.0068330637067233,0.0068865648991417,0.0008023745389383,0.0070238867541248,-0.0101624315770168,-0.0535389334461868,507.9658050537109,504.51093627929686,462.1235848999024,1.1141308661272191,0.0067102270659459,0.0823269336844813,0.0004406508774098,0.9967941030659995,0.0032058969340005503,1
651,2024-05-24 00:00:00-04:00,516.7162161167117,519.085214900637,515.766704674741,518.272705078125,41291100,0.0065945976282083,-3.792044961070141e-06,0.002393142852065,0.0007683343241718,0.0502559998933665,0.0484050624228261,74.89381100892204,0.7343747766467192,0.0054241223777629,0.0067756475552525,0.0069051900813619,0.0008403776041274,0.006841463419212,-0.0036132803218146,-0.0535389334461868,509.0024673461914,504.8258514404297,462.5563630676269,1.1204530873621388,0.0080587224926925,0.0815583918632778,0.0006076244379594,0.995797146788076,0.004202853211923974,1
652,2024-05-28 00:00:00-04:00,519.0852676623554,519.3201958884637,515.991886691213,518.6349487304688,36269600,0.0006986999579951,-9.438401750920164e-05,0.0019773996610219,0.0007499679077668,0.0415253928814611,0.0472479781893119,74.69806154111674,0.5376635601604232,0.0054096563742967,0.0065875710116448,0.0069037896955503,0.0008866090445285,0.007009257546319,-0.0029168616971281,-0.0535389334461868,509.969140625,505.2170233154297,462.99017776489256,1.1201856402963104,0.0091627402302963,0.0814192056549628,0.0007542335431839,0.9972615345026821,0.0027384654973178525,0
653,2024-05-29 00:00:00-04:00,514.5920494378546,516.1876733248712,514.2885905251699,515.003173828125,45190300,-0.0070271979492254,-0.0019896643955745,0.001474427402305,0.0006594151782949,0.0309629754484049,0.0415431562325819,65.19973494183505,0.1121521283241335,0.0059409882134298,0.0068602667923251,0.0069685196121568,0.0009108486916113,0.0073085078417405,-0.0098990011115709,-0.0535389334461868,511.1497039794922,505.47623840332034,463.407092590332,1.1113407240907418,0.0110163701205951,0.0816871583533741,0.0005033271658577,0.9971831522166201,0.0028168477833799815,0
654,2024-05-30 00:00:00-04:00,513.4565079924353,514.1221578280299,510.3337911216559,511.5867614746094,46377600,-0.0066558707590089,-0.0027441924626703,0.0019178667862577,0.0004968044570541,0.040275202511413,0.0312986807944141,54.09124648468945,-0.4209725161621289,0.0046521354669557,0.005911835006985,0.007018413410846,0.0009791639858592,0.00753089314858,-0.0164671029325501,-0.0535389334461868,512.2392272949219,505.6113269042969,463.7950125122071,1.1030449825312525,0.0129555744787464,0.0817384606895564,0.0002640578512766,0.9977034971259277,0.00229650287407236,1
655,2024-05-31 00:00:00-04:00,512.5462205617594,516.3737227198184,507.4264935449798,516.2464599609375,90785800,0.0090670943744129,0.0005354646504764,0.0025045098341317,0.0004924019424649,0.0525947065167665,0.0310213223752935,59.62849065710543,-0.4772417546626499,0.0056832546973547,0.0059839301821432,0.0070128587298857,0.0010244077853418,0.0082877699920271,-0.0075087656634053,-0.0535389334461868,513.3326705932617,505.7462225341797,464.2315092468262,1.112045282748043,0.0146953996733576,0.0804164609487003,0.0002613008327321,0.9970360045262809,0.0029639954737191556,1
656,2024-06-03 00:00:00-04:00,517.8615954221938,518.1454570499837,511.5769670953754,516.6672973632812,46835700,0.0008148549143539,-0.0006204838922944,0.0020999788772468,0.0005223694541613,0.0440995564221848,0.0329092756121648,60.05256205925376,-0.5011040175855159,0.0056661295445984,0.0057846867956368,0.0070100943767857,0.0010495845319745,0.0087925808004076,-0.0066996997127375,-0.0535389334461868,514.1407577514649,505.8558612060546,464.68584854125976,1.1118636364442804,0.0160352640619808,0.0796837982099867,0.0002122036220106,0.9980897995824111,0.0019102004175889906,1
657,2024-06-04 00:00:00-04:00,515.3555890163468,517.9888521983294,513.8872279798754,517.244873046875,34632700,0.0011172626847902,-0.0005367713469354,0.0015665575541674,0.0006995383502007,0.0328977086375157,0.0440709160626483,57.83797329318735,-0.4922585284316803,0.005665152543686,0.0052906133983784,0.0068785413075978,0.0010850537332165,0.0089071273109307,-0.0055893021650698,-0.0535389334461868,514.7192947387696,505.99643371582033,465.1592984008789,1.1119736288730666,0.0168640840682798,0.0789512616613999,0.0002717716831828,0.9989775602463397,0.0010224397536602147,1
658,2024-06-05 00:00:00-04:00,519.574631475195,523.4119312490825,517.5776224033007,523.392333984375,47610400,0.0118149387847359,0.0032316559998568,0.0016399469964075,0.0008068489636133,0.034438886924558,0.0508314847076396,57.576638753531,-0.1067971276918147,0.0068278782575835,0.0054263829166143,0.0069992517784414,0.0010814714493538,0.0087383859899992,0.0,-0.0535389334461868,515.5773040771485,506.28814697265625,465.6624685668945,1.1239736274970749,0.0177479808192405,0.0776199339728475,0.0005573510307558,0.9991384364441096,0.0008615635558904588,0
659,2024-06-06 00:00:00-04:00,523.6958869473458,524.1266086139946,521.4444117684961,523.3826293945312,30808500,-1.8541883754444507e-05,0.0045591217749077,0.0015865451662545,0.0006497681537464,0.0333174484913459,0.040935393686024,59.57050186412386,0.1018207991590474,0.0067238221312274,0.0054374392248225,0.0069027808337498,0.0010500398953048,0.0087064781183011,-1.8541711854800903e-05,-0.0535389334461868,516.4323837280274,506.5984619140625,466.151837310791,1.122772855329504,0.0187891635328844,0.077279264407498,0.0005929026375316,0.9991574267861345,0.0008425732138654318,0
660,2024-06-07 00:00:00-04:00,522.4036844600561,525.5655959158784,521.3073129777647,522.746337890625,43224500,-0.0012164687190006,0.002502409156225,0.0015240195166255,0.0007260180716967,0.0320044098491357,0.0457391385168933,57.335948000882695,0.1484411829216272,0.006144416762752,0.005462918947297,0.0068542754020392,0.0009882373732912,0.0090046605357452,-0.0012342482910139,-0.0535389334461868,517.1097900390625,506.8106896972656,466.6437873840332,1.120225645392384,0.0197019081632511,0.0768382280310428,0.0004059861692374,0.9991641075965491,0.0008358924034510898,1
661,2024-06-10 00:00:00-04:00,521.9338399994415,524.6845674016187,521.3367208253204,524.3615112304688,35686100,0.003085020558701,0.0029564422850944,0.0013973332730759,0.0007886417407404,0.0293439987345957,0.0496844296666454,58.71720359974221,0.2344256265504753,0.0059183639752375,0.0053904964273324,0.0068575707776843,0.0009218340601018,0.0091142667392226,0.0,-0.0535389334461868,517.8351577758789,507.057177734375,467.1201815795898,1.122540904692481,0.0205544835207531,0.0761630960691009,0.0004700727109641,0.9992902090467901,0.0007097909532100228,1
662,2024-06-11 00:00:00-04:00,522.8050098767842,525.6829996240797,520.8275980833798,525.624267578125,36383400,0.0024052839227669,0.0032140465326897,0.0014505676253583,0.000656980881406,0.0304619201325259,0.0413897955285844,58.704537952193256,0.3175505211237919,0.0059279258728863,0.0053948743905067,0.0067428782348633,0.0008383198707436,0.009426268447054,0.0,-0.0535389334461868,518.6202407836914,507.3467401123047,467.632622680664,1.1240111191666415,0.0214478314011845,0.075556095639625,0.0005508923308733,0.9992673308802024,0.0007326691197976416,1
663,2024-06-12 00:00:00-04:00,530.2056082912144,532.6430781044711,528.9036447482033,529.9412841796875,63251300,0.008179578546675,0.0024869744850775,0.0018336786567862,0.0008117164683147,0.038507251792511,0.0511381375038279,66.4759686662485,0.5887175536409357,0.0054767124167914,0.0055792384165252,0.0068025663440887,0.0007854699047871,0.0097967682957731,0.0,-0.0535389334461868,519.5041915893555,507.78763793945313,468.15173400878905,1.13198616107174,0.0221091543528992,0.0747930103087132,0.0008319748627075,0.9989054129149469,0.0010945870850530273,1
664,2024-06-13 00:00:00-04:00,531.6935478717044,531.869744023919,528.2086401164571,531.00830078125,44760900,0.0020114376336809,0.0028929703885646,0.0017114722509885,0.0008750537947197,0.0359409172707605,0.0551283890673431,75.59766238995269,0.7547815175153474,0.0043794636706834,0.0055441228015584,0.0067947369205179,0.0007689987583074,0.0091700421485934,0.0,-0.0535389334461868,520.1243301391602,508.23871948242186,468.6626695251465,1.1330287972781632,0.0223830976639188,0.0745300024482645,0.0008494811518107,0.9989742680714747,0.001025731928525491,1
665,2024-06-14 00:00:00-04:00,529.4715336430467,531.360818091983,528.4632301624404,531.3314819335938,40089900,0.000608432758656,0.003257950684096,0.0011544071560495,0.0009940791459702,0.0242425502770398,0.0626269861961248,72.95270319560245,0.7970734263663246,0.0040367084875356,0.0049859047930901,0.0067218035205292,0.0007482127880562,0.0089868141500739,0.0,-0.0535389334461868,520.8139785766601,508.8203887939453,469.144228515625,1.1325546593948934,0.022572706851603,0.0746730838043567,0.0010947390307208,0.9995120327578839,0.0004879672421163015,1
666,2024-06-17 00:00:00-04:00,530.646045981177,536.9600095405905,530.1859285159667,535.5601196289062,55839500,0.0079270655659627,0.0042263596855483,0.0016299622771235,0.0010258497589732,0.034229207819594,0.0646285348153117,76.18897860886811,1.0069908183895908,0.0042531331199872,0.0051379705988413,0.0067501582666549,0.0007124279837771,0.0093754251955836,0.0,-0.0535389334461868,521.6778579711914,509.38169372558593,469.6379716491699,1.1403680110197345,0.0229594471188885,0.0742096370132166,0.0010480708160823,0.999219604182842,0.000780395817158203,1
667,2024-06-18 00:00:00-04:00,535.618934894809,537.0481611765176,535.1980118918142,536.9208984375,41376400,0.0025376291345126,0.0042528287278974,0.0016823933000689,0.0009781652994308,0.0353302593014491,0.0616244138641421,86.47781364723282,1.1256532091803093,0.0041844899161499,0.0051415151937278,0.0067283180350146,0.0006640130026501,0.0090195841067582,0.0,-0.0535389334461868,522.579914855957,509.96453552246095,470.14171493530273,1.1420405409279346,0.0234957874990677,0.0741688779539911,0.0010855263756191,0.9990902566425075,0.0009097433574922776,0
668,2024-06-20 00:00:00-04:00,537.8508777255481,538.5165275797466,533.6807226924603,535.4623413085938,70328200,-0.0027202178740589,0.0020728694437506,0.0014980181717454,0.0007888478740121,0.0314583816066544,0.0496974160627645,92.5064029495403,0.9984092300877778,0.003540268873582,0.0052301577362653,0.0066605074553182,0.0006387795233526,0.0090663528062475,-0.0027165214338849,-0.0535389334461868,523.3454238891602,510.5064581298828,470.6340975952148,1.1377465934674726,0.0239773458725422,0.0744634261995448,0.0010120648374588,0.9991000149416879,0.0008999850583116717,0
669,2024-06-21 00:00:00-04:00,534.636494014271,535.8640759164524,533.2812387990208,534.7445068359375,64338600,-0.0013414875480406,0.0014022844074063,0.0013175090532148,0.0007151873648175,0.0276676901175126,0.0450568039835083,88.30961987683159,0.768701854861062,0.0036584481462283,0.0052610112284135,0.0066579582542268,0.0006125294600442,0.0082283988182062,-0.0040534678532648,-0.0535389334461868,524.149919128418,511.1358319091797,471.1323342895508,1.1350197554203352,0.0243370189929433,0.0748086181498675,0.0011769616541193,0.9991275757368453,0.0008724242631549184,0
670,2024-06-24 00:00:00-04:00,534.5676749075179,537.1406814551851,532.8883214982557,533.0061645507812,45528700,-0.0032560856529125,0.0006293807250926,0.0012997540422918,0.0006936244315875,0.0272948348881298,0.043698339190015,82.08691524708613,0.4199355966451303,0.0039147180099407,0.0052765031945675,0.0066687478309224,0.0005926912937882,0.0079448484703418,-0.0072910812339602,-0.0535389334461868,525.0569198608398,511.6544744873047,471.6365037536621,1.1301206762171505,0.0251450100672488,0.0750797521589076,0.0009730517442741,0.9991429376493172,0.0008570623506827909,1
671,2024-06-25 00:00:00-04:00,534.2337544994542,535.4220752279302,532.7115650972021,535.0587158203125,37936200,0.0038435002105726,-0.0001873323459853,0.0018318822042868,0.0007985455017226,0.0384695262900232,0.05030836660853,83.06783470954527,0.2557972929625958,0.0039465076683213,0.0049135566557845,0.0066654281256816,0.0005527675187737,0.0077286619147839,-0.0034682624993861,-0.0535389334461868,525.8962203979493,512.3541522216797,472.1575703430176,1.1332206649394565,0.0253094992677726,0.075125552934944,0.0013076653340788,0.9990128805204656,0.0009871194795343153,1
672,2024-06-26 00:00:00-04:00,533.9391352589275,536.4433900198844,533.2909984741738,535.7265014648438,38550600,0.00124728231269,-0.0004454017103498,0.001577248141643,0.0008476889176682,0.033122210974505,0.0534044018130977,78.74343226305653,0.1270290945528334,0.0039509173448561,0.0047914375212094,0.0066570031234514,0.0005075911740514,0.0073170817120458,-0.0022245306080133,-0.0535389334461868,526.7507980346679,513.192485961914,472.67873153686526,1.133383978845389,0.0253082721046676,0.0756239504939022,0.0015648539654881,0.999146481462098,0.000853518537902024,1
673,2024-06-27 00:00:00-04:00,535.589040487199,537.1505509580609,534.8426611396433,536.5711059570312,35041500,0.0015753176375805,0.000413705391978,0.0016189918406709,0.0007398559995451,0.0339988286540903,0.0466109279713443,79.58314166173797,0.0381750754096703,0.0032803703458212,0.0047872175318463,0.0065878709615966,0.0004639738239368,0.007255736149569,-0.0006514786097667,-0.0533580849509656,527.8291946411133,514.0657232666016,473.1899267578125,1.1339444810955548,0.0256507874198017,0.0761796452604036,0.0016274400447449,0.998991542931762,0.0010084570682384756,0
674,2024-06-28 00:00:00-04:00,537.3469307192006,540.4110302137201,533.2124733406529,534.4596557617188,76144500,-0.0039428427383518,-0.0001065656460842,0.0017658658983316,0.0006803038987572,0.0370831838649639,0.0428591456217076,74.64334051574696,-0.2097391479199126,0.0036455149342105,0.004550128724447,0.0066133300767362,0.0003662967350347,0.0076773576692913,-0.0045839949291296,-0.0517080270581877,528.9728393554688,514.9550750732421,473.7024775695801,1.128260207765568,0.0262279184801111,0.0771856155257749,0.0016640204682485,0.9985165635148349,0.0014834364851651425,1
675,2024-07-01 00:00:00-04:00,535.8442866316137,536.0898029530387,532.7900779788093,535.5595092773438,40297800,0.0020557648664771,0.0009558044577937,0.0021807056900214,0.0007405786918954,0.0457948194904499,0.0466564575894163,74.08133692450662,-0.3389372138944235,0.0036724073030492,0.0041207880809303,0.0066082036015529,0.0004209411838065,0.0076551729710307,-0.0025355488380468,-0.046687455299877,529.9384918212891,515.8865893554688,474.2180094909668,1.1293529527742354,0.0262377984563866,0.0778038278523472,0.001739329180213,0.9981403794187641,0.001859620581235843,1
676,2024-07-02 00:00:00-04:00,533.9490526752437,539.163818359375,533.8999613857427,539.163818359375,40434800,0.0067074427481513,0.0015285929653094,0.0020683413268661,0.0009482853850325,0.0434351678641882,0.0597419792570487,76.45278536983244,-0.2263525063913558,0.0034207727906261,0.003952352126819,0.0065864575506184,0.0004661358771485,0.0076581104429987,0.0,-0.046687455299877,531.0633178710938,516.9755499267578,474.7329190063476,1.135720310881087,0.0261289193833586,0.0783484156057625,0.0020197211574816,0.9988919282516056,0.0011080717483946817,1
677,2024-07-03 00:00:00-04:00,538.8494837936086,541.9331836330194,538.8102227549504,541.56982421875,32789900,0.0044525491565066,0.0021696463340727,0.0022415648622067,0.0010015367455856,0.0470728621063409,0.0630968149718951,74.55256348134478,-0.0440819260547229,0.0035864825239107,0.0039743227801656,0.0066012304771446,0.0005024883386446,0.0071102578481786,0.0,-0.0465224096994238,532.2795654296875,518.0233544921875,475.2861349487305,1.139460599407491,0.0263238649938916,0.078913590883887,0.0019347543355858,0.9989053474184248,0.0010946525815750785,1
678,2024-07-05 00:00:00-04:00,541.8742262180542,545.0953694497009,541.2358597539028,544.6927490234375,41488400,0.0057498683753342,0.0030045564816235,0.002462165133185,0.0012877431468943,0.0517054677968849,0.081127818254344,76.5853554421446,0.2181640481882425,0.0036461300079669,0.0040368738852129,0.0064039854209387,0.0005429402895528,0.0070955101604369,0.0,-0.0465224096994238,533.3445861816406,519.01751953125,475.85370178222655,1.1446643096047933,0.0263030243675488,0.0792443406423354,0.0018251850072262,0.9988758308776327,0.0011241691223669653,1
679,2024-07-08 00:00:00-04:00,545.4783931483458,546.273863702814,544.2508114321598,545.3212890625,36110500,0.0011532697502337,0.0040237789793406,0.0019544666077325,0.0011410878362737,0.0410437987623827,0.0718885336852481,76.85990507997892,0.357106634239539,0.0034964855916877,0.0034260249108914,0.0062970158335558,0.0006279138416547,0.0069727813281805,0.0,-0.0465224096994238,534.441519165039,520.0289544677735,476.42888214111326,1.1446016593531825,0.0264294920927132,0.079952998720472,0.001854750505454,0.9995937653802972,0.0004062346197027059,1
680,2024-07-09 00:00:00-04:00,546.283734729133,547.1872181563506,545.5570158893808,545.8516235351562,27289700,0.000972044867118,0.0038070349794687,0.0020016374053931,0.0011476388959251,0.0420343855132553,0.0723012504432822,73.02981299271748,0.4044002773267117,0.0030188534038099,0.0034042517313114,0.0062966155126954,0.0006906255521941,0.0063237401385919,0.0,-0.0465224096994238,535.5967834472656,521.0885858154297,477.02649307250977,1.144279471815803,0.0265790134283651,0.0807217398339057,0.0019412442905155,0.9996345618342869,0.0003654381657128073,1
681,2024-07-10 00:00:00-04:00,547.079212521271,551.596689657151,546.7846048716298,551.2529907226562,38701200,0.0098466650469712,0.0044348794392327,0.0025284532990108,0.0012855837548816,0.0530975192792271,0.0809917765575436,77.16010113744932,0.7017071457863917,0.0038298490324952,0.0037224898520403,0.0063912880712976,0.0007086586367832,0.0067664615517021,0.0,-0.0440926655240595,536.941357421875,522.1628564453125,477.68634353637697,1.154006176190124,0.0268089266185908,0.0806825788838438,0.0019487796854843,0.9993905321219531,0.0006094678780469782,0
682,2024-07-11 00:00:00-04:00,551.3708220113514,552.2448746370588,545.8614492888662,546.499755859375,53054200,-0.0086599912119713,0.0018123713655371,0.0019691670242168,0.0013078650063527,0.0413525075085546,0.082395495400221,68.59456713753669,0.4904898306225886,0.0053199391446868,0.0044465790983125,0.0063534187315646,0.0006921658069103,0.0070275904873598,-0.0086226014974541,-0.0440926655240595,537.9851318359375,523.1068218994141,478.3271415710449,1.142522989735477,0.027224732997597,0.0819390673980315,0.0017272934598427,0.9992949244455772,0.0007050755544228566,1
683,2024-07-12 00:00:00-04:00,547.6291782325719,553.5608321512885,547.1578059832891,549.9468383789062,53084400,0.0062877551803927,0.0019199487265488,0.0021540466079133,0.0012883269241174,0.0452349787661806,0.0811645962194003,73.45431740238314,0.4938189419896233,0.0054851749249383,0.0045452366802766,0.0063358796346789,0.0006710381106338,0.0075651870726894,-0.0023694245033259,-0.0307134820887401,538.9854095458984,524.2779205322265,478.9763790893555,1.1481711048559051,0.0267434740729223,0.0823744010901265,0.0021294760712954,0.9985642501954102,0.0014357498045898533,1
684,2024-07-15 00:00:00-04:00,551.9503223190923,554.709924079379,549.5933410549901,551.4592895507812,40584300,0.0027464022292753,0.0022385752223572,0.0018953239261324,0.0015525440137081,0.039801802448781,0.0978102728636127,78.6695064083842,0.50685791331835,0.0050040560265829,0.0043348684736929,0.0060321098634895,0.0006352352651776,0.0076563782884393,0.0,-0.0190369712668045,540.007958984375,525.5111804199219,479.6640377807617,1.1496782041492857,0.0262880303934352,0.0831378553374397,0.0022363570821337,0.9977629945839892,0.0022370054160107205,1
685,2024-07-16 00:00:00-04:00,552.7750698341409,555.0239777080099,552.0188604006079,554.7293701171875,36475300,0.0059123551187216,0.0032266372726779,0.0020810819016105,0.001846506687868,0.0437027199338216,0.1163299213356897,79.4470657461451,0.636311882441845,0.0050602624142596,0.0044227826329075,0.005776784093001,0.000593382772282,0.0077212310693925,0.0,-0.0190369712668045,541.1778533935546,526.7182159423828,480.3672210693359,1.1548027129792815,0.0260661112068344,0.0835560497964172,0.0021758997945357,0.9977300387407659,0.0022699612592342743,0
686,2024-07-17 00:00:00-04:00,548.7781654504558,550.4575189607175,546.6274397017427,546.9515380859375,57119000,-0.014120170733795,-0.0015667298834753,0.0013797198305414,0.0016513514520392,0.0289741164413705,0.1040351414784729,63.854624787371726,0.125444070338994,0.0073632827320834,0.005662163596928,0.0061013868093648,0.0006378579286874,0.0084774094512559,-0.0140209486827908,-0.0190369712668045,541.7474243164063,527.6471356201172,481.0195115661621,1.1370672601306877,0.0257797770267421,0.0852500099316456,0.0016983582878021,0.9970864155801998,0.0029135844197999638,0
687,2024-07-18 00:00:00-04:00,548.4934101354552,549.4853058775749,540.5583041390183,542.748291015625,56270400,-0.0077145426733163,-0.0013776401757443,0.0006348813429567,0.0016231184449197,0.0133325082020916,0.1022564620299417,57.04053593416302,-0.5321487453490414,0.007801307544734,0.0057852801766774,0.0061410478124928,0.0006827479208742,0.0094141721521937,-0.0215980615899812,-0.0215980615899812,542.0387939453125,528.3886187744141,481.65583984375,1.1268383898172885,0.0251501025371361,0.086103963299847,0.0013661639595574,0.996969940881192,0.003030059118808201,0
688,2024-07-19 00:00:00-04:00,542.5125813182824,544.1428435386215,538.0834565302354,539.1441040039062,65509100,-0.006662770459508,-0.0039677453037244,0.0001967670765747,0.0015500561799586,0.0041321086080706,0.0976535393373919,55.16346834373427,-1.2077903606703746,0.0078107043322671,0.005979104367739,0.006212537330908,0.0007403764874691,0.0093261829880735,-0.0280952604149818,-0.0280952604149818,542.2228820800781,529.0468579101563,482.27497344970703,1.1179184773935396,0.0244387800442798,0.0867521022915802,0.0012208964743448,0.9970542282879948,0.0029457717120051487,1
689,2024-07-22 00:00:00-04:00,543.0822047176163,545.3115125146927,541.1377342686712,544.70263671875,43346700,0.0102571355152024,-0.002465598646539,0.0008147362855872,0.0018520207350678,0.0171094619973322,0.1166773063092749,59.17613779061149,-1.271830198310524,0.0085848545274751,0.006323276001868,0.0061651506651388,0.0008208660007802,0.0096070603599976,-0.0180750000605148,-0.0280952604149818,542.7207885742188,529.8152899169922,482.94969665527344,1.1278661949498137,0.0236927413000391,0.0860388588240251,0.0014107367121718,0.9961358836262204,0.0038641163737795636,0
690,2024-07-23 00:00:00-04:00,544.5945249198012,546.7550807862475,543.3571728667828,543.8482055664062,34439600,-0.0015698510251006,-0.0039620398753035,0.0008038618342986,0.0016815949223904,0.0168810985202723,0.1059404801105975,54.97595302898473,-1.3555344301498398,0.0085867722105086,0.0063273646173192,0.006107813536846,0.0008903864605602,0.0093770816593905,-0.019615266717323,-0.0280952604149818,543.262890625,530.5082897949219,483.6052290344238,1.124570564822603,0.0234525014508311,0.086242926390921,0.0012742523940258,0.9953996363684126,0.004600363631587537,0
691,2024-07-24 00:00:00-04:00,539.0164184333124,539.3208563195052,530.6001104911534,531.5232543945312,74515300,-0.0229232248199854,-0.0057226506925416,-0.0001326686022286,0.0011304842251604,-0.0027860406468006,0.0712205061851116,41.185548847555616,-2.176108262420321,0.0103313208044043,0.0081510227980348,0.0067164701340561,0.0011622581496235,0.0109551799606014,-0.0418332198955932,-0.0418332198955932,543.0861175537109,530.9416717529297,484.1999137878418,1.097735128113684,0.0228483809511123,0.0879392530404569,0.0008153584145654,0.9583300744364065,0.04166992556359346,0
692,2024-07-25 00:00:00-04:00,531.6411201045629,537.6415857024604,527.8111007222136,528.7538452148438,61158300,-0.0052239466054955,-0.0052245314789774,-0.0005644517839461,0.0010551006883828,-0.0118534874628688,0.0664713433681227,35.928567040873176,-2.800749691118523,0.0102023193059024,0.0081700045144542,0.0067612798260238,0.0013709506814472,0.0118191691583837,-0.0468255807275111,-0.0468255807275111,542.7374847412109,531.3182965087891,484.75625885009765,1.0907622863273885,0.0215964164341574,0.0880599509205882,0.0007122875025266,0.8723191278792618,0.12768087212073811,1
693,2024-07-26 00:00:00-04:00,532.5544851999327,537.3764002236553,531.7786151263786,534.6757202148438,53763800,0.0111374300771629,-0.0016644913716432,-9.349236659028476e-05,0.0012922995423726,-0.0019633396983958,0.0814148711694757,41.405023431840696,-2.7087988222332435,0.0108061649480957,0.008555621765102,0.0068495368705551,0.0015739334418227,0.0125699072136005,-0.0361503302017475,-0.0468255807275111,542.6427154541016,531.7665655517578,485.3288493347168,1.1016771843416502,0.0203415818058345,0.0868521132741569,0.0008383942378916,0.5514889353127882,0.44851106468721164,1
694,2024-07-29 00:00:00-04:00,536.227341129643,537.2388372702122,532.9864775250034,534.9899291992188,39515800,0.0005874901069964,-0.0035984204532844,-0.0001405317728085,0.0011519532429614,-0.00295116722898,0.0725730543065715,41.199817229483806,-2.524216244548105,0.0107037669028803,0.0085487005422713,0.00677024631626,0.0017335234750818,0.0128811462582491,-0.0355839116897646,-0.0468255807275111,542.6692291259766,532.0942535400391,485.8920764160157,1.1010468274052818,0.0197666815929905,0.0863608352276454,0.0006125124425645,0.2581396201531159,0.7418603798468839,0
695,2024-07-30 00:00:00-04:00,536.463088435743,537.5237359172042,528.8619113563942,532.2794799804688,46853600,-0.0050792330832049,-0.0043002968649053,-0.0001946455987539,0.0010152159006275,-0.0040875575738331,0.0639586017395356,33.92673957824897,-2.478523451044991,0.0102374237045072,0.0085775209902217,0.0068082212980058,0.0018583940221592,0.0133381497506776,-0.0404699865305061,-0.0468255807275111,542.5052276611328,532.3890728759766,486.433101196289,1.0942501212837477,0.0190053443080831,0.086338048728412,0.0005538807093377,0.10838383722452818,0.8916161627754721,1
696,2024-07-31 00:00:00-04:00,539.1342609978949,543.5732159258974,537.7594053591405,540.9314575195312,65663400,0.0161238852135885,0.0035091251418094,0.0004752648939656,0.0015246124567482,0.0099805627732784,0.0960505847751413,45.5751469842166,-1.7915067879824838,0.0113639798016563,0.0092824647748641,0.0067169835141394,0.0019966658144599,0.0137732050537187,-0.0248732325002756,-0.0468255807275111,542.5936096191406,532.8420513916016,487.0303125,1.110673080578596,0.0180273454094448,0.0846904691061482,0.0008374046458716,0.012754017634086375,0.9872459823659133,0
697,2024-08-01 00:00:00-04:00,542.659905480717,544.9186439967344,529.7555512584067,533.2713623046875,76428700,-0.0142621577927127,0.001701482904366,-0.0005232875127421,0.0013498545494185,-0.0109890377675857,0.0850408366133691,37.58040364790498,-1.775450465530684,0.0119600021780914,0.0096971526426155,0.0069812951949565,0.0021216722478607,0.01505626574467,-0.0386819392814318,-0.0468255807275111,542.1786865234375,533.1298834228515,487.5997203063965,1.0936662596311415,0.0169684774773557,0.0853789765114766,0.0005397477749527,0.0006115601891199645,0.9993884398108798,0
698,2024-08-02 00:00:00-04:00,526.1416363743401,527.3593881074288,519.1198434759149,523.3427734375,82789100,-0.0187937692026521,-0.0042847569515969,-0.0016302550536545,0.0009037628952663,-0.0342353561267445,0.0569370624017811,31.39208068449979,-2.3215041393967475,0.0130755663088099,0.0104019565905571,0.0073524745061546,0.00226379995931,0.0165750409532951,-0.0565800160771315,-0.0565800160771315,541.1111877441406,533.1936956787109,488.0974223327637,1.0722096644892902,0.0151286928324714,0.0861696685897447,0.0001219320474041,1.6082046772699862e-05,0.999983917953227,0
699,2024-08-05 00:00:00-04:00,502.46405778488617,514.1899234421937,501.1186027383597,508.1011047363281,146267400,-0.029556195080027,-0.0103134939890016,-0.0033114961705764,0.0002390755055919,-0.0695414195821059,0.0150617568522947,23.36180826199491,-3.525029598335524,0.0145744229072005,0.0118954779584687,0.0081530872211637,0.0024961909580481,0.019695387375896,-0.0840558800249012,-0.0840558800249012,539.2501785278321,532.9826257324219,488.51901321411134,1.0400846046776775,0.0123352473296877,0.087509379735327,0.0004154093433797,1.3193869801744865e-08,0.99999998680613,1
700,2024-08-06 00:00:00-04:00,509.9080178114113,520.249196250666,508.5822533686704,512.7855224609375,84826300,0.0091772200303236,-0.0074622033662959,-0.002929403300096,0.000221670101348,-0.061517469302016,0.0139652163849249,29.766191536136503,-3.797884301306728,0.0153891864716991,0.0121717211614303,0.0081324637931923,0.0026400653125852,0.0200790762218737,-0.0756113700044208,-0.0840558800249012,537.5968734741211,532.9410131835938,488.99226089477537,1.0486577466944451,0.0090795470749313,0.0857059147807089,8.115000717722875e-05,1.1678197227500277e-09,0.9999999988321804,0
701,2024-08-07 00:00:00-04:00,518.9920606530759,522.056159772471,508.75895621515167,509.3580017089844,70698300,-0.0067065603172159,-0.0120282924724568,-0.0032950511660166,9.771046854366936e-05,-0.06919607448635,0.0061557595182512,30.04221998388249,-3.982137926176476,0.0142024949165474,0.0121639916811132,0.0081782044472512,0.0027077818817779,0.020827034871627,-0.0817900959500636,-0.0840558800249012,535.5021240234375,532.762719116211,489.46674026489256,1.040638637537102,0.0053781522976676,0.0850010772502893,0.0003500368439969,2.6687591721478174e-10,0.9999999997331237,1
702,2024-08-08 00:00:00-04:00,514.5139453969072,521.7615940845507,512.481122418652,521.1331176757812,63276600,0.0228544007336579,-0.0046049807671826,-0.0026756351809363,0.0004589458782333,-0.0561883387996633,0.0289135903286994,40.19257766386251,-3.1219263752032687,0.0165690358864862,0.0131572903794445,0.0086662059181791,0.0028164009079768,0.0212260054384882,-0.0605633201543105,-0.0840558800249012,534.2337921142578,532.8126824951172,490.0255599975586,1.0634815001861897,0.0027269608684219,0.0821040172775552,9.587450348398616e-05,1.0711798423318645e-12,0.9999999999989289,1
703,2024-08-09 00:00:00-04:00,520.3080694804698,524.9237888690128,519.0804877250338,523.4310302734375,45619600,0.0043997610085753,3.372527506281513e-05,-0.0020537422180531,0.0004375860264132,-0.0431285865791167,0.0275679196640335,37.990641001784965,-2.249855474432441,0.0161314381596555,0.0131689269659868,0.0086546166120656,0.0029035529001467,0.0210885928142156,-0.056420917171085,-0.0840558800249012,532.9080017089843,532.9812396240235,490.599416809082,1.0669214278278116,-0.0001399189402296,0.0809692592982144,0.0003220235697876,1.4743135590994406e-12,0.9999999999985256,1
704,2024-08-12 00:00:00-04:00,524.6292597384992,526.1219586169184,521.4277164507776,523.7061157226562,42542100,0.0005254048270538,0.0060500452564789,-0.0023281398539264,0.0004254914597817,-0.0488909369324558,0.0268059619662507,38.55345545459717,-1.540030987804645,0.0161302898904366,0.0130458863133707,0.008653942301345,0.0029253210541094,0.0212543234324013,-0.055925025905835,-0.0840558800249012,531.5203430175782,533.2236267089844,491.159243927002,1.066265416355457,-0.0032523654780236,0.0803205872895684,0.0004628303502364,7.432277617207095e-13,0.9999999999992575,1
705,2024-08-13 00:00:00-04:00,526.9075954015528,532.5544716398305,526.6620790433668,532.3187255859375,52333100,0.0163117390626643,0.0074769490629471,-0.0016821714332888,0.0006822770498765,-0.0353256000990669,0.042983454142225,50.4719724486581,-0.4335182105789981,0.0170860320932653,0.0136323774953035,0.0088821662286551,0.0029115520129818,0.0203200668405375,-0.0403992392299612,-0.0840558800249012,530.3998107910156,533.5450720214844,491.791681060791,1.0824069338418454,-0.0059086052759213,0.0784368254465111,0.0006038587354713,7.856075548306961e-14,0.9999999999999218,1
706,2024-08-14 00:00:00-04:00,533.1142249967176,535.1864287265759,530.4332054014179,533.9981079101562,42446900,0.0031498775223189,0.0094482366308541,-0.0018137179854985,0.0006596120557001,-0.0380880776954696,0.0415555595091125,53.1523235370947,0.42215156529064,0.0161956554924733,0.0135686086107714,0.0088738835512084,0.0028297529264651,0.019577017938316,-0.0373718489119329,-0.0840558800249012,529.7521392822266,533.8916882324219,492.456813659668,1.0843552025238037,-0.0077519917933711,0.0775936730092782,0.0006490963278764,1.6308065464711113e-13,0.9999999999998366,1
707,2024-08-15 00:00:00-04:00,539.644898487546,543.4356562731828,539.036022778579,543.15087890625,60846800,0.0169948473288125,0.008276325949885,-0.0003320504587076,0.0007340255092944,-0.0069730596328621,0.0462436070855482,54.90393573536964,1.551714220999128,0.0164284772542525,0.0138534364522377,0.008991998460783,0.0028058899627213,0.0193542986983065,-0.0208723241181398,-0.0840558800249012,529.7722686767578,534.4098083496094,493.17679718017575,1.1013309669307432,-0.0085382162727791,0.0759144701237805,0.00095391563801,5.021105681563008e-13,0.9999999999994973,1
708,2024-08-16 00:00:00-04:00,541.530469041351,545.0659403343901,541.3733649561221,544.36865234375,44430700,0.0022395440477001,0.0078442825577099,0.0001419536708645,0.0008022657636482,0.0029810270881544,0.0505427431098399,55.37060272967163,2.2838044095001675,0.0147550481035164,0.0137581751324776,0.008986767301586,0.002728805461771,0.0192375510710851,-0.0186770672900351,-0.0840558800249012,530.03349609375,534.8293347167969,493.8790087890625,1.10223079470108,-0.0088099096125366,0.0752253564774991,0.0007706659179973,7.173057272113893e-12,0.9999999999928271,1
709,2024-08-19 00:00:00-04:00,544.7811244137845,549.5736083984375,543.926732304356,549.5736083984375,39121800,0.0095160330106386,0.0096424081944269,0.0009123728837286,0.0009305110867908,0.0191598305583009,0.0586221984678209,59.62818861731156,2.9776366061020134,0.0089188564148952,0.0138109599439392,0.0090533672231048,0.002613262706502,0.0186634986329533,-0.0092941928019077,-0.0840558800249012,530.2770446777344,535.353154296875,494.5945614624024,1.1111598291203906,-0.0092364508440159,0.0741640286425889,0.0009531381639751,3.7312448543698614e-11,0.9999999999626876,0
710,2024-08-20 00:00:00-04:00,549.1219341274782,550.7816271772597,547.3345677707505,548.6799926757812,33732300,-0.0016273398402534,0.0060545924138433,0.0003464454858497,0.0008863999810608,0.0072753552028449,0.0558431988068319,54.72175028192441,3.2151343647189634,0.0093821169527945,0.0136514689563625,0.0090590406728722,0.0024606409664284,0.0176723946979129,-0.0109050967323549,-0.0840558800249012,530.5186340332032,535.8718273925781,495.28397186279295,1.107808901249444,-0.009756494552077,0.0739736386811698,0.0009453107505773,1.7034722100935829e-10,0.9999999998296527,1
711,2024-08-21 00:00:00-04:00,549.7307591225532,552.028758554174,544.7811112258051,550.5654907226562,41514600,0.0034305347158303,0.0061107238525456,0.0005845590925607,0.0009019766600247,0.012275740943776,0.0568245295815609,61.336410286776,3.3241891200040867,0.0082432537556919,0.0136599795891272,0.0090626141728491,0.0022424452411594,0.0165849487289422,-0.0075061455528334,-0.0840558800249012,531.4707458496093,536.3959069824218,495.9434461975098,1.110137647636931,-0.0089456408289372,0.0734743849125293,0.0009518932782289,1.6693768447133403e-09,0.9999999983306225,0
712,2024-08-22 00:00:00-04:00,552.4707057383962,553.0795814875313,545.0266332673548,546.244384765625,56121500,-0.0078794482255368,0.0011358647416757,0.0013009294065821,0.0008226716155484,0.0273195175382245,0.0518283117795538,66.20333584373769,2.943353991489284,0.0077104039240286,0.0127282116731815,0.009117963389542,0.0021124181806691,0.0159186775951259,-0.0152957204154704,-0.0840558800249012,532.3452728271484,536.8083093261719,496.5622166442871,1.100052252177148,-0.0081704025221941,0.0736778149200618,0.0007549777265481,3.91967804254594e-06,0.9999960803219575,1
713,2024-08-23 00:00:00-04:00,549.4950549410031,552.9912051950074,547.2951782034337,552.0484008789062,50639400,0.0105692584331279,0.0028018076187613,0.0020529867893737,0.0011068057365714,0.0431127225768483,0.0697287614040027,85.88601819239321,2.914882518559894,0.0079269549208914,0.0127898357445871,0.0091386579117427,0.0019514714626697,0.0137487278613245,-0.0048329318451534,-0.0840558800249012,533.2139068603516,537.2504516601563,497.2051475524903,1.1103030682533837,-0.0073119400280449,0.0725394803135207,0.0008009122629111,6.756815094107895e-06,0.9999932431849062,0
714,2024-08-26 00:00:00-04:00,553.0795725146759,553.7964610598141,549.0236377073744,550.732421875,35788600,-0.0023866567162195,0.0004212696733897,0.0014089826563555,0.0009642461438027,0.0295886357834659,0.060747507059575,82.79010329809194,2.6477332185389755,0.0081724718717801,0.0126492523974498,0.0091217060326245,0.001787147458025,0.0128250273285337,-0.0072052219649793,-0.0840558800249012,534.0010314941406,537.6449340820312,497.83547286987306,1.1062538768083194,-0.0066164664420603,0.072284578918787,0.0007162869048673,2.2343871597641554e-05,0.9999776561284027,1
715,2024-08-27 00:00:00-04:00,549.4557040657708,551.9796190748511,548.3067044502897,551.4885864257812,32693900,0.0013720744999696,0.0010211525414343,0.0014463438179256,0.000974934628596,0.0303732201764391,0.0614208816015493,88.16730263401622,2.371194329373885,0.0071875048949005,0.0126478633047383,0.0091217843741676,0.0015802078264021,0.0115609086184266,-0.0058420986267981,-0.0840558800249012,534.9614868164062,538.048076171875,498.4680235290528,1.1063670293660035,-0.0055968327023285,0.0717694864717728,0.0007310071319091,6.35891081410713e-05,0.9999364108918588,0
716,2024-08-28 00:00:00-04:00,551.1449533002178,551.5770644805714,545.085566530633,548.287109375,41066000,-0.0058220710027362,-0.000829368602279,0.0014109705836622,0.0009940636277466,0.0296303822569078,0.0626260085480384,79.12371775149091,1.845294980409363,0.0077771063982321,0.012668049074423,0.0091059826287297,0.0013160342502528,0.010858210216882,-0.0116133399261455,-0.0840558800249012,535.3292694091797,538.3026159667969,499.1011386108398,1.098549105500061,-0.0054229736697741,0.0714980831860945,0.0004642454483602,0.00045458861968207135,0.9995454113803175,1
717,2024-08-29 00:00:00-04:00,550.2610513664456,553.5706069059922,547.187181927915,548.336181640625,38715200,8.949703341114452e-05,0.0007644204495105,0.0006474282893681,0.001101132957785,0.0135959940767303,0.0693713763404587,78.06561661737396,1.3939065020097807,0.0059276911659819,0.0122119262381854,0.0090540915184746,0.001082353172058,0.0109275972793485,-0.0115248782937379,-0.0840558800249012,536.0825103759765,538.5309216308593,499.701598815918,1.0973272507831684,-0.0044651645046604,0.0708129868409627,0.0004163607504055,0.0017183534845849598,0.9982816465154152,1
718,2024-08-30 00:00:00-04:00,550.7128337345928,554.0813108649274,547.1479315360851,553.5706176757812,62700100,0.0095007588880569,0.0005507205404963,0.0017789957503571,0.0011080165214936,0.0373589107575,0.0698050408541025,80.2708227130774,1.3406233306264397,0.0065184836496246,0.0118571059099473,0.0090604081383401,0.0008593853255053,0.0111131897882484,-0.0020888608100224,-0.0840558800249012,537.5939025878906,538.8930871582031,500.33027221679686,1.1064104021191723,-0.0023469175003674,0.0696619612928805,0.0006542354593608,0.0038516499530933624,0.9961483500469062,0
719,2024-09-03 00:00:00-04:00,550.4181945160806,550.7521231432277,539.6547955357257,542.1787109375,60600100,-0.0207936558180617,-0.003130679279872,0.0016837630543852,0.0007650242876458,0.0353590241420904,0.0481965301216868,59.46107714292408,0.4755481396064596,0.0090307084835979,0.0120372644268073,0.0094713723887538,0.0006843544058797,0.0120142991177732,-0.0226248326765827,-0.0840558800249012,539.2977828979492,539.0417712402344,500.8604843139648,1.0824944828301424,0.0004721905389315,0.0704219589519643,0.0002742344526479,0.038859478838374546,0.9611405211616258,0
720,2024-09-04 00:00:00-04:00,540.3324815937721,544.4865997200234,539.6057626718821,541.0690307617188,47224900,-0.002048802912261,-0.0038148547623181,0.0029936388718979,0.0007147692781688,0.0628664163098566,0.0450304645246356,56.8598517774625,-0.1978900836555683,0.0090331054131823,0.0097464878142584,0.0094778705979275,0.0009520794634133,0.0120557860523565,-0.0246252318541976,-0.0840558800249012,540.7119583129883,539.2030285644531,501.3805314636231,1.0791584371699428,0.0027887934122026,0.0699032747218657,0.000298034659259,0.7320216198792023,0.26797838012079767,0
721,2024-09-05 00:00:00-04:00,541.0100633006934,543.8678474559043,537.2879967926923,539.7529907226562,44264300,-0.002435258836883,-0.0031374923291475,0.0024406636877452,0.0004885756651272,0.0512539374426498,0.0307802669030166,46.11240920156032,-0.728629596535384,0.0088738493710534,0.0097074593381051,0.0093782070099833,0.0011629913185743,0.0117070054613066,-0.0269976320009295,-0.0840558800249012,542.2317077636719,539.2969140625,501.8913256835938,1.0754379745206666,0.0054372903005921,0.0693013082314286,0.0001739415985842,0.8370194885164576,0.16298051148354262,0
722,2024-09-06 00:00:00-04:00,540.0770882862281,541.7072905965744,529.7654008260863,530.6688842773438,68493800,-0.0169733536780259,-0.0065500624714349,0.0019517687658019,0.0002194516683927,0.04098714408184,0.0138254551087451,36.71680725679407,-1.6361852362006286,0.009946365527112,0.010423311172948,0.0096328122030507,0.001260395900475,0.0130177746559524,-0.0433733765254955,-0.0840558800249012,542.70849609375,539.19576171875,502.35397811889646,1.056364450948462,0.0066194466626465,0.0694251814858601,0.0001906129165417,0.7244013923557967,0.2755986076442032,1
723,2024-09-09 00:00:00-04:00,534.8819058967794,537.8870234085998,532.947206027845,536.6102905273438,40445800,0.0111338584435048,-0.0062234425603453,0.001393647704366,0.0004154886074801,0.0292666017916867,0.0261757822712505,37.607837966199,-1.7697240427005547,0.0100325025183844,0.0095230183826458,0.0097283155769334,0.001420570890878,0.0130827923922833,-0.0326629173898185,-0.0840558800249012,543.3674591064453,539.1965454101562,502.8294741821289,1.0671814562982025,0.0077727053877222,0.0677718483413506,1.4604479639604878e-06,0.883044353240789,0.11695564675921079,1
724,2024-09-10 00:00:00-04:00,538.5254119078065,539.3012819984793,533.6347450012723,538.9476928710938,36394600,0.004346406348205,-0.001195430127092,0.0013911070062531,0.0004355106041389,0.0292132471313165,0.0274371680607546,40.94640999668413,-1.637089319086234,0.0102887017871211,0.0095221833451608,0.0097351940052051,0.0015439334707445,0.0133202075732243,-0.0284493269984241,-0.0840558800249012,544.1295379638672,539.2863061523437,503.32146865844726,1.0707822463993133,0.0089864598653766,0.0667315918958736,0.0001665481518426,0.828118633133483,0.1718813668665166,1
725,2024-09-11 00:00:00-04:00,538.8593596356329,545.3998895864479,530.276116631913,544.4767456054688,75248600,0.0102067122319395,0.001255672901748,0.001852121644581,0.0005593427995226,0.0388945545362024,0.0352385963699271,44.695461487087215,-1.1371601854551652,0.0109819314904317,0.009710668730776,0.0098099837641726,0.0016284474669563,0.0142181931634447,-0.0184822096395452,-0.0840558800249012,544.7374389648437,539.4646508789062,503.83260391235353,1.0806699315953472,0.009684138263929,0.0654427342474088,0.0003275525134947,0.6663528112217861,0.333647188778214,1
726,2024-09-12 00:00:00-04:00,545.0561445387712,549.367426167289,542.8268368290717,549.06298828125,51819600,0.0083879340152349,0.0034203114721716,0.0014747975947034,0.0005626500291823,0.0309707494887731,0.035446951838487,52.44428636153843,-0.4908012598560103,0.0112450476133935,0.0092644163583939,0.009812628966572,0.001700656176302,0.0139026852483572,-0.010214677897333,-0.0840558800249012,545.4906829833984,539.6626342773437,504.3653094482422,1.0886216359366696,0.010614535728038,0.0642864763833269,0.0003605841272551,0.7428079709992441,0.2571920290007562,1
727,2024-09-13 00:00:00-04:00,549.6718037364791,552.9322678030146,549.4164571619145,551.9305419921875,39310500,0.0052090409546094,0.0078567903986987,0.0015728529962411,0.000613405637451,0.0330299129210635,0.0386445551594155,49.89230832722653,0.104889740379408,0.0113583893731785,0.0092938823369017,0.0098285005874252,0.001745525059915,0.0134580544220787,-0.0050453938005999,-0.0840558800249012,545.9296661376953,539.8698486328125,504.916337890625,1.0931128596431885,0.0109793117862439,0.0633295461708336,0.0003754355660783,0.6615462078732633,0.3384537921267364,1
728,2024-09-16 00:00:00-04:00,551.6654196124157,553.0108444429941,549.8584528057411,552.7457275390625,36656100,0.0014758816086318,0.0059251950317241,0.0008338546286134,0.0006271746668157,0.017510947200883,0.0395120040093911,51.85661731597053,0.5063795535729256,0.0109396189003661,0.0085971739012455,0.0098291011070958,0.0017960947997407,0.013228806274777,-0.0035758744443366,-0.0840558800249012,546.348519897461,540.030908203125,505.46925537109377,1.0935298668823297,0.0114295079628444,0.0625272184118126,0.00029138094116,0.8478843821626117,0.1521156178373882,1
729,2024-09-17 00:00:00-04:00,554.9651804135709,556.4186780878246,550.73248057987,552.9716186523438,49321000,0.0004085874517605,0.0051376312524352,0.000746666219283,0.000507833744368,0.015679990604943,0.0319935258951889,51.38112063007021,0.7263395301075084,0.0082073015005077,0.0085914877436936,0.0097845815862173,0.0018165522434584,0.0134834624736046,-0.0031686648653061,-0.0840558800249012,546.5184204101563,540.1839147949219,506.0248571777344,1.092775603428746,0.0114553901168967,0.061773618147776,0.0002766988153383,0.8336413867713949,0.16635861322860487,0
730,2024-09-18 00:00:00-04:00,553.6296037419249,558.4908400284567,550.7718194675883,551.3316040039062,59044900,-0.002970227416725,0.0025022433227023,0.0001520823894085,0.0004204074499039,0.0031937301775795,0.0264856693439512,52.92021099096673,0.7002562350757664,0.0082624342473267,0.0083838016699917,0.0097907573196332,0.0018118044831845,0.0136826044449083,-0.0061250878289776,-0.0840558800249012,546.6510009765625,540.2935144042968,506.56356048583984,1.0883759650519076,0.0115311484523942,0.0611790684109195,0.0001987907251807,0.8643391737072563,0.13566082629274342,1
731,2024-09-19 00:00:00-04:00,560.769175792154,562.6056333019461,557.8917313519955,560.7396850585938,75315500,0.0169203280496931,0.0042087221295939,0.0010353046698821,0.0007321621471064,0.0217413980675259,0.0461262152677032,60.086281259833456,1.2247927453029286,0.0093367663005632,0.0091306862128651,0.0099996083884832,0.0017402398155216,0.0140760166363735,0.0,-0.0840558800249012,547.1597106933593,540.4832482910156,507.1361828613281,1.105698437636273,0.0119065273606345,0.059469779504197,0.000338363578991,0.5391891510215658,0.4608108489784348,0
732,2024-09-20 00:00:00-04:00,559.3665303523799,560.8145656669737,556.7363296850394,559.7703857421875,77503100,-0.0017301041435423,0.0028208931099636,0.000789559962293,0.0007259936297174,0.0165807592081533,0.0457375986722015,55.41730709539926,1.4018982893194396,0.0063241024070562,0.0091324442883628,0.0100010279683472,0.0016352339227003,0.0137360648596503,-0.001728608376104,-0.0840558800249012,547.8360107421875,540.7486608886719,507.7156707763672,1.1025272962054165,0.0126611732846827,0.059011678634101,0.0004741454789617,0.6443260568300473,0.35567394316995254,1
733,2024-09-23 00:00:00-04:00,560.8440961059636,561.8193132907071,559.6225494017445,561.1691284179688,44116900,0.0024956625832131,0.0030248493048798,0.0012836128579477,0.0008172912207671,0.0269558700169032,0.0514893469083271,70.10474350441655,1.4998843672883644,0.0060276036135028,0.0089181388284093,0.0099903375885844,0.0015869494703645,0.0122101633691419,0.0,-0.0840558800249012,548.2920471191406,540.9731066894532,508.3025895690918,1.1040060387921573,0.013042307673483,0.058218664331135,0.0003999610623877,0.8162260193186353,0.183773980681365,1
734,2024-09-24 00:00:00-04:00,561.9671313798626,562.8340046033333,559.1301026711176,562.77490234375,46805700,0.0028573932053316,0.0035146104555941,0.0009163811804336,0.0008016387286204,0.0192440047891066,0.0505032399030861,72.74066628043938,1.5529370154598872,0.0060494858671562,0.0086720399355781,0.0099862914412919,0.0015200381920321,0.0120259448556108,0.0,-0.0840558800249012,548.8941711425781,541.1994189453125,508.906478881836,1.1058513217993868,0.0136728773177692,0.0573816279457174,0.000402136369118,0.8799834534152816,0.12001654658471864,0
735,2024-09-25 00:00:00-04:00,562.6173129912877,563.3561212938423,560.4205487537844,561.53369140625,38428600,-0.002207955091064,0.0036670649207263,0.0009248907816315,0.0007467936904655,0.0194227064142622,0.0470480024993322,72.85489761072478,1.3898177723729743,0.0059820742439406,0.0086687237526534,0.0099932901623347,0.0014357722869923,0.0115889651165639,-0.0022055193512198,-0.0840558800249012,549.3964263916016,541.3355053710937,509.487299041748,1.1021544451890983,0.0143551867748502,0.0567164656667139,0.0002423477484324,0.9192652236370087,0.08073477636299164,1
736,2024-09-26 00:00:00-04:00,565.8089271560161,566.1340196278296,561.3957983542562,563.7599487304688,48336000,0.0039567631937678,0.0010743519495412,0.0010479711956219,0.0007845944135796,0.0220073951080605,0.0494294480555196,90.56061453934984,1.3178752040455564,0.0057032074743544,0.008693703418243,0.01000097577866,0.0013170616917065,0.010630493750396,0.0,-0.0840558800249012,550.170068359375,541.6716735839843,510.0696771240234,1.1052606614632976,0.0150744918906144,0.0560557672305836,0.000596296728151,0.9202009251051807,0.07979907489481895,0
737,2024-09-27 00:00:00-04:00,564.8336530019919,565.6512241110523,561.9079412989483,562.9422607421875,42100900,-0.0014514716044103,0.0011300784573676,0.0012560949764946,0.0008241399871343,0.0263779945063866,0.0519208191894611,86.91218721712005,1.1095905745815848,0.005758699507034,0.0085724841537309,0.0099868969244078,0.001156878720204,0.0102050298752348,-0.0014504187289689,-0.0840558800249012,550.9003723144531,542.0755529785156,510.6392681884765,1.1024264991199344,0.0156762423988257,0.0558428225811173,0.0007174437285962,0.9556476223628129,0.044352377637186705,1
738,2024-09-30 00:00:00-04:00,561.9079952356186,565.8089245059994,559.6029471264981,565.1981811523438,63557400,0.0039993662727095,0.0014308191952669,0.001442279225985,0.0008549908031062,0.0302878637456848,0.0538644205956935,86.88222057572514,1.020389533144484,0.0057895813562723,0.0085883244055323,0.0099937625962834,0.0010004620632078,0.0102324710829625,0.0,-0.0840558800249012,551.4817504882812,542.5966345214844,511.2098846435547,1.1056088665938704,0.0157203548473592,0.0555322910168206,0.0009219448334146,0.9430244895099577,0.056975510490042486,0
739,2024-10-01 00:00:00-04:00,564.8435880512217,565.4937128909536,557.5539888818164,560.1348876953125,72668800,-0.0089988071359916,-0.0009404208729977,0.0005613475105541,0.0006056852493896,0.0117882977216363,0.0381581707115506,72.29161054872486,0.5410830395045441,0.0067950241691438,0.0086688138099027,0.0100412042365489,0.0008342902121461,0.0094088545586335,-0.0089584390500125,-0.0840558800249012,552.3795593261718,542.9052795410156,511.7240826416016,1.0946033354611855,0.0169142826009969,0.0556673001171374,0.0005510190961344,0.9575761820941044,0.042423817905895826,1
740,2024-10-02 00:00:00-04:00,559.2385345053339,561.3958572731079,556.8349422897517,560.371337890625,38097800,0.0004220417404617,-0.0004144215066925,0.0015716188228647,0.0005417089411985,0.0330039952801598,0.0341276632955057,68.3747952030911,0.179376065463658,0.0066418200026431,0.00716071325265,0.0100291317784897,0.0006781323682486,0.0091525423120075,-0.0085400898705612,-0.0840558800249012,553.3446746826172,543.2357421875,512.2321249389648,1.0939792929961123,0.0180397029819006,0.055326914765556,0.0005897208228535,0.993248506315502,0.006751493684498048,0
741,2024-10-03 00:00:00-04:00,558.8937053770586,561.297297524576,557.0516147695683,559.3468627929688,40846500,-0.0018298807376693,-0.00157175029298,0.0015820436883215,0.0004213954632143,0.0332229174547514,0.026547914182502,62.81845974668802,-0.1705386714852457,0.003942723662358,0.0071553362926541,0.0100110935154174,0.0007653652859231,0.0092173723831542,-0.0103526843406416,-0.0840558800249012,554.3243682861328,543.7922143554688,512.7388215637206,1.0909001606063409,0.0188293787473377,0.0555172377953283,0.0009948606222445,0.9948864219461699,0.0051135780538299185,1
742,2024-10-04 00:00:00-04:00,563.8092058002762,564.804143911743,559.6226255139783,564.4298095703125,42939100,0.009046248361822,0.0005277937002664,0.002128782126355,0.0005466808380014,0.0447044246534566,0.0344408927940904,67.59860558501444,-0.10456906582076,0.0048590595858345,0.0072707461781315,0.0100696182792612,0.0008159186602689,0.0094260494369139,-0.0013594728497969,-0.0840558800249012,556.0124145507813,544.5057336425781,513.2580514526367,1.0996998643720213,0.0203863805793017,0.0553615022809117,0.0012641417497996,0.9909480913228544,0.009051908677145705,0
743,2024-10-07 00:00:00-04:00,562.7749206488743,563.4251056498125,558.1746242759516,559.3271484375,49964700,-0.0090814942963354,-0.0020883784135425,0.0025045849540546,0.0003871008512799,0.0525962840351469,0.0243873536306368,58.34654568481128,-0.4311728142991153,0.0057206229008847,0.0063839169866507,0.0101421697432026,0.0008777744229458,0.0095847042082564,-0.0103875647704203,-0.0840558800249012,557.1482574462891,544.9987622070313,513.7377641296387,1.0887405744545522,0.0217216261953274,0.0558903642791545,0.0008814672519123,0.994933961904885,0.005066038095114698,1
744,2024-10-08 00:00:00-04:00,561.9079798048728,565.2178864241666,561.0313063853904,564.616943359375,37398700,0.0094129841842264,0.001593979850501,0.0024226385607556,0.0003802170280617,0.0508754097758686,0.023953672767892,65.92103665538787,-0.3225078307632651,0.006454820977472,0.006277772381099,0.0101357908407502,0.0009806507311385,0.009263614424778,-0.0010283787392657,-0.0840558800249012,558.4317199707032,545.5913024902344,514.2760319519043,1.097886948408629,0.0227418210372336,0.0554628600976965,0.0010494553700028,0.9975065661123094,0.0024934338876902015,1
745,2024-10-09 00:00:00-04:00,564.6071813915806,569.0893336080857,564.006298346405,568.52783203125,37912200,0.0069027440898878,0.0028901203203863,0.0025443689294072,0.0006272445725357,0.0534317475175514,0.0395164080697513,60.74956572431792,-0.0339847514705251,0.0066957728933146,0.0063414028435915,0.0101014989625009,0.0010442283462445,0.0084220675426403,0.0,-0.0840558800249012,559.6342742919921,546.31626953125,514.8121897888184,1.104340268757945,0.0234254226625269,0.055413434430946,0.0012751654363611,0.9975718912594231,0.0024281087405765987,0
746,2024-10-10 00:00:00-04:00,567.1781623643931,568.9611504574567,565.9172341469683,567.5327758789062,44138100,-0.0017517664108321,0.0029057431857537,0.0019749175654657,0.0004996331187067,0.0414732688747797,0.0314768864785262,60.70640250934861,0.0391365618571981,0.0066815413331686,0.0061530614432826,0.0100795943801375,0.0010850337314138,0.008306656505266,-0.0017502329635975,-0.0840558800249012,560.557763671875,546.8482958984375,515.3387370300293,1.101281031481698,0.0241562573231236,0.0555202451869165,0.0009374372543746,0.998956160071724,0.001043839928275747,1
747,2024-10-11 00:00:00-04:00,567.4539823983677,571.6701437051296,567.3160570940822,570.9313354492188,42268000,0.0059704467307789,0.0022905828595451,0.0018597991233487,0.0005508084282544,0.0390557815903235,0.0347009309800296,62.76072914805075,0.2537161722231129,0.0068306266358131,0.0060488117777463,0.0100993505512121,0.0011368745732808,0.0085271100088149,0.0,-0.0840558800249012,561.5078033447265,547.6014953613281,515.8725184631347,1.1067295019903616,0.0243572337336444,0.0555740680676223,0.0013192470199555,0.9992686688438964,0.0007313311561033913,1
748,2024-10-14 00:00:00-04:00,572.54680911459,576.5364217400751,572.0641306807273,575.6005859375,36217200,0.0081450437009277,0.0057358904589977,0.0019996087779353,0.0005862479295593,0.0419917843366417,0.0369336195622356,65.52202997210799,0.6262247402598451,0.0071247705945567,0.0061629492756226,0.010122359279355,0.0011553548502238,0.008693863956835,0.0,-0.0710308512625576,562.6505462646485,548.6466516113281,516.4254496765137,1.1145860187526646,0.0243291876267146,0.0559784036396256,0.0018157664803236,0.9987893217974549,0.0012106782025448654,0
749,2024-10-15 00:00:00-04:00,575.8666396343095,576.1720113378304,569.9068710302905,571.12841796875,54203600,-0.007799908482043,0.0022933119257438,0.0015579044879032,0.0006865695526029,0.0327159942459669,0.0432538818139877,60.76960177136656,0.4933813419318209,0.0069298429804498,0.006524177984935,0.0100048928095306,0.0011713152818744,0.0091783551506061,-0.007769568131113,-0.0671954375012886,563.5583862304687,549.9071978759765,516.9551417541504,1.1047929923489626,0.0239021346600882,0.0576964043201035,0.0022071152913938,0.9981924651798476,0.00180753482015257,1
750,2024-10-16 00:00:00-04:00,571.1284236895626,574.1328988912752,570.320652695686,573.6107788085938,30725400,0.0043369961259916,0.0017801623329646,0.0017449715676284,0.0008778638192586,0.036644402920198,0.0553054206132956,60.99385854490564,0.4934542574725222,0.0069448995912913,0.0065458594253424,0.0099567695445561,0.0011776790479293,0.0090233283106579,-0.003456923390141,-0.0671954375012886,564.6723449707031,551.1237030029297,517.5039791870117,1.1084181028128994,0.0236199221986628,0.0586106904855363,0.0021207849850379,0.9980262682954898,0.0019737317045102638,1
751,2024-10-17 00:00:00-04:00,577.1667859347198,577.3736738739761,573.472744961771,573.659912109375,34393700,8.565249892688658e-05,0.0021476461149164,0.00189048965885,0.0009849816439957,0.0397002828358498,0.0620538435717304,62.17003310064926,0.4204251420280229,0.0068429244676502,0.0064693162885434,0.0099105301300158,0.0011874655005108,0.0090421845869799,-0.0033715633297422,-0.0671954375012886,565.3183563232421,552.4097412109375,518.0660415649414,1.1073103930466068,0.0225022087822715,0.0598677002193034,0.0022418129293346,0.9980172804476268,0.0019827195523729603,1
752,2024-10-18 00:00:00-04:00,575.3543175241635,576.6546272535265,573.8865614270069,575.8665771484375,37416800,0.0038392638537577,0.0017214095395121,0.0012675818399959,0.0008831106652426,0.0266192186399146,0.0556359719102857,62.12766902247897,0.4421357978978903,0.0064802051234662,0.0055081505356406,0.0098464615857079,0.0012020507591178,0.0086092215423229,0.0,-0.0657299232841051,566.1231658935546,553.5044104003906,518.6579716491699,1.1103012170378144,0.0219126373953655,0.0605113061497204,0.0019009076631495,0.9994559431769058,0.0005440568230943454,0
753,2024-10-21 00:00:00-04:00,575.1375866701346,576.1226643625554,571.936084169767,574.9208984375,36439000,-0.0016435335696167,-0.0002363059145967,0.0012717042482781,0.0008819411010439,0.0267057892138403,0.0555622893657695,68.54459662627877,0.3199064679637562,0.0054036183560706,0.0055058267374595,0.0098467620197034,0.0011905144177751,0.0081570895284338,-0.001642183707935,-0.0606922602241481,566.8107543945313,554.5342077636719,519.2525411987305,1.1072086370733116,0.0213534534302442,0.061367862363029,0.0017911983475988,0.9991788308244789,0.0008211691755209743,0
754,2024-10-22 00:00:00-04:00,572.379393899403,575.7779240387921,571.7194086656112,574.6155395507812,34183800,-0.0005312731007213,0.0012174211616676,0.001127564453805,0.0012373689061116,0.0236788535299057,0.0779542410850336,67.8342337936252,0.1540003906851055,0.0049359256733164,0.0055118005800576,0.0093660275847266,0.0011704026839692,0.0080989726757467,-0.0021724434917739,-0.0606922602241481,567.4027862548828,555.5523962402344,519.8424609375,1.1053647647683529,0.0206231631395014,0.0621457876524735,0.001771947339535,0.9992020284344738,0.0007979715655260173,0
755,2024-10-23 00:00:00-04:00,572.5862745943635,573.0295715850681,565.8483166590198,569.3650512695312,49314600,-0.0091793955091168,-0.001485857165354,0.0005543840388313,0.0011745840028795,0.0116420648154573,0.0739987921814124,61.34279798876072,-0.3465219582287719,0.0056419092947656,0.005932709234843,0.0094231230258788,0.0011258914199976,0.0087408995255498,-0.0112899864949626,-0.0606922602241481,567.7943542480468,556.2933227539063,520.3735342407226,1.0941468268563892,0.0201997496483079,0.0630874487871923,0.0013013206764619,0.9987795251058522,0.0012204748941476715,1
756,2024-10-24 00:00:00-04:00,571.3253834738008,571.4042065299044,567.966294746531,570.596435546875,34979900,0.0021603971195919,-0.001070908241221,0.0007624008107673,0.0010320914162514,0.0160104170261134,0.0650217592238414,57.64910739972442,-0.6160893375147634,0.0056312325696074,0.0059075411438487,0.0093375237735392,0.0010641315640692,0.0084692468067392,-0.0091516712563161,-0.0606922602241481,568.1361785888672,557.0252893066406,520.9142776489258,1.0953749206533228,0.019472412707201,0.0632864304928667,0.0012828095430227,0.9988982533673584,0.001101746632641482,0
757,2024-10-25 00:00:00-04:00,572.832526139626,575.7385172942365,569.4537169426869,570.3993530273438,47268200,-0.0003454570533297,-0.0019078524226385,0.0005575331799531,0.0010172827311669,0.0117081967790156,0.0640888120635153,65.63699774332522,-0.8165246703134805,0.0052986543096405,0.0058656749810621,0.00933897993624,0.0009790809153742,0.0084758816349641,-0.0094939076828633,-0.0606922602241481,568.509033203125,557.5702587890624,521.4409588623047,1.0938905801950387,0.0191773962505496,0.0633403592325354,0.000955417427333,0.99905820000928,0.0009417999907198828,1
758,2024-10-28 00:00:00-04:00,573.8866057690544,574.0146706850179,571.8573480325817,572.1627197265625,30174700,0.0030866911152263,-0.0009618074856699,0.0007736361666025,0.0011469005755864,0.0162463594986523,0.0722547362619467,61.835605422378805,-0.8361499102719874,0.0046231996575287,0.0058715529836216,0.0093096224620805,0.0008790071837242,0.0081656969535751,-0.0064317978657759,-0.0606922602241481,568.8572601318359,558.1261401367187,521.9774813842773,1.0961444509238112,0.0187553638591581,0.0631789830167839,0.0009715441577912,0.9990954653527581,0.0009045346472418687,1
759,2024-10-29 00:00:00-04:00,571.1972307374274,574.2115658329249,569.7984373596124,573.088623046875,42899700,0.0016169437877313,-0.0005321641079794,0.0006601874768416,0.0009166316640649,0.0138639370136741,0.0577477948360893,57.8927021762919,-0.792957300997502,0.0038952457741667,0.0058289717751356,0.0091104802625824,0.0007419580359565,0.0080690083637531,-0.0048239543876956,-0.0471997173438655,569.5049468994141,558.5964404296875,522.5170233154297,1.0967845973908426,0.0190345891211913,0.0629560868307566,0.00082064147508,0.9985098691373497,0.001490130862650266,0
760,2024-10-30 00:00:00-04:00,572.615787609554,574.6155241758808,570.645632233565,571.3549194335938,41435800,-0.0030297780102674,0.0006977593917904,0.0009444269590189,0.0010949234066434,0.0198329661393981,0.0689801746185346,56.449546424540046,-0.8805784998457078,0.0037497803489366,0.0054688265364887,0.0089164840075286,0.0005405694618771,0.0082092546148825,-0.0078345538600008,-0.0413709338378409,570.0541259765625,559.0499389648437,523.0564356994629,1.0923389531944927,0.0192598096864689,0.0629967504280221,0.0007937247404919,0.9973031942647498,0.0026968057352500206,0
761,2024-10-31 00:00:00-04:00,566.9713847301143,567.0403473920817,559.9576354980849,560.1546630859375,60182500,-0.0197976620689224,-0.0036938524459123,-1.8416079523125123e-05,0.0010789885992423,-0.0003867376699858,0.0679762817522644,35.605308340629946,-1.6477242747005425,0.0071746710746883,0.0071015992691657,0.0089534212552729,0.0005353660100844,0.0092715170907631,-0.0272839485498566,-0.0413709338378409,570.094515991211,559.2417224121094,523.5527281188965,1.069910694761443,0.0193746375676186,0.063712750504654,0.000342375882777,0.9962725068993361,0.003727493100663816,1
762,2024-11-01 00:00:00-04:00,562.7945884035815,566.9614477579651,562.1050220014198,562.5187377929688,45667500,0.0042115154762761,-0.0027824579399912,0.0002692694544742,0.0016149840048979,0.0056546585439598,0.1017439923085676,31.37954341295256,-1.9311684239694096,0.0072114098922588,0.0071467724815452,0.008055604683523,0.0005345907606528,0.0093851435983098,-0.0231787012567464,-0.0413709338378409,569.9989624023438,559.5672094726563,524.0403477478027,1.07342638827437,0.0185447207867532,0.0631567614338368,0.0005786243882717,0.9964384980140247,0.003561501985975186,0
763,2024-11-04 00:00:00-05:00,562.6566193804057,563.9569290343258,559.4157357037399,561.3070678710938,38217000,-0.0021563313197944,-0.0038310624269953,-0.0002641867208407,0.0014350863644198,-0.0055479211376568,0.0904104409584496,34.59015420092662,-2.1203732996567624,0.0072076886348995,0.0068716782270596,0.0080104247290782,0.0004999328279332,0.0091860237582625,-0.0252827822539019,-0.0413709338378409,570.0979583740234,559.7523828125,524.4929257202149,1.070189968912025,0.0184312226830882,0.0628166989345349,0.0003298966830152,0.9966557788011231,0.0033442211988768873,1
764,2024-11-05 00:00:00-05:00,562.2232752144567,568.1337418174742,562.0065869653796,568.0943603515625,39478300,0.0120194184671327,-0.001750567491115,0.0007406186488481,0.0017323241229015,0.0155529916258113,0.1091364197427983,42.37475174767947,-1.725284539011318,0.0085384294315303,0.0070581122341883,0.008050770025791,0.0005352143744301,0.0094552889518813,-0.0134965582398639,-0.0413709338378409,570.2718292236328,560.0996215820312,524.9744630432128,1.0821371330300311,0.0179058416198791,0.0618297962280092,0.0006112343190951,0.9967722184752005,0.0032277815247995305,1
765,2024-11-06 00:00:00-05:00,580.4078275075276,583.0970705492409,576.6546836514896,582.2203369140625,68182000,0.0245614295458862,0.0037676740201156,0.0014619731898795,0.0017594198183337,0.030701436987471,0.1108434485550264,58.51802185895895,-0.5124131063829553,0.0112463447584492,0.0085954426127163,0.0081255306104031,0.0007492296453667,0.0105878828267414,0.0,-0.0413709338378409,570.9564544677735,560.7142565917969,525.5197503662109,1.1078943017999598,0.0175916182012177,0.0604487751357624,0.0010556742367047,0.9886572931861803,0.011342706813819742,1
766,2024-11-07 00:00:00-05:00,584.2298916492671,587.7466262080364,584.1510685994552,586.7221069335938,47233200,0.0077023335052665,0.0092676731349534,0.0015000488763261,0.0018118416039955,0.0315010264028496,0.1141460210517176,60.32994107199485,0.5364214527368825,0.0113781594183846,0.0086224774227991,0.0081534448015498,0.0009040240858417,0.0108148429326143,0.0,-0.0413709338378409,571.9159210205078,561.4829565429687,526.0849601745606,1.1152611295690968,0.0177817817911535,0.0603317924279518,0.0013101601969445,0.9787328704351648,0.021267129564835195,1
767,2024-11-08 00:00:00-05:00,587.2737955457643,590.6920466620936,587.2737955457643,589.263671875,46444900,0.0043224483566515,0.0092898597110285,0.0017892971985873,0.0018721121362113,0.0375752411703332,0.1179430645813154,63.246030564987805,1.3011409150708069,0.0113310283103594,0.0086098113157833,0.0081578148056762,0.001020038426489,0.0107419367845305,0.0,-0.0413709338378409,572.8325378417969,562.3015063476563,526.6499964904785,1.1188904885631257,0.0178715098126302,0.0605017949668217,0.0013891061739526,0.9686977240644333,0.03130227593556663,1
768,2024-11-11 00:00:00-05:00,590.8594538392326,591.214067381988,588.0913879024889,589.8251342773438,37586800,0.0009523666781524,0.0099115993106178,0.0015503410056051,0.0016283125745524,0.0325571611177069,0.1025836921968035,63.98043589490408,1.7183635996072235,0.0113546003203882,0.0085574422517708,0.0079460833593256,0.0011041323663654,0.0106183804788139,0.0,-0.0413709338378409,573.5437652587891,563.0265966796875,527.2208651733398,1.1187439140585245,0.0178309942521986,0.0607056726231529,0.001229331016759,0.959573085213169,0.04042691478683091,0
769,2024-11-12 00:00:00-05:00,589.7463270131273,590.3472099973874,585.5006444102133,587.992919921875,43006100,-0.0031112035120525,0.0068854749147808,0.0010143292335584,0.0015289303359116,0.0213009139047267,0.0963226111624321,68.27059729244665,1.7392351765494205,0.0115177242754193,0.0084758562118615,0.0079658753435364,0.0011666250698487,0.0101751918070571,-0.0031063687336986,-0.0413709338378409,574.3869903564453,563.942880859375,527.7637387084961,1.1141214842853115,0.0177623048564223,0.061529894196151,0.0015583251917544,0.9513945825477869,0.04860541745221294,1
770,2024-11-13 00:00:00-05:00,588.4558101737783,590.2880401081766,586.0817995759008,588.2785034179688,47388600,0.0004855741558257,0.0020703038367687,0.0014088760258378,0.0012668783807848,0.0295863965425955,0.0798133379894452,67.67078635099907,1.6417762778429328,0.0113807400746023,0.0082344476296557,0.0077165388527351,0.0012082256731711,0.0102635424059145,-0.0026221854063068,-0.0413709338378409,575.1203765869141,564.8870703125,528.3098941040039,1.1135102900460905,0.0173953428774931,0.0621766323195192,0.0016050041734299,0.9645602658453823,0.03543973415461754,0
771,2024-11-14 00:00:00-05:00,588.406700922837,588.8893794431573,583.8064042580049,584.4959106445312,38904100,-0.0064506964761176,-0.000760302159508,0.0008951763781184,0.0011289380550099,0.0187987039404862,0.0711230974656273,63.14549875465014,1.2118956402008587,0.0089419226418889,0.0083778873053235,0.0077763126723456,0.0012511242531949,0.010183093847504,-0.009035260322268,-0.0413709338378409,575.6621765136719,565.7819287109374,528.8762203979492,1.105165798917432,0.0169038784066758,0.0631410889980254,0.0015309917180612,0.9484013924832603,0.05159860751673996,0
772,2024-11-15 00:00:00-05:00,580.9199456029655,581.3928237454572,575.1474051756758,577.0092163085938,75988800,-0.0128915453709257,-0.0042031009050235,0.000277214574792,0.0007732622076835,0.0058215060706335,0.0487155190840631,54.0836152427541,0.3570452864753921,0.0104579981016865,0.0089027492076629,0.0078980042022836,0.001317301121253,0.0110249367719938,-0.0217283347622208,-0.0413709338378409,575.7193084716797,566.7087353515625,529.3742755126954,1.0899834823854335,0.0156159951443448,0.0647034029676573,0.0016062250210737,0.8597404063294207,0.1402595936705792,1
773,2024-11-18 00:00:00-05:00,577.4722212479682,580.6934445713057,576.6054081851684,579.3734741210938,37001700,0.0040890634672272,-0.0035757615472085,0.0002891097944811,0.0008639987681197,0.006071305684103,0.0544319223915436,55.17023915324787,-0.091504210082034,0.0103318756036181,0.0089079119174544,0.0079028150604521,0.0013277883030397,0.0109398678855732,-0.0177199301095491,-0.0413709338378409,575.9419372558593,567.5639990234375,529.8590231323242,1.093448349140228,0.0144603413974571,0.0650788784355576,0.0014761871402077,0.8432878097128105,0.1567121902871894,1
774,2024-11-19 00:00:00-05:00,575.9848429931217,582.2203419709091,575.3149973262474,581.4913940429688,49412000,0.0036488696140839,-0.0022237469219812,0.0005411289937049,0.0008674644014253,0.0113637088678037,0.0546502572897971,58.28639856301766,-0.2773906470050171,0.0098635385879498,0.0089253486851854,0.0079040065041878,0.0013183268985065,0.011260604238334,-0.0141291710882845,-0.0413709338378409,576.2857299804688,568.414873046875,530.363143157959,1.0964023453450689,0.0135356378688077,0.0654381651710293,0.0014632615927838,0.863494875295436,0.13650512470456397,1
775,2024-11-20 00:00:00-05:00,581.5701499836966,581.9740053669792,575.9059534750936,581.6883544921875,50032600,0.0003386586662109,-0.0022531300199042,0.0005825543159398,0.0009979105425642,0.0122336406347359,0.0628683641815449,71.4649887688575,-0.4108594090303628,0.0060249584212716,0.0089221407011447,0.0078247383769533,0.001287645599217,0.0106023869603023,-0.0137952408473156,-0.0413709338378409,576.9018951416016,569.1591052246093,530.8612705993652,1.0957445696413988,0.0133108903714458,0.0658390946448946,0.001279434549423,0.8886771259281837,0.11132287407181642,1
776,2024-11-21 00:00:00-05:00,584.54504406632,586.2393485979784,578.6838206004319,584.8109741210938,46750300,0.0053538429231965,0.0001077778599585,0.0012746132889071,0.0009151261693907,0.0267668790670491,0.0576529486716133,71.89008091099791,-0.3168319692009831,0.0057257498495027,0.0086876451537339,0.0077490650767607,0.001256455267162,0.0106372263278494,-0.0085010961128222,-0.0413709338378409,577.6126220703125,569.8740649414062,531.3549082946778,1.1006033161488562,0.0132325785105801,0.0658659949133452,0.0012225483933016,0.9409706947524262,0.059029305247573605,1
777,2024-11-22 00:00:00-05:00,584.8012273246769,587.2541214128702,584.2988881794737,586.6236572265625,38226400,0.0030948112745902,0.0033050491890617,0.0013191092010499,0.0010021335978162,0.0277012932220476,0.0631344166624231,74.5698657855673,-0.1680183556808687,0.0056273185520236,0.0086947987223574,0.0077421645317351,0.0012079350763561,0.0104112470600421,-0.0054278410069854,-0.0413709338378409,578.4238372802735,570.5679272460937,531.8565356445313,1.1029734861030929,0.0133917375090545,0.0659901644345236,0.0011828065509119,0.9514213522575297,0.048578647742470484,1
778,2024-11-25 00:00:00-05:00,590.5738204551704,591.8937909448966,586.3182774428572,588.613525390625,42441400,0.0033863293214619,0.0031645023599087,0.0014968133141352,0.0010341058965701,0.0314330795968392,0.0651486714839156,71.95870389917125,0.0190235989227085,0.0057460523421716,0.0086972120845395,0.0077478738541209,0.0011376153731596,0.0102242217752134,-0.0020541832083897,-0.0413709338378409,579.2463775634766,571.285283203125,532.3540599060059,1.10568054180812,0.0135251638247155,0.0661405516825033,0.0012187214973614,0.963588812073366,0.03641118792663389,1
779,2024-11-26 00:00:00-05:00,589.8645208450938,592.3567963116076,589.1454333564441,591.6869506835938,45621300,0.0052078810467788,0.0034763046464477,0.0015978223584948,0.0012091845005306,0.0335542695283917,0.0761786235334305,63.26985631687288,0.289328014728591,0.0058793147610908,0.008728860217105,0.007714998152744,0.0010461302692731,0.0088118718096438,0.0,-0.0413709338378409,580.1762939453125,572.05958984375,532.8680247497558,1.1103817891145942,0.0137179028406576,0.0662369941549581,0.0013086424159438,0.9701235664529848,0.029876433547015142,0
780,2024-11-27 00:00:00-05:00,591.4997242855515,591.883858859544,588.3671846956962,589.89404296875,34000200,-0.0030347629159576,0.0028016203300139,0.001376312515462,0.0011595930727628,0.0289025628247028,0.0730543635840619,54.811686039083085,0.2864324830328275,0.0059929702366576,0.0087871784312982,0.0077323332829796,0.0009213688309654,0.0085953158595726,-0.0030301626777003,-0.0413709338378409,581.1032501220703,572.8308386230469,533.4066925048828,1.1058992158471093,0.014023554903845,0.0668325889845486,0.0013074361209268,0.9805281054815307,0.01947189451846925,1
781,2024-11-29 00:00:00-05:00,590.7117045866185,594.3466439350991,590.4359140778026,593.55859375,30177400,0.006193002372613,0.0029694522198972,0.0018154925336944,0.0011070890010891,0.0381253432075833,0.0697466070686179,56.30054366901373,0.4600817195959976,0.0057451599466871,0.0087864284617579,0.0076858721746556,0.0006813164437754,0.0086003327716122,0.0,-0.0272839485498566,582.7734466552735,573.487216796875,533.9417749023437,1.1116541571570422,0.0156450095343235,0.0666243270857054,0.0011058355160544,0.9902685745834022,0.00973142541659777,1
782,2024-12-02 00:00:00-05:00,593.9722515940274,595.3021425181648,593.4797127608734,594.6224365234375,31746000,0.0017907087061851,0.0027086317062162,0.0028435101896519,0.0014655709776645,0.0597137139826909,0.092330971592865,56.93529971287847,0.5682630881065789,0.0027353433376263,0.0072619055292433,0.0071563548929203,0.0006671898172956,0.0084287543451028,0.0,-0.0272839485498566,584.3786315917969,574.1842578125,534.4653912353516,1.1125555485436396,0.0171442803922771,0.0667967842070871,0.0011722413632764,0.9909890869039286,0.009010913096071252,1
783,2024-12-03 00:00:00-05:00,594.3860548690404,595.1445238224464,593.3517352966707,594.8982543945312,26906600,0.0004637462435798,0.0021241150906398,0.002665044988095,0.0015054527102969,0.0559659447499946,0.0948435207487057,60.45321245696736,0.578154324323318,0.0028150539276788,0.0072726488637098,0.0071434431655193,0.0006560868908979,0.0080581838611453,0.0,-0.0272839485498566,586.0581909179688,574.8588403320313,535.002585144043,1.111953980996862,0.0188256571660911,0.0669967593509796,0.0011339460395925,0.9922871890649138,0.007712810935086124,1
784,2024-12-04 00:00:00-05:00,596.5926087018526,598.8385545797807,595.9227630847732,598.59228515625,42787600,0.0061903172845959,0.0023206023382032,0.0030625044454469,0.001642366616987,0.0643125933543849,0.1034690968701848,64.15244144501787,0.7427453253248784,0.0030228738356978,0.007223893862501,0.0071493538658145,0.0006190600629051,0.0079767212039257,0.0,-0.0272839485498566,587.5830871582032,575.5751879882813,535.5716674804687,1.117669812468337,0.0200602304234299,0.0668293285760783,0.0011967204957595,0.9905064945428066,0.009493505457193461,0
785,2024-12-05 00:00:00-05:00,598.5921942437312,599.3999650451549,597.2525032130411,597.6071166992188,28762200,-0.0016471646420249,0.0025981219929898,0.0024117147735822,0.0018856394588283,0.0506460102452273,0.1187952859061857,69.48709109712067,0.6953625800984602,0.0032652316795341,0.0069883955730843,0.006755606622025,0.0006267366514684,0.0076390058296324,-0.0016458088108738,-0.0272839485498566,588.352426147461,576.2966564941406,536.1336282348633,1.114660758488042,0.0201734037571512,0.067206408921485,0.0012072622391852,0.9943331967093706,0.0056668032906293285,1
786,2024-12-06 00:00:00-05:00,598.3756383425828,599.9813199050982,597.9619225172376,598.7401123046875,31241500,0.001894092144366,0.0017383399473404,0.0013323177544622,0.0017389765016991,0.0279786728437074,0.1095555196070469,89.81906677015508,0.6511940892251564,0.0031334107695523,0.004805957063829,0.0066510793171735,0.0010000187967068,0.0067925293751993,0.0,-0.0272839485498566,588.9533264160157,576.996259765625,536.6510452270508,1.115697281557269,0.0199703784741682,0.0673835170041912,0.0011684589976634,0.993775732469951,0.006224267530049202,0
787,2024-12-09 00:00:00-05:00,598.6218929272753,598.7893393078875,595.0657767234376,595.6567993164062,34742700,-0.0051629735599957,0.0003476034941042,0.0007196840846878,0.0015880339634737,0.0151133657784451,0.1000461396988462,79.07102943868611,0.3407964485465973,0.0039086746878388,0.0047732297991055,0.0066986853927879,0.0012441625140917,0.0067839836002872,-0.0051496683200543,-0.0272839485498566,589.272982788086,577.6505505371093,537.151337890625,1.108918022350145,0.0195119610223788,0.0679908509278538,0.0010984358312289,0.978504527375875,0.021495472624124892,0
788,2024-12-10 00:00:00-05:00,596.3365277015484,596.7601039297737,593.1448853311992,593.8048706054688,37234500,-0.0031138964023472,-0.0003679250350811,0.0003655724294974,0.0013765957311834,0.0076770210194464,0.0867255310645594,72.19435240069176,-0.0423895844823176,0.0041010796693664,0.0047684252479274,0.0066321528393065,0.0014239873402507,0.0064093730837698,-0.0082427109822688,-0.0272839485498566,589.4719696044922,578.2226843261719,537.6514463806152,1.104442059261385,0.0189444139568104,0.0683241919255202,0.0009635047090119,0.9217714363732467,0.07822856362675312,1
789,2024-12-11 00:00:00-05:00,596.7403405101395,599.3507600891794,596.4644899210008,598.395263671875,28677700,0.0077007469118154,-6.58391096372805e-05,0.0006869238691956,0.0013656879993831,0.0144254012531095,0.0860383439611399,75.99605680030999,-0.0398801868254139,0.0044540840663214,0.0050301562718941,0.0066209911883106,0.0015393177965965,0.0062978767857811,-0.000575957123509,-0.0272839485498566,589.9920867919922,578.9878918457031,538.1699208068848,1.1119076717901544,0.0183895087651013,0.0682123898981936,0.0012787660029855,0.901740098411651,0.09825990158834871,0
790,2024-12-12 00:00:00-05:00,597.5284977631196,598.0997995870548,595.3120727539062,595.3120727539062,31543800,-0.0051657515709679,-0.0007695564954258,0.0005890882473425,0.0012010087529454,0.0123708531941939,0.0756635514355624,66.35985014168077,-0.2853752201273325,0.0047184713951383,0.005126775168711,0.0066528023873041,0.0016237742533159,0.0057938804689503,-0.0057254215649356,-0.0272839485498566,590.3437652587891,579.6867065429688,538.6762480163575,1.1051388936232232,0.0179016337876718,0.0688890086453268,0.0011738628011237,0.7504501722865957,0.24954982771340425,0
791,2024-12-13 00:00:00-05:00,597.3511090725724,598.0701965149426,593.8146538658189,595.1937866210938,35904700,-0.0001987157514098,-0.001188118074581,0.0005565030136646,0.0011744278424685,0.0116865632869585,0.0739889540755209,64.09573773914859,-0.4835816461203741,0.0043418407450368,0.0051296398257432,0.0066550314421581,0.0016951765530131,0.0059510806645813,-0.0059229799552649,-0.0272839485498566,590.8786590576171,580.4036450195313,539.1731031799317,1.1039011091442872,0.0175993336515698,0.0692724668274256,0.0012045463052169,0.6070003878477553,0.3929996121522449,1
792,2024-12-16 00:00:00-05:00,596.9571007701239,598.7105679786196,596.1789110129041,597.7352905273438,43695200,0.0042609536479091,0.0006966673669999,0.0010665815909992,0.0012355765122487,0.0223982134109851,0.0778413202716695,64.7356475063448,-0.4709144138851373,0.0045048606343144,0.0049265729538534,0.0066655712188178,0.0017588255484783,0.0056797615817661,-0.0016782269246601,-0.0272839485498566,591.9149627685547,581.0697546386718,539.6593913269043,1.1076158409059529,0.0181438310599242,0.0692787659822358,0.0011143889773563,0.5714550285377413,0.42854497146225873,0
793,2024-12-17 00:00:00-05:00,595.1740992873428,596.1394561956839,593.8935102993782,595.2725830078125,55773500,-0.0041285746259659,0.0004937317222761,0.0014838659121878,0.0012171900486099,0.031161184155945,0.0766829730624287,55.90896015095524,-0.6450234684570413,0.0047394406332758,0.0039618563258108,0.0066789439146953,0.0018488192601142,0.0057150798061005,-0.0057913763010259,-0.0272839485498566,592.7099182128907,581.7886633300782,540.1360498046874,1.1020789729236964,0.0183466452085349,0.069972336563742,0.0012076966282804,0.21778584354137312,0.7822141564586276,0
794,2024-12-18 00:00:00-05:00,594.9671989364094,597.3609304879477,577.1471773446116,577.5313720703125,108248700,-0.0302566584899349,-0.0070977493580739,-0.0001516446572008,0.0004683489924254,-0.003184537801217,0.0295059865228005,36.64619368721964,-1.9006414526048845,0.0102797162818027,0.0079322983890991,0.0074859014012022,0.0018095756404958,0.0079557216092648,-0.0354222805496323,-0.0354222805496323,592.5119171142578,582.0469519042969,540.5489845275879,1.0684163481965383,0.0181201675199851,0.0718540487730539,0.0004472286471517,0.05641845514041347,0.9435815448595869,0
795,2024-12-19 00:00:00-05:00,582.5355221203287,584.1510639445604,577.1077344863745,577.35400390625,85919500,-0.0003071615056291,-0.0061260313450061,-0.0003400270914728,0.0004909353835034,-0.00714056892093,0.0309289291607138,31.07018184307195,-2.643091352169732,0.0103164053198769,0.0078843585175511,0.0074813064971763,0.001765775782249,0.008278683129589,-0.0357185161958123,-0.0357185161958123,592.295199584961,582.2234753417969,540.9484925842285,1.0672994043261024,0.0174446252646055,0.0714899047695364,0.0003057455846944,0.07627796846031243,0.9237220315396879,1
796,2024-12-20 00:00:00-05:00,575.0175026728227,588.8352196171104,574.1674387147792,584.2886352539062,125716700,0.0119394958349974,-0.0036983890277246,0.0002123937260884,0.000640837498611,0.0044602682478564,0.040372762412498,39.38436342797237,-2.565081653715923,0.0113333132071832,0.0083282042171661,0.0076155313105246,0.0017358624859688,0.0097507560304542,-0.0241364771689576,-0.0357185161958123,592.2690826416016,582.5585925292969,541.3579840087891,1.0793017790690238,0.0166193376465125,0.0705141363952831,0.0005735473313705,0.17169835911857373,0.8283016408814261,1
797,2024-12-23 00:00:00-05:00,584.0316546408188,588.3904419763173,580.8391036798633,587.7875366210938,57635800,0.005970451144236,-0.0033564895284593,0.0002417560223283,0.0006902511166889,0.0050768764688961,0.0434858203514026,43.14902065020264,-2.190327092376028,0.011580607014791,0.008348300216234,0.0076402050911214,0.0017193766413968,0.0103924982017533,-0.0182927040605894,-0.0357185161958123,592.3272766113281,582.8957165527344,541.8000469970704,1.084879080167876,0.0160458660161649,0.0699158573383558,0.0005735474171082,0.2187280301640976,0.7812719698359022,1
798,2024-12-24 00:00:00-05:00,589.1416302251183,594.3603751171399,588.5584517113257,594.32080078125,33160100,0.0110536919080199,-0.0003200362216621,0.0006207503382059,0.0009007534500077,0.0130357571023254,0.0567474673504865,46.09802224858828,-1.4505857101168584,0.0121887611848022,0.0086591685305532,0.0077410918583759,0.0017174623057054,0.0105946474695852,-0.0073810179619109,-0.0357185161958123,592.6126403808594,583.2701208496094,542.2769233703614,1.09597287874141,0.0157196576646299,0.0689748658054057,0.0006299700370285,0.23923209721512428,0.7607679027848757,1
799,2024-12-26 00:00:00-05:00,592.5416816588521,595.4870738828115,591.1381803052061,594.3603515625,41219100,6.654565219045065e-05,0.0057446046067629,0.0004626654015739,0.0008390039652207,0.009715973433054,0.0528572498089089,46.98195698770997,-0.9319635641845284,0.0118944148509924,0.0086364283727154,0.0077318316530364,0.0017142055388141,0.0108585044002859,-0.0073149612865067,-0.0357185161958123,592.7463104248047,583.7347595214844,542.7271607971192,1.0951365520191505,0.015161763195728,0.0689945058020127,0.0007817457383446,0.22451015423556112,0.7754898457644388,0
800,2024-12-27 00:00:00-05:00,590.6044241129971,590.8416891446476,583.9031498920888,588.1038208007812,64969300,-0.0105822895851381,0.0036895789908611,-0.0002892474856601,0.000694070346479,-0.006074197198863,0.043726431828181,40.97284887389184,-0.9787987834608094,0.0122398736241129,0.0088863913572667,0.0078599761856446,0.001723266464262,0.0119557487594687,-0.0177644545359834,-0.0357185161958123,592.6567993164062,584.0246203613282,543.1500682067871,1.082764884376079,0.0146779848213266,0.0695022727430762,0.0004928735872674,0.08347630130853806,0.9165236986914623,0
801,2024-12-30 00:00:00-05:00,581.066451827259,584.8717412480703,577.6268027117767,581.392578125,56578800,-0.011477275779991,-0.0009937753321365,-0.0006912719077569,0.0004484093615155,-0.0145167100628963,0.0282497897754805,38.59605120492804,-1.4043843165817005,0.0126483141723559,0.0092021710831511,0.0079956910450523,0.0017489697970734,0.0129234728608095,-0.0289733956739809,-0.0357185161958123,592.0484985351562,584.1792736816407,543.5443963623047,1.0696321809515394,0.0135351312514066,0.0698923220698551,0.0002660049786174,0.027401236053962923,0.9725987639460368,0
802,2024-12-31 00:00:00-05:00,583.0629680945224,583.7845361057068,577.6366994322016,579.2774658203125,57052700,-0.0036446441554162,-0.002916794392067,-0.0011597312662345,0.0005333960754929,-0.0243543565909257,0.0336039527560559,38.43431207050872,-1.7485381330946117,0.0124347280528482,0.0090838309389708,0.0079217695386699,0.0017665161187658,0.0132829480688409,-0.0325060006577124,-0.0357185161958123,591.28125,584.2474914550781,543.9454019165039,1.0649551660503458,0.0121422961532974,0.0695730317793436,0.0001177635545357,0.01298593197559724,0.9870140680244026,0
803,2025-01-02 00:00:00-05:00,582.5489929538754,584.2687872048679,573.7621642800276,577.8541259765625,50204000,-0.0024601187482907,-0.0056195565233291,-0.0013621516212095,0.0004876474963064,-0.0286051840454015,0.0307217922673036,32.77814735592422,-1.975478441034567,0.0124311326670674,0.0090621331598207,0.0079307402119044,0.0018291510437128,0.0139288623842158,-0.0348832254577533,-0.0357185161958123,590.4290435791015,584.3061560058594,544.3244604492188,1.0615986749882091,0.0105959052605093,0.0691899456269734,0.0001015213842803,0.004602343483873961,0.9953976565161261,1
804,2025-01-03 00:00:00-05:00,580.7106042287589,585.7217039617416,579.623335665357,585.0792846679688,37888500,0.0124259077788266,-0.0031476840980019,-0.0007925248814359,0.0007139298537111,-0.0166430225101547,0.0449775807837995,41.97790903314219,-1.560625519651375,0.0088259229938873,0.0095457002363806,0.0080657749534347,0.0019142347364205,0.0143409495979893,-0.0228159552967565,-0.0357185161958123,589.7533935546875,584.5154309082031,544.7256951904296,1.0740805690530757,0.0089525689658571,0.0680074252506719,0.0003576863987972,0.002618404924824171,0.9973815950751755,1
805,2025-01-06 00:00:00-05:00,589.3492396720658,592.7394211491448,586.7101863614566,588.4497680664062,47679400,0.0057441997848071,0.0001176137759871,-0.000813768571902,0.0006615163842346,-0.0170891400099436,0.0416755322067844,44.969478327062674,-1.0076957021118864,0.0089106486335526,0.0095298663881537,0.0080213626056713,0.001988673153647,0.0146720727486032,-0.0171866625048242,-0.0357185161958123,589.2955261230469,584.8971252441406,545.1204356384277,1.079485797257321,0.0074745562282385,0.0675957265416479,0.0006486438718324,0.0010254707542778829,0.9989745292457224,0
806,2025-01-07 00:00:00-05:00,590.4858673836275,590.8120540414599,579.9694092503468,581.7979125976562,60393100,-0.0113684089605797,0.0001393871398694,-0.0012766849680237,0.0006252161514689,-0.0268103843284984,0.0393886175425403,38.79879544947581,-1.0345129659160517,0.0090412507559574,0.0098045214795523,0.0080711851373729,0.0020690070696826,0.0157392344785595,-0.0282964166904015,-0.0357185161958123,588.4484161376953,585.1211547851562,545.4734983825683,1.0665924455043123,0.0057189296841634,0.0681467835207005,0.00038506418838,0.00011930133830108284,0.9998806986616989,1
807,2025-01-08 00:00:00-05:00,581.8670792861259,583.7252632975457,578.4077031433151,582.6478881835938,47304700,0.0014598802903946,0.0011602920290315,-0.0012973617229747,0.0004989764071223,-0.0272445961824698,0.0314355136487087,40.92122508135402,-0.9421914668823668,0.0087957982220352,0.0097979559416367,0.0079933416139707,0.0020541272174888,0.0158971941806273,-0.026876809805094,-0.0357185161958123,587.7979705810546,585.3661254882812,545.8356565856934,1.0674419693066002,0.0041737816991917,0.0678462407644248,0.0004204438188022,0.00014096651187119017,0.9998590334881292,0
808,2025-01-10 00:00:00-05:00,579.0797727939155,579.148967552338,571.8348342474784,573.7523193359375,73105000,-0.0153852347279998,-0.0014247311669102,-0.0017841360643082,0.0001451989655685,-0.0374668573504737,0.0091475348308208,46.88623356768554,-1.3998261783810364,0.0087842929192728,0.0102434078537596,0.0081959987961279,0.0020319528067599,0.0149733392146088,-0.0417339551087804,-0.0417339551087804,586.7953430175781,585.3979174804688,546.1603848266601,1.0505198386331782,0.0024355902190108,0.0683875800262076,5.541065563681932e-05,9.013627955556371e-05,0.9999098637204444,1
809,2025-01-13 00:00:00-05:00,569.0871420731995,574.9977137931114,568.6719735158341,574.6419067382812,47910100,0.0015492721229021,-0.0036000582980951,-0.0015620804202487,0.0001975964026119,-0.0328036888252244,0.0124485733645553,47.79127924374117,-1.5505165214547127,0.0088637522695162,0.0102636639507171,0.0081942274590431,0.0019744836684411,0.0148609623356447,-0.0402481896087548,-0.0417339551087804,585.6076751708985,585.4289831542969,546.4942599487305,1.0515058416024194,0.0003109623828443,0.0677547577874426,5.406092640281636e-05,0.00027950275729516017,0.999720497242705,1
810,2025-01-14 00:00:00-05:00,577.5773521941201,578.209938228887,571.637100270467,575.4325561523438,48420600,0.0013749536471496,-0.0044739075256266,-0.0018633086709471,0.0001246520679512,-0.0391294820898903,0.0078530802809259,41.985625847845206,-1.5037006945976843,0.0085854360780569,0.0100692021658993,0.0081624017064849,0.0018915640623619,0.0138357161705906,-0.0389276677365537,-0.0417339551087804,584.6136993408203,585.5105358886718,546.8107479858398,1.0523431704148674,-0.0015585432875892,0.0672533861511067,0.0001417242272842,0.000592676167186376,0.9994073238328132,1
811,2025-01-15 00:00:00-05:00,583.4781439602939,587.0462287462195,582.3612548768964,585.8997192382812,56900200,0.0180266178010793,0.0014050978267051,-0.000758910129421,0.0002815024504933,-0.015937112717843,0.0177346543810776,48.482937088730274,-0.7145862552725717,0.0099894286202007,0.0109244360774383,0.0084101910787273,0.0018263403000125,0.0140837894042675,-0.0214456870393744,-0.0417339551087804,584.1489959716797,586.0254370117187,547.1800610351562,1.0707621877337328,-0.003202665880227,0.0663003833268,0.0008788212489951,0.0018100027131035667,0.9981899972868961,0
812,2025-01-16 00:00:00-05:00,587.2734912712623,587.4513947839769,584.0711073889483,584.7728881835938,43319700,-0.0019251008275888,0.0007281016031084,-0.0008411189425724,0.0003747533656433,-0.017663497794022,0.0236094620355318,41.59707786103725,-0.2398530429741923,0.0099195051839781,0.0109265052307129,0.0083515051096464,0.0017130260162064,0.0137209659605387,-0.0233276906525115,-0.0417339551087804,583.5008758544922,586.4705200195312,547.548194732666,1.067984323223095,-0.0050782863314052,0.0665597295520397,0.0007611211408843,0.005989168799724262,0.9940108312002757,1
813,2025-01-17 00:00:00-05:00,590.0312439926065,592.4033515473359,588.6968769367569,590.64404296875,58070600,0.0099899932660311,0.0058031472019146,-0.0005683075321857,0.0004644834789773,-0.0119344581759001,0.0292624591755713,47.03381821370461,0.4600875886821407,0.0102214686262144,0.0111298904547941,0.0084248095197726,0.0015258227478767,0.0139814272802491,-0.0135218422309704,-0.0417339551087804,583.2694488525391,587.0572595214844,547.9619329833985,1.0778924728456358,-0.006413017644107,0.0661910113265197,0.0009933893500458,0.026337893266350523,0.9736621067336494,1
814,2025-01-21 00:00:00-05:00,593.6980347606263,596.0603086218102,591.721248666258,596.0504150390625,42532900,0.0091117126878833,0.0073156353149109,6.218233990234482e-05,0.0006077542756274,0.0013058291379491,0.0382885193645278,56.429856159519424,1.2337818435662016,0.0099013941099672,0.0112919631892362,0.0084947209857557,0.0010398607738686,0.0132505232403539,-0.0044922616847428,-0.0417339551087804,584.1954010009765,587.6163806152343,548.3999139404297,1.086890059402542,-0.0057394131904658,0.065793875291966,0.0009380432923837,0.5084882150357537,0.49151178496424613,1
815,2025-01-22 00:00:00-05:00,598.8872003053638,600.7651715456991,598.3337025176967,599.4011840820312,48196000,0.0056058778464909,0.0081618201547791,0.0017699221654464,0.0006357957675755,0.0371683654743748,0.0400551333572609,65.40935028092206,1.879149288002517,0.0098954563965775,0.0089454603637805,0.0085084651333587,0.0009854514363746,0.0124897814063158,0.0,-0.0417339551087804,585.2977600097656,587.9599975585937,548.8856797790527,1.0920328333639766,-0.0044414953115337,0.0651889232407547,0.0005732670413149,0.978639750801741,0.02136024919825893,1
816,2025-01-23 00:00:00-05:00,598.7685644436611,602.6727294921875,598.4918457286775,602.6727294921875,41152100,0.0054431819054002,0.0056451329756433,0.0020437480421621,0.000748283314798,0.0429187088854042,0.0471418488322777,69.63004312066617,2.4009139173916147,0.0087648628411281,0.008966686093853,0.0085246749492426,0.0009200816265602,0.0121888593393513,0.0,-0.0417339551087804,586.2169647216797,588.2790100097657,549.3615690612793,1.097042027388271,-0.0034215009028589,0.0645747501820403,0.0005293294943687,0.9804502928553451,0.019549707144654756,0
817,2025-01-24 00:00:00-05:00,602.7319999441287,603.6907726306447,599.7569270310084,600.913330078125,34604700,-0.0029235976160851,0.005445433617944,0.0013359816873486,0.0007103099097922,0.0280556154343216,0.0447495243169138,69.2395675041453,2.491319618895928,0.0089864379377087,0.0087300008337626,0.0085357877970773,0.0008961304158306,0.0114432625947768,-0.0029193280664034,-0.0417339551087804,586.8732543945313,588.5120031738281,549.8272416687012,1.0929129816383412,-0.002727096733041,0.0643766073555025,0.0003877317283545,0.9868651297890622,0.013134870210937897,0
818,2025-01-27 00:00:00-05:00,587.9061375768574,592.7295010606359,587.7381276298589,592.4132080078125,70361100,-0.0142463367110218,0.0005981676225335,0.0003732775037649,0.0006298822716668,0.0078388275790636,0.0396825831150088,55.99162282779426,1.8707632912338672,0.0087298754441442,0.0092901179874757,0.0086535348253792,0.0008517004755651,0.0122474059791181,-0.0170233710309402,-0.0417339551087804,586.7778747558593,588.5637646484375,550.2474766540528,1.0766304856319584,-0.0030146017483031,0.0646783148593801,8.737393749790302e-05,0.9835445959828406,0.01645540401715924,1
819,2025-01-28 00:00:00-05:00,593.6486607361097,598.3435279756633,590.3177808049226,597.50341796875,44433300,0.0085556263346923,0.0004869503518953,0.0002543220002731,0.0007313938465096,0.0053407620057362,0.0460778123301093,57.1944347711371,1.700159718213862,0.0088627575736597,0.0091616272198795,0.0087091099706877,0.0008287450330987,0.0121867756671123,-0.0085773111515982,-0.0417339551087804,586.9350280761719,588.753974609375,550.718614654541,1.08495228247107,-0.003044244565808,0.0636571420530738,0.0003183412098026,0.9834457006935287,0.016554299306471388,0
820,2025-01-29 00:00:00-05:00,596.7126333153398,597.1179082556828,592.2648645148614,594.8248291015625,37177400,-0.0044930469104104,-0.0015328345994849,3.719854491121943e-05,0.0006655590868734,0.0007811694431356,0.0419302224730288,61.04951009677957,1.3208595361917168,0.0092350507023897,0.0092201424160523,0.0087330251009303,0.0008009614763179,0.0115686964297348,-0.0130218276132016,-0.0417339551087804,587.2710784912109,588.8849011230469,551.1573686218262,1.0792286612967312,-0.0027131056957954,0.0634262906580501,0.0002201093620616,0.9846865664040196,0.015313433595980485,1
821,2025-01-30 00:00:00-05:00,596.9499738076877,599.5592859855939,593.747529191958,598.0173950195312,39281300,0.0053528848603038,-0.0015508940085042,0.0007960163756465,0.0007015304161604,0.0167163438885775,0.0441964162181063,62.53824000382401,1.2023087813128637,0.0077403812868582,0.0089543610095864,0.0087478132974916,0.0007975635512013,0.0115659639574137,-0.007724481704322,-0.0417339551087804,588.1023193359375,589.1553308105468,551.647081451416,1.0840579332824751,-0.0017608375331204,0.0627210005453198,0.0004522104034968,0.9893096918088021,0.010690308191197906,0
822,2025-01-31 00:00:00-05:00,600.4488437325783,602.880312619884,594.0736957955036,594.8347778320312,66566900,-0.0053361595207008,-0.0020334063894273,0.0010884504832317,0.0005911636969789,0.0228574601478677,0.0372433129096742,68.96669496355631,0.8438157451625994,0.0080054999476557,0.0086278202080053,0.008779880823622,0.0008256042359235,0.0113869110424853,-0.0130053199300398,-0.0417339551087804,588.8801849365234,589.5118420410156,552.1522062683106,1.077302184215089,-0.0010619034529123,0.062806744267489,0.0005993449673001,0.9899742978240491,0.010025702175950849,0
823,2025-02-03 00:00:00-05:00,585.7909458950113,593.3224968021361,583.6362560871698,590.831787109375,65857200,-0.0067523299557533,-0.0005346050383736,0.0009404654451205,0.0005320755708601,0.0197497743475305,0.0335207609641882,63.792477690665386,0.2994467836614589,0.0078292967124083,0.008738997061636,0.0088170900516901,0.0008416161369369,0.0120531540019269,-0.0196473837347671,-0.0417339551087804,589.5290679931641,589.7410083007812,552.6418190002441,1.0691043761006331,-0.0003587151406563,0.0627914579241642,0.0003878705661501,0.9876267210223773,0.012373278977622741,1
824,2025-02-04 00:00:00-05:00,590.8910622510958,595.3091504392034,590.3474581129256,594.7952270507812,33457800,0.0066858373805791,-0.0009085628291963,0.0013759871655428,0.000952448577995,0.0288957304764006,0.0600042604136898,65.6494431596644,0.1748276078083277,0.0075492737272026,0.0087888095215956,0.0084561338458192,0.0008536337706106,0.0117793559358834,-0.0130709455661679,-0.0417339551087804,590.0148651123047,590.0070849609375,553.1658348083496,1.0752566221969486,1.3080386347088472e-05,0.0619393843075384,0.0004473416195277,0.9869779353360363,0.01302206466396367,1
825,2025-02-05 00:00:00-05:00,593.6685049658528,597.3551922900909,591.6324173909024,597.2069091796875,30653100,0.0040464447944952,0.0007993355117848,0.0009769651186699,0.000949828408443,0.0205162674920689,0.0598391897319087,60.50692211276153,0.2204041829297374,0.0074309487486278,0.0084455623378619,0.0084551332369353,0.0008940783504676,0.0110272104699493,-0.0090693008742995,-0.0417339551087804,590.4527221679688,590.3174560546875,553.706950378418,1.0785613378548715,0.0002264979041637,0.061302883663146,0.0005197044591735,0.9888328219446383,0.011167178055361698,1
826,2025-02-06 00:00:00-05:00,598.9563451128535,599.4110276717307,595.6353586638426,599.2825317382812,35771500,0.0034695243764574,0.0004226634150155,0.0008686472420818,0.0010391277052089,0.0182415920837193,0.0654650454281607,63.24910270414875,0.3483180757457118,0.0072842536068875,0.0083958037177379,0.0084515063497245,0.0009326992652656,0.0110361431797855,-0.0056252715412606,-0.0417339551087804,591.326953125,590.6068872070313,554.2797840881348,1.0811913927623793,0.0012015466492576,0.0606176572734832,0.0004829627713397,0.9880677925594948,0.011932207440505141,0
827,2025-02-07 00:00:00-05:00,599.8459585772572,601.0715564826635,593.0853226024016,593.7969970703125,50788500,-0.0091956540871188,-0.000349235498268,0.0009721117598657,0.000702380521808,0.0204143469571801,0.0442499728739092,52.89945690609348,0.0378046692153271,0.0077642026944315,0.0082495763983317,0.0084295690693791,0.0009729970261177,0.0111808918501036,-0.0147272839594944,-0.0417339551087804,591.884408569336,590.7503540039063,554.80287109375,1.0702846506538235,0.0019098354673817,0.0605383373232176,0.000241609165393,0.9824953134437652,0.01750468655623494,1
828,2025-02-10 00:00:00-05:00,597.0191605249602,598.4720695404235,595.7440947156747,597.82958984375,26048700,0.0067682413464545,0.0023548787621735,0.0012248908577733,0.0004199489630869,0.0257227080132401,0.0264567846744777,51.67854025156797,0.0761096438133623,0.0065938147566119,0.0083460337057919,0.007898640593992,0.0010007547301967,0.0110169147644066,-0.0080361022018008,-0.0417339551087804,593.0882720947266,590.9346752929688,555.3170965576172,1.0765553474756415,0.0036023589971862,0.0595781462484328,0.0003083174406115,0.9824649092581941,0.017535090741805887,1
829,2025-02-11 00:00:00-05:00,595.5563267993089,598.8279059672569,595.4377244382205,598.2843017578125,30056700,0.0007603154501593,0.0011697743760895,0.0019937265805428,0.0003097582003074,0.0418682581913993,0.0195147666193705,48.8853831019717,0.1025337447662835,0.0060258497547262,0.0074331415127043,0.0078436395219417,0.0010699137341898,0.0108504019200835,-0.007281609934587,-0.0417339551087804,594.2703918457031,591.0666223144531,555.8347703552246,1.0763707735942087,0.0053549282871656,0.0588881437398811,0.0002205423426565,0.9687439519398936,0.03125604806010658,0
830,2025-02-12 00:00:00-05:00,592.2451836255683,597.5330628123784,591.5631899435128,596.3568725585938,45076100,-0.0032267946443753,-0.0002848735116845,0.00176629482972,0.0001899289463229,0.0370921914241216,0.0119655236183437,43.52319542137817,-0.032130426624775,0.0059304433162317,0.0075199798132233,0.0078390123662871,0.0011106550241738,0.011189725991904,-0.0104797456804051,-0.0417339551087804,595.3166076660157,591.19587890625,556.3522044372559,1.0719052927305324,0.006909836960688,0.0584275558349847,0.0002167436944967,0.9596845986103508,0.0403154013896494,1
831,2025-02-13 00:00:00-05:00,597.4638899085884,602.860538386905,596.198778008583,602.6529541015625,40921300,0.0105022315459073,0.0011216679222053,0.0022009271106133,0.0003415141029539,0.0462194693228795,0.0215153884860986,51.63209539472177,0.2641761877511497,0.0066070180879928,0.0077562824877718,0.0079456031443796,0.0011294957351115,0.011396146001107,-3.281281806406399e-05,-0.0417339551087804,596.1542694091797,591.3777661132813,556.877771911621,1.0821996935392246,0.0079257942127228,0.0572468681466814,0.0003018108611156,0.9669280659085251,0.03307193409147483,0
832,2025-02-14 00:00:00-05:00,602.8604346504824,603.8982352451526,602.0005375583223,602.6232299804688,26910400,-4.932333599934551e-05,0.0029509340724292,0.0013401680088476,0.0003901153755897,0.0281435281858008,0.0245772686621516,61.38906552758537,0.4107738087909092,0.0062666873760075,0.0068638563176532,0.007933498254173,0.0011383275755177,0.0100599922089762,-8.213331928998733e-05,-0.0417339551087804,597.0467864990235,591.5377819824218,557.394380645752,1.0811433536203183,0.0091417061980504,0.0566579574733228,0.0002655321952088,0.9805390708209314,0.019460929179068557,1
833,2025-02-18 00:00:00-05:00,603.7896117473091,604.3925170898438,601.3186288745633,604.3925170898438,26749000,0.0029316740579049,0.0021836206147193,0.0015714430033949,0.0004289423581623,0.0330003030712944,0.0270233685642309,58.29954572393722,0.5697243009257833,0.0055963305056853,0.0068300736867642,0.0079399560162861,0.001114868828803,0.0094453200958454,0.0,-0.0417339551087804,597.7342102050782,591.7276672363281,557.9593836975098,1.0832195581775663,0.0099381491314148,0.0558714454331978,0.0003141753885712,0.9821073840502673,0.01789261594973287,1
834,2025-02-19 00:00:00-05:00,602.9988995994843,606.1123017730542,602.4849158656623,605.8157958984375,31011100,0.0023521231006388,0.0025019821448152,0.001207734900281,0.0005686696530315,0.0253624329059023,0.0358261881409875,63.65420311305761,0.7047049275547224,0.0053799292578363,0.0065572770604596,0.0078942599553317,0.0010513891905522,0.0092331653105438,0.0,-0.0417339551087804,598.2224792480469,591.8721374511719,558.5394812011718,1.0846427446732954,0.0104822981504754,0.0550211078609579,0.0002384721821746,0.9894946666969614,0.010505333303038716,0
835,2025-02-20 00:00:00-05:00,604.4419196559093,604.5803091740476,599.9744236813096,603.29541015625,36554000,-0.004168995176016,0.0023135420384871,0.0005753202400953,0.0007071228307285,0.012081725042003,0.0445487383358973,56.6683065932761,0.5643041757767318,0.005626478122528,0.0063952916119919,0.007729144164298,0.0009207275152228,0.0092752450697611,-0.0041603169796022,-0.0417339551087804,598.4171905517578,591.9859033203124,559.0840702819825,1.0790781605563702,0.0106602621587651,0.0545368528989945,0.0001885740670745,0.9928912145109786,0.007108785489021477,0
836,2025-02-21 00:00:00-05:00,603.0779731626286,603.2163626901448,592.5120473575615,592.9766235351562,76519800,-0.0172519999836159,-0.0032373042674175,-0.0005131501327668,0.0003683757918262,-0.0107761527881038,0.0232076748850541,48.01103326442987,-0.2403021385224253,0.0079554883621419,0.0073675701889129,0.0080399434855139,0.0009213032159734,0.0096747640496879,-0.0211931951101415,-0.0417339551087804,597.9323852539062,591.8706335449219,559.5464256286621,1.0597451728316103,0.0102225812424878,0.0545117743825249,0.0001943917699542,0.9825988155905903,0.01740118440940955,0
837,2025-02-24 00:00:00-05:00,595.0323661026961,596.0306526731238,589.5665239207386,590.2781982421875,50737200,-0.0045610293256297,-0.0041396454653435,-0.0009895411437682,0.0002380599356403,-0.0207803640191337,0.0149977759453404,49.39041438380102,-0.9321794844762524,0.0075535738124761,0.0072861626665882,0.0080524393945708,0.0009175773437215,0.0091460907885915,-0.0256473960590734,-0.0417339551087804,597.4006286621094,591.7630615234375,559.9694459533691,1.0541257250870475,0.0095506951729883,0.0538620868342212,0.0001822395301143,0.9753308305232399,0.02466916947675999,0
838,2025-02-25 00:00:00-05:00,590.2190314712642,590.9504327968516,582.7171004383193,587.3427734375,58266500,-0.0049853576914497,-0.0057230518152145,-0.0010877201949761,0.0001535517394869,-0.0228421240944983,0.0096737595876798,41.60361983482441,-1.5301312728041934,0.0071861491026842,0.0073273012831337,0.0080792590098433,0.0009163224638717,0.0095896754333371,-0.03049280422532,-0.0417339551087804,597.1471069335937,591.6338195800781,560.3749990844726,1.0481245137579065,0.0093868310003174,0.0532207458902732,0.0002200451749886,0.9646994628902065,0.0353005371097935,1
839,2025-02-26 00:00:00-05:00,589.0130409225576,592.620699550235,584.9902741209554,587.63916015625,43321600,0.0005044957995732,-0.0060925772754276,-0.0003852995992334,7.657797561994325e-05,-0.0080912915839032,0.0048244124640563,38.68088289662184,-1.8281325804309028,0.0071765906973822,0.006681360477004,0.0080519695867632,0.0009064463633247,0.0098167169730438,-0.0300035685190927,-0.0417339551087804,596.6538940429688,591.4186975097656,560.7817897033691,1.0478927293040086,0.0089088625948807,0.0521355789124916,0.0003660785136499,0.9562335241017571,0.04376647589824298,0
840,2025-02-27 00:00:00-05:00,589.9224264999975,591.0788899188873,577.8640783507352,578.2593994140625,74196700,-0.0160905304096944,-0.0084768843221633,-0.0015589261108709,-0.0002279512574639,-0.03273744832829,-0.0143609292202281,28.79356350485581,-2.5358514585591703,0.0084937101875032,0.0071784409580428,0.008295105869483,0.0008658685062252,0.0111419058516814,-0.045486427839849,-0.045486427839849,595.8256225585938,591.0776440429687,561.1270956420899,1.0305319488312508,0.0082108107891304,0.0517943131252635,0.0005897932089689,0.924731243731138,0.07526875626886198,1
841,2025-02-28 00:00:00-05:00,578.7635029554216,587.8171578604871,575.6797210871997,587.283447265625,88744100,0.0154850217587478,-0.0019294799736905,-0.0006075895075777,-3.5908520364164216e-05,-0.0127593796591317,-0.0022622367829422,43.86744420717762,-2.283005791063287,0.0094692770341638,0.0080420193915771,0.0085172078917518,0.0008023846279947,0.0114755937867122,-0.0305907319655286,-0.045486427839849,595.2889251708984,590.9194372558594,561.5142420959472,1.045892344731079,0.0074401686875106,0.0500698517842141,0.0002693874445906,0.9831719988058638,0.016828001194136154,0
842,2025-03-03 00:00:00-05:00,589.2601945949107,590.4067643806418,573.1691862018861,576.9942626953125,74249200,-0.0176752545465686,-0.0045523250178783,-0.0017041675745716,-0.0003991328948617,-0.0357875190660042,-0.0251453723762896,32.45088946969058,-2.668673405224875,0.0105265818538097,0.0087292820451794,0.0087740388347937,0.0007861884931898,0.0132353969676207,-0.0475747469746675,-0.0475747469746675,594.3968994140625,590.5046166992188,561.8496003723144,1.0269550112929908,0.0067457910182013,0.0496625671684294,0.0007189335899162,0.9572618843777138,0.04273811562228627,0
843,2025-03-04 00:00:00-05:00,572.9814465763258,578.5955127414016,565.608011549554,570.1644897460938,109648200,-0.0119074254232362,-0.0059367385642356,-0.0020170849985018,-0.0005399688076756,-0.0423587849685396,-0.0340180348835683,28.61220127923376,-3.207477426302065,0.0104321697707085,0.0089801618641237,0.008887502665672,0.0008105114335162,0.0145962631793785,-0.0588484261944212,-0.0588484261944212,593.3635345458985,590.0024548339844,562.1391114807129,1.014276498648602,0.0058949299234871,0.048868955984403,0.0008807315682847,0.9440088995394418,0.0559911004605582,0
